classifier,score,time
SVC,0.8891509433962265,0.09662580490112305
SGDClassifier,0.8985849056603774,0.005028247833251953
RidgeClassifierCV,0.8797169811320755,0.10440993309020996
RidgeClassifier,0.8832547169811321,0.0014858245849609375
Perceptron,0.7747641509433962,0.005961894989013672
PassiveAggressiveClassifier,0.8891509433962265,0.002835988998413086
LogisticRegressionCV,0.8867924528301887,0.3301689624786377
LogisticRegression,0.8891509433962265,0.014211893081665039
LinearSVC,0.8903301886792453,0.003988981246948242
RandomForestClassifier,0.9091981132075472,0.3342750072479248
HistGradientBoostingClassifier,0.9091981132075472,0.5262150764465332
GradientBoostingClassifier,0.9186320754716981,0.3570899963378906
ExtraTreesClassifier,0.8915094339622641,0.15855789184570312
AdaBoostClassifier,0.9044811320754716,0.1707441806793213
XGBClassifier,0.9044811320754716,0.06673312187194824
LGBMClassifier,0.9056603773584906,0.3910048007965088
CatBoostClassifier,0.9186320754716981,0.19228792190551758
RadiusNeighborsClassifier,0.7382075471698113,0.00074005126953125
KNeighborsClassifier,0.8561320754716981,0.00074005126953125
NearestCentroid,0.6120283018867925,0.0007190704345703125
QuadraticDiscriminantAnalysis,0.7747641509433962,0.0019609928131103516
LinearDiscriminantAnalysis,0.8808962264150944,0.01627516746520996
GaussianNB,0.7476415094339622,0.002403736114501953
BernoulliNB,0.7417452830188679,0.0054128170013427734
MLPClassifier,0.9139150943396226,1.97330904006958
ExtraTreeClassifier,0.8219339622641509,0.0020699501037597656
DecisionTreeClassifier,0.8679245283018868,0.017534971237182617
LabelSpreading,0.8089622641509434,0.2258608341217041
LabelPropagation,0.8195754716981132,0.11533403396606445
DummyClassifier,0.7004716981132075,0.0001850128173828125
