classifier,score,time
SVC,0.7868852459016393,0.0016410350799560547
SGDClassifier,0.7704918032786885,0.0009942054748535156
RidgeClassifierCV,0.8360655737704918,0.0013930797576904297
RidgeClassifier,0.8360655737704918,0.0008859634399414062
Perceptron,0.7377049180327869,0.0007319450378417969
PassiveAggressiveClassifier,0.7704918032786885,0.0006630420684814453
LogisticRegressionCV,0.8032786885245902,0.03285503387451172
LogisticRegression,0.8032786885245902,0.0012159347534179688
LinearSVC,0.8032786885245902,0.0007681846618652344
RandomForestClassifier,0.8032786885245902,0.04671287536621094
HistGradientBoostingClassifier,0.8032786885245902,0.2453320026397705
GradientBoostingClassifier,0.8032786885245902,0.0514678955078125
ExtraTreesClassifier,0.7868852459016393,0.036583900451660156
AdaBoostClassifier,0.8032786885245902,0.05613899230957031
XGBClassifier,0.7868852459016393,0.06795907020568848
LGBMClassifier,0.7868852459016393,0.18347597122192383
CatBoostClassifier,0.819672131147541,0.1559159755706787
RadiusNeighborsClassifier,,
KNeighborsClassifier,0.7704918032786885,0.0005357265472412109
NearestCentroid,0.7868852459016393,0.0004730224609375
QuadraticDiscriminantAnalysis,0.5409836065573771,0.00410008430480957
LinearDiscriminantAnalysis,0.819672131147541,0.002691984176635742
GaussianNB,0.7377049180327869,0.0005831718444824219
BernoulliNB,0.819672131147541,0.0007548332214355469
MLPClassifier,0.819672131147541,0.7682569026947021
ExtraTreeClassifier,0.7704918032786885,0.0006897449493408203
DecisionTreeClassifier,0.7540983606557377,0.0009729862213134766
LabelSpreading,0.7868852459016393,0.0013659000396728516
LabelPropagation,0.8032786885245902,0.0008871555328369141
DummyClassifier,0.5409836065573771,8.606910705566406e-05
