classifier,score,time
SVC,1.0,0.0008037090301513672
SGDClassifier,0.9333333333333333,0.0006289482116699219
RidgeClassifierCV,1.0,0.001604318618774414
RidgeClassifier,1.0,0.0009300708770751953
Perceptron,1.0,0.0007188320159912109
PassiveAggressiveClassifier,1.0,0.0006227493286132812
LogisticRegressionCV,1.0,0.04414534568786621
LogisticRegression,1.0,0.001094818115234375
LinearSVC,1.0,0.0006909370422363281
RandomForestClassifier,1.0,0.07055997848510742
HistGradientBoostingClassifier,1.0,0.26520586013793945
GradientBoostingClassifier,1.0,0.01952195167541504
ExtraTreesClassifier,1.0,0.028769969940185547
AdaBoostClassifier,1.0,0.0016357898712158203
XGBClassifier,1.0,0.07559800148010254
LGBMClassifier,1.0,0.03942608833312988
CatBoostClassifier,1.0,0.053153038024902344
RadiusNeighborsClassifier,,
KNeighborsClassifier,1.0,0.0005753040313720703
NearestCentroid,1.0,0.0005266666412353516
QuadraticDiscriminantAnalysis,0.8666666666666667,0.0008227825164794922
LinearDiscriminantAnalysis,1.0,0.05935788154602051
GaussianNB,0.9333333333333333,0.0017981529235839844
BernoulliNB,0.9333333333333333,0.0022993087768554688
MLPClassifier,1.0,1.0639359951019287
ExtraTreeClassifier,1.0,0.0020647048950195312
DecisionTreeClassifier,1.0,0.008032083511352539
LabelSpreading,0.8666666666666667,0.0007350444793701172
LabelPropagation,0.8666666666666667,0.0005869865417480469
DummyClassifier,0.6666666666666666,0.0001049041748046875
