classifier,score,time
SVC,0.9259259259259259,0.006344795227050781
SGDClassifier,0.9629629629629629,0.007501840591430664
RidgeClassifierCV,1.0,0.5873010158538818
RidgeClassifier,1.0,0.03938889503479004
Perceptron,1.0,0.01834893226623535
PassiveAggressiveClassifier,0.9629629629629629,0.027438879013061523
LogisticRegressionCV,1.0,1.898608922958374
LogisticRegression,1.0,0.1277618408203125
LinearSVC,1.0,0.12732744216918945
RandomForestClassifier,1.0,0.15577030181884766
HistGradientBoostingClassifier,0.8888888888888888,0.774975061416626
GradientBoostingClassifier,1.0,1.2660081386566162
ExtraTreesClassifier,1.0,0.05135512351989746
AdaBoostClassifier,1.0,0.020708084106445312
XGBClassifier,1.0,0.3566930294036865
LGBMClassifier,,
CatBoostClassifier,1.0,3.488752841949463
RadiusNeighborsClassifier,,
KNeighborsClassifier,0.8888888888888888,0.006001949310302734
NearestCentroid,0.8888888888888888,0.0045871734619140625
QuadraticDiscriminantAnalysis,0.9259259259259259,0.1568279266357422
LinearDiscriminantAnalysis,1.0,0.5662009716033936
GaussianNB,1.0,0.014539957046508789
BernoulliNB,0.9629629629629629,0.07524704933166504
MLPClassifier,0.9629629629629629,6.555213928222656
ExtraTreeClassifier,0.8888888888888888,0.004548072814941406
DecisionTreeClassifier,1.0,0.03201580047607422
LabelSpreading,0.7407407407407407,0.011899232864379883
LabelPropagation,0.7407407407407407,0.035163164138793945
DummyClassifier,0.9259259259259259,0.0007758140563964844
