classifier,score,time
SVC,,
SGDClassifier,,
RidgeClassifierCV,1.0,0.1425321102142334
RidgeClassifier,1.0,0.04789924621582031
Perceptron,,
PassiveAggressiveClassifier,,
LogisticRegressionCV,,
LogisticRegression,,
LinearSVC,,
RandomForestClassifier,1.0,0.09919905662536621
HistGradientBoostingClassifier,1.0,0.05067801475524902
GradientBoostingClassifier,,
ExtraTreesClassifier,1.0,0.02783989906311035
AdaBoostClassifier,1.0,0.0012061595916748047
XGBClassifier,1.0,0.029429912567138672
LGBMClassifier,1.0,0.004491567611694336
CatBoostClassifier,,
RadiusNeighborsClassifier,,
KNeighborsClassifier,1.0,0.0005459785461425781
NearestCentroid,,
QuadraticDiscriminantAnalysis,,
LinearDiscriminantAnalysis,1.0,0.0016999244689941406
GaussianNB,1.0,0.0005707740783691406
BernoulliNB,1.0,0.018230915069580078
MLPClassifier,1.0,0.3350400924682617
ExtraTreeClassifier,1.0,0.0008990764617919922
DecisionTreeClassifier,1.0,0.00048422813415527344
LabelSpreading,1.0,0.002704143524169922
LabelPropagation,1.0,0.0027267932891845703
DummyClassifier,1.0,9.799003601074219e-05
