classifier,score,time
SVC,0.85,0.0025091171264648438
SGDClassifier,0.8,0.0013339519500732422
RidgeClassifierCV,0.85,0.0017960071563720703
RidgeClassifier,0.8666666666666667,0.0012497901916503906
Perceptron,0.45,0.0010879039764404297
PassiveAggressiveClassifier,0.8666666666666667,0.0010399818420410156
LogisticRegressionCV,0.8166666666666667,0.08727884292602539
LogisticRegression,0.8333333333333334,0.002767801284790039
LinearSVC,0.8666666666666667,0.0011401176452636719
RandomForestClassifier,0.8,0.1246957778930664
HistGradientBoostingClassifier,0.8,0.40677809715270996
GradientBoostingClassifier,0.8166666666666667,0.08060884475708008
ExtraTreesClassifier,0.8333333333333334,0.06010699272155762
AdaBoostClassifier,0.7666666666666667,0.08878183364868164
XGBClassifier,0.7666666666666667,0.12565970420837402
LGBMClassifier,0.8,0.19965481758117676
CatBoostClassifier,0.8666666666666667,0.1238701343536377
RadiusNeighborsClassifier,,
KNeighborsClassifier,0.8666666666666667,0.0007100105285644531
NearestCentroid,0.8166666666666667,0.0006849765777587891
QuadraticDiscriminantAnalysis,0.75,0.0010857582092285156
LinearDiscriminantAnalysis,0.8666666666666667,0.0012700557708740234
GaussianNB,0.85,0.0007722377777099609
BernoulliNB,0.7833333333333333,0.0009458065032958984
MLPClassifier,0.8666666666666667,8.967769145965576
ExtraTreeClassifier,0.8,0.000993967056274414
DecisionTreeClassifier,0.7666666666666667,0.0015130043029785156
LabelSpreading,0.8,0.007146120071411133
LabelPropagation,0.8,0.0066258907318115234
DummyClassifier,0.5666666666666667,0.00017404556274414062
