classifier,score,time
SVC,0.9166666666666666,0.0009388923645019531
SGDClassifier,0.9,0.002285003662109375
RidgeClassifierCV,0.9166666666666666,0.0026700496673583984
RidgeClassifier,0.9166666666666666,0.0009291172027587891
Perceptron,0.9,0.0008180141448974609
PassiveAggressiveClassifier,0.9166666666666666,0.0007059574127197266
LogisticRegressionCV,0.9166666666666666,0.03715825080871582
LogisticRegression,0.9166666666666666,0.0013740062713623047
LinearSVC,0.9,0.0007188320159912109
RandomForestClassifier,0.9166666666666666,0.043335914611816406
HistGradientBoostingClassifier,0.9,0.24099206924438477
GradientBoostingClassifier,0.8833333333333333,0.05314898490905762
ExtraTreesClassifier,0.9166666666666666,0.03252410888671875
AdaBoostClassifier,0.9166666666666666,0.0562291145324707
XGBClassifier,0.8833333333333333,0.06486082077026367
LGBMClassifier,0.8833333333333333,0.13928008079528809
CatBoostClassifier,0.9166666666666666,0.10778093338012695
RadiusNeighborsClassifier,,
KNeighborsClassifier,0.9166666666666666,0.0005791187286376953
NearestCentroid,0.7333333333333333,0.0019121170043945312
QuadraticDiscriminantAnalysis,0.9166666666666666,0.0009279251098632812
LinearDiscriminantAnalysis,0.9,0.0010089874267578125
GaussianNB,0.7333333333333333,0.0005822181701660156
BernoulliNB,0.8833333333333333,0.0007157325744628906
MLPClassifier,0.9166666666666666,4.379410982131958
ExtraTreeClassifier,0.8833333333333333,0.0015342235565185547
DecisionTreeClassifier,0.9166666666666666,0.0007650852203369141
LabelSpreading,0.9,0.0012199878692626953
LabelPropagation,0.9,0.0011570453643798828
DummyClassifier,0.9166666666666666,8.678436279296875e-05
