classifier,score,time
SVC,0.8529411764705882,0.0109100341796875
SGDClassifier,0.7605042016806722,0.002185344696044922
RidgeClassifierCV,0.8445378151260504,0.1448047161102295
RidgeClassifier,0.8445378151260504,0.01801609992980957
Perceptron,0.5504201680672269,0.020819902420043945
PassiveAggressiveClassifier,0.726890756302521,0.0026328563690185547
LogisticRegressionCV,0.8487394957983193,0.19443821907043457
LogisticRegression,0.8445378151260504,0.003059864044189453
LinearSVC,0.8487394957983193,0.0014231204986572266
RandomForestClassifier,0.9159663865546218,0.09570503234863281
HistGradientBoostingClassifier,0.9201680672268907,0.6333191394805908
GradientBoostingClassifier,0.8865546218487395,0.10307908058166504
ExtraTreesClassifier,0.9117647058823529,0.06067323684692383
AdaBoostClassifier,0.8319327731092437,0.0770728588104248
XGBClassifier,0.9243697478991597,0.05368304252624512
LGBMClassifier,0.9285714285714286,0.35883069038391113
CatBoostClassifier,0.8865546218487395,0.16656494140625
RadiusNeighborsClassifier,,
KNeighborsClassifier,0.8361344537815126,0.0013959407806396484
NearestCentroid,0.8571428571428571,0.0005898475646972656
QuadraticDiscriminantAnalysis,0.4789915966386555,0.002816915512084961
LinearDiscriminantAnalysis,0.8445378151260504,0.009551048278808594
GaussianNB,0.7689075630252101,0.0006427764892578125
BernoulliNB,0.8571428571428571,0.000858306884765625
MLPClassifier,0.8739495798319328,3.304023265838623
ExtraTreeClassifier,0.907563025210084,0.0008780956268310547
DecisionTreeClassifier,0.8991596638655462,0.0024521350860595703
LabelSpreading,0.8739495798319328,0.022288084030151367
LabelPropagation,0.8781512605042017,0.012634992599487305
DummyClassifier,0.4831932773109244,0.000125885009765625
