classifier,score,time
SVC,0.8333333333333334,0.0014820098876953125
SGDClassifier,0.9074074074074074,0.0008211135864257812
RidgeClassifierCV,0.9074074074074074,0.0013208389282226562
RidgeClassifier,0.8888888888888888,0.0008401870727539062
Perceptron,0.8888888888888888,0.0007460117340087891
PassiveAggressiveClassifier,0.5555555555555556,0.0006401538848876953
LogisticRegressionCV,0.8703703703703703,0.03096604347229004
LogisticRegression,0.8888888888888888,0.0014300346374511719
LinearSVC,0.9074074074074074,0.0007319450378417969
RandomForestClassifier,0.8333333333333334,0.04615974426269531
HistGradientBoostingClassifier,0.8333333333333334,0.2834029197692871
GradientBoostingClassifier,0.8518518518518519,0.049637794494628906
ExtraTreesClassifier,0.7962962962962963,0.03608393669128418
AdaBoostClassifier,0.7962962962962963,0.05441117286682129
XGBClassifier,0.8333333333333334,0.09336972236633301
LGBMClassifier,0.8703703703703703,0.1525559425354004
CatBoostClassifier,0.8518518518518519,0.15492796897888184
RadiusNeighborsClassifier,,
KNeighborsClassifier,0.8518518518518519,0.0005130767822265625
NearestCentroid,0.8518518518518519,0.0005161762237548828
QuadraticDiscriminantAnalysis,0.6111111111111112,0.0010008811950683594
LinearDiscriminantAnalysis,0.9074074074074074,0.0009198188781738281
GaussianNB,0.7037037037037037,0.0005428791046142578
BernoulliNB,0.8518518518518519,0.000720977783203125
MLPClassifier,0.8333333333333334,1.2499110698699951
ExtraTreeClassifier,0.7407407407407407,0.0006380081176757812
DecisionTreeClassifier,0.7592592592592593,0.0009090900421142578
LabelSpreading,0.7407407407407407,0.00208282470703125
LabelPropagation,0.7407407407407407,0.0007948875427246094
DummyClassifier,0.5925925925925926,8.392333984375e-05
