classifier,score,time
SVC,,
SGDClassifier,,
RidgeClassifierCV,1.0,0.31192445755004883
RidgeClassifier,1.0,0.0013821125030517578
Perceptron,,
PassiveAggressiveClassifier,,
LogisticRegressionCV,,
LogisticRegression,,
LinearSVC,,
RandomForestClassifier,1.0,0.07148003578186035
HistGradientBoostingClassifier,1.0,0.21173906326293945
GradientBoostingClassifier,,
ExtraTreesClassifier,1.0,0.027745962142944336
AdaBoostClassifier,1.0,0.0010690689086914062
XGBClassifier,1.0,0.03498482704162598
LGBMClassifier,1.0,0.006558895111083984
CatBoostClassifier,,
RadiusNeighborsClassifier,,
KNeighborsClassifier,1.0,0.0008280277252197266
NearestCentroid,,
QuadraticDiscriminantAnalysis,,
LinearDiscriminantAnalysis,1.0,0.004360198974609375
GaussianNB,1.0,0.0027189254760742188
BernoulliNB,1.0,0.018180131912231445
MLPClassifier,1.0,1.4434852600097656
ExtraTreeClassifier,1.0,0.0005962848663330078
DecisionTreeClassifier,1.0,0.0007269382476806641
LabelSpreading,1.0,0.01834583282470703
LabelPropagation,1.0,0.006426811218261719
DummyClassifier,1.0,0.0003032684326171875
