classifier,score,time
SVC,0.8561320754716981,0.22273898124694824
SGDClassifier,0.8561320754716981,0.013802051544189453
RidgeClassifierCV,0.8584905660377359,0.28273487091064453
RidgeClassifier,0.8584905660377359,0.03683876991271973
Perceptron,0.8549528301886793,0.005977153778076172
PassiveAggressiveClassifier,0.5377358490566038,0.0032529830932617188
LogisticRegressionCV,0.8679245283018868,0.15653610229492188
LogisticRegression,0.8632075471698113,0.02682185173034668
LinearSVC,0.8584905660377359,0.009373903274536133
RandomForestClassifier,0.8608490566037735,0.312100887298584
HistGradientBoostingClassifier,0.8490566037735849,0.6938822269439697
GradientBoostingClassifier,0.8632075471698113,0.38559579849243164
ExtraTreesClassifier,0.8537735849056604,0.17279505729675293
AdaBoostClassifier,0.8573113207547169,0.1832869052886963
XGBClassifier,0.847877358490566,0.09464788436889648
LGBMClassifier,0.8584905660377359,0.39270591735839844
CatBoostClassifier,0.8573113207547169,0.21366405487060547
RadiusNeighborsClassifier,,
KNeighborsClassifier,0.8419811320754716,0.0006988048553466797
NearestCentroid,0.6308962264150944,0.0007719993591308594
QuadraticDiscriminantAnalysis,0.5766509433962265,0.01111602783203125
LinearDiscriminantAnalysis,0.8726415094339622,0.12203097343444824
GaussianNB,0.8419811320754716,0.0010662078857421875
BernoulliNB,0.8419811320754716,0.0013298988342285156
MLPClassifier,0.8632075471698113,3.3740780353546143
ExtraTreeClassifier,0.7830188679245284,0.005237102508544922
DecisionTreeClassifier,0.7712264150943396,0.027202844619750977
LabelSpreading,0.8573113207547169,0.16481423377990723
LabelPropagation,0.8561320754716981,0.14253997802734375
DummyClassifier,0.8561320754716981,0.00017690658569335938
