classifier,score,time
SVC,0.9275,0.026485681533813477
SGDClassifier,0.94,0.006578207015991211
RidgeClassifierCV,0.9425,0.3999018669128418
RidgeClassifier,0.9425,0.004116058349609375
Perceptron,0.94,0.0028350353240966797
PassiveAggressiveClassifier,0.9425,0.015115022659301758
LogisticRegressionCV,0.9675,2.1802852153778076
LogisticRegression,0.9425,0.11498093605041504
LinearSVC,0.945,0.011729001998901367
RandomForestClassifier,0.9975,0.15061688423156738
HistGradientBoostingClassifier,1.0,1.6422600746154785
GradientBoostingClassifier,0.9975,0.23043107986450195
ExtraTreesClassifier,0.97,0.0901021957397461
AdaBoostClassifier,1.0,0.11377906799316406
XGBClassifier,0.9975,0.1116480827331543
LGBMClassifier,1.0,0.36335110664367676
CatBoostClassifier,0.9975,0.15816187858581543
RadiusNeighborsClassifier,,
KNeighborsClassifier,0.9425,0.0008838176727294922
NearestCentroid,0.5925,0.002804994583129883
QuadraticDiscriminantAnalysis,0.3825,0.031010866165161133
LinearDiscriminantAnalysis,0.9475,0.28849220275878906
GaussianNB,0.23,0.00860595703125
BernoulliNB,0.9125,0.0012969970703125
MLPClassifier,0.9625,20.32035493850708
ExtraTreeClassifier,0.9575,0.001344919204711914
DecisionTreeClassifier,1.0,0.0021560192108154297
LabelSpreading,0.9325,0.06174302101135254
LabelPropagation,0.9325,0.04056072235107422
DummyClassifier,0.9275,0.0003859996795654297
