classifier,score,time
SVC,,
SGDClassifier,,
RidgeClassifierCV,1.0,0.06225991249084473
RidgeClassifier,1.0,0.038931846618652344
Perceptron,,
PassiveAggressiveClassifier,,
LogisticRegressionCV,,
LogisticRegression,,
LinearSVC,,
RandomForestClassifier,1.0,0.11172699928283691
HistGradientBoostingClassifier,1.0,0.05233407020568848
GradientBoostingClassifier,,
ExtraTreesClassifier,1.0,0.028056859970092773
AdaBoostClassifier,1.0,0.0012159347534179688
XGBClassifier,1.0,0.029269933700561523
LGBMClassifier,1.0,0.004135847091674805
CatBoostClassifier,,
RadiusNeighborsClassifier,,
KNeighborsClassifier,1.0,0.006363868713378906
NearestCentroid,,
QuadraticDiscriminantAnalysis,,
LinearDiscriminantAnalysis,1.0,0.02268528938293457
GaussianNB,1.0,0.001886129379272461
BernoulliNB,1.0,0.05170917510986328
MLPClassifier,1.0,0.2851860523223877
ExtraTreeClassifier,1.0,0.0015120506286621094
DecisionTreeClassifier,1.0,0.0013287067413330078
LabelSpreading,1.0,0.006342887878417969
LabelPropagation,1.0,0.0057830810546875
DummyClassifier,1.0,0.00027489662170410156
