classifier,score,time
SVC,0.52,0.1753699779510498
SGDClassifier,0.4925,0.011884927749633789
RidgeClassifierCV,0.5275,0.3665900230407715
RidgeClassifier,0.53,0.022612810134887695
Perceptron,0.52,0.005168914794921875
PassiveAggressiveClassifier,0.4875,0.002516031265258789
LogisticRegressionCV,0.525,0.43708205223083496
LogisticRegression,0.5275,0.053312063217163086
LinearSVC,0.5275,0.0024230480194091797
RandomForestClassifier,0.5575,0.23558402061462402
HistGradientBoostingClassifier,0.5275,1.1151111125946045
GradientBoostingClassifier,0.5325,0.24123716354370117
ExtraTreesClassifier,0.525,0.17086410522460938
AdaBoostClassifier,0.51,0.11135101318359375
XGBClassifier,0.5125,0.23044514656066895
LGBMClassifier,0.5475,0.4221222400665283
CatBoostClassifier,0.4775,0.14029192924499512
RadiusNeighborsClassifier,,
KNeighborsClassifier,0.5225,0.0009350776672363281
NearestCentroid,0.5225,0.0008609294891357422
QuadraticDiscriminantAnalysis,0.4625,0.017672061920166016
LinearDiscriminantAnalysis,0.5275,0.2698369026184082
GaussianNB,0.525,0.0029811859130859375
BernoulliNB,0.5225,0.003155946731567383
MLPClassifier,0.4975,42.47429800033569
ExtraTreeClassifier,0.5725,0.0025742053985595703
DecisionTreeClassifier,0.5475,0.008965730667114258
LabelSpreading,0.5275,0.06524109840393066
LabelPropagation,0.53,0.04144096374511719
DummyClassifier,0.515,0.00046896934509277344
