classifier,score,time
SVC,0.6475,2.5331521034240723
SGDClassifier,0.6375,0.3614530563354492
RidgeClassifierCV,0.65,2.847407102584839
RidgeClassifier,0.6275,0.5725357532501221
Perceptron,0.595,0.3516807556152344
PassiveAggressiveClassifier,0.6125,1.0704431533813477
LogisticRegressionCV,0.6475,5.999194145202637
LogisticRegression,0.6425,0.3659372329711914
LinearSVC,0.62,0.08492898941040039
RandomForestClassifier,0.6475,0.9109659194946289
HistGradientBoostingClassifier,0.6325,9.251686096191406
GradientBoostingClassifier,0.6475,2.8172221183776855
ExtraTreesClassifier,0.65,1.0864307880401611
AdaBoostClassifier,0.615,1.903451919555664
XGBClassifier,0.5925,1.1855707168579102
LGBMClassifier,0.615,0.4278278350830078
CatBoostClassifier,0.63,0.4668269157409668
RadiusNeighborsClassifier,,
KNeighborsClassifier,0.6025,0.025074005126953125
NearestCentroid,0.495,0.024780988693237305
QuadraticDiscriminantAnalysis,0.565,9.162216186523438
LinearDiscriminantAnalysis,0.6475,10.44000506401062
GaussianNB,0.3875,0.10767221450805664
BernoulliNB,0.6475,0.08997774124145508
MLPClassifier,0.55,34.405436992645264
ExtraTreeClassifier,0.585,0.04305219650268555
DecisionTreeClassifier,0.5375,0.1263597011566162
LabelSpreading,0.495,0.2427370548248291
LabelPropagation,0.495,0.21764469146728516
DummyClassifier,0.6475,0.0003540515899658203
