classifier,score,time
SVC,0.9560975609756097,0.010169267654418945
SGDClassifier,0.8975609756097561,0.0026988983154296875
RidgeClassifierCV,0.9170731707317074,0.18064284324645996
RidgeClassifier,0.9170731707317074,0.062429189682006836
Perceptron,0.6536585365853659,0.003573894500732422
PassiveAggressiveClassifier,0.8097560975609757,0.0024237632751464844
LogisticRegressionCV,0.9170731707317074,0.5602030754089355
LogisticRegression,0.926829268292683,0.03302192687988281
LinearSVC,0.9170731707317074,0.0016491413116455078
RandomForestClassifier,1.0,0.09901094436645508
HistGradientBoostingClassifier,1.0,0.9410238265991211
GradientBoostingClassifier,0.9853658536585366,0.0979771614074707
ExtraTreesClassifier,1.0,0.050076961517333984
AdaBoostClassifier,0.9560975609756097,0.07575798034667969
XGBClassifier,1.0,0.10408616065979004
LGBMClassifier,1.0,0.3531339168548584
CatBoostClassifier,1.0,0.10525894165039062
RadiusNeighborsClassifier,0.9365853658536586,0.0007109642028808594
KNeighborsClassifier,0.8829268292682927,0.0005540847778320312
NearestCentroid,0.8926829268292683,0.0005958080291748047
QuadraticDiscriminantAnalysis,0.8585365853658536,0.02942514419555664
LinearDiscriminantAnalysis,0.9219512195121952,0.2888917922973633
GaussianNB,0.8926829268292683,0.0028798580169677734
BernoulliNB,0.8878048780487805,0.006778717041015625
MLPClassifier,0.9853658536585366,12.378427982330322
ExtraTreeClassifier,1.0,0.0007910728454589844
DecisionTreeClassifier,0.9853658536585366,0.004518985748291016
LabelSpreading,0.9902439024390244,0.015194892883300781
LabelPropagation,1.0,0.016495943069458008
DummyClassifier,0.4878048780487805,0.00012803077697753906
