classifier,score,time
SVC,0.8781512605042017,0.01199793815612793
SGDClassifier,0.8613445378151261,0.0032341480255126953
RidgeClassifierCV,0.8571428571428571,0.09331798553466797
RidgeClassifier,0.8571428571428571,0.0760960578918457
Perceptron,0.819327731092437,0.0011332035064697266
PassiveAggressiveClassifier,0.7773109243697479,0.0011029243469238281
LogisticRegressionCV,0.8529411764705882,0.5484647750854492
LogisticRegression,0.8529411764705882,0.036509037017822266
LinearSVC,0.8529411764705882,0.004181861877441406
RandomForestClassifier,0.9159663865546218,0.12640881538391113
HistGradientBoostingClassifier,0.9285714285714286,1.0244810581207275
GradientBoostingClassifier,0.907563025210084,0.10338497161865234
ExtraTreesClassifier,0.9201680672268907,0.05999493598937988
AdaBoostClassifier,0.8487394957983193,0.07793116569519043
XGBClassifier,0.9159663865546218,0.1639869213104248
LGBMClassifier,0.9159663865546218,0.3704848289489746
CatBoostClassifier,0.9117647058823529,0.10741305351257324
RadiusNeighborsClassifier,,
KNeighborsClassifier,0.8949579831932774,0.0005869865417480469
NearestCentroid,0.8487394957983193,0.000621795654296875
QuadraticDiscriminantAnalysis,0.5210084033613446,0.006610870361328125
LinearDiscriminantAnalysis,0.8571428571428571,0.015124797821044922
GaussianNB,0.8445378151260504,0.0013270378112792969
BernoulliNB,0.865546218487395,0.0008289813995361328
MLPClassifier,0.8949579831932774,29.73284912109375
ExtraTreeClassifier,0.8949579831932774,0.0008902549743652344
DecisionTreeClassifier,0.9033613445378151,0.0041599273681640625
LabelSpreading,0.8865546218487395,0.03129410743713379
LabelPropagation,0.8781512605042017,0.007443904876708984
DummyClassifier,0.5588235294117647,0.0001289844512939453
