classifier,score,time
SVC,0.7196969696969697,0.014191865921020508
SGDClassifier,0.7537878787878788,0.002682924270629883
RidgeClassifierCV,0.7121212121212122,0.03988766670227051
RidgeClassifier,0.7121212121212122,0.007457733154296875
Perceptron,0.7310606060606061,0.0014767646789550781
PassiveAggressiveClassifier,0.696969696969697,0.0015528202056884766
LogisticRegressionCV,0.9015151515151515,0.16488194465637207
LogisticRegression,0.7310606060606061,0.04579496383666992
LinearSVC,0.7613636363636364,0.0035130977630615234
RandomForestClassifier,0.9848484848484849,0.11037182807922363
HistGradientBoostingClassifier,0.9810606060606061,0.6508069038391113
GradientBoostingClassifier,0.9810606060606061,0.12308311462402344
ExtraTreesClassifier,0.9659090909090909,0.06887602806091309
AdaBoostClassifier,0.9810606060606061,0.08423709869384766
XGBClassifier,0.9848484848484849,0.04574990272521973
LGBMClassifier,0.9810606060606061,0.326948881149292
CatBoostClassifier,0.9886363636363636,0.1130208969116211
RadiusNeighborsClassifier,0.6439393939393939,0.000885009765625
KNeighborsClassifier,0.7007575757575758,0.0006079673767089844
NearestCentroid,0.6136363636363636,0.0005109310150146484
QuadraticDiscriminantAnalysis,0.7992424242424242,0.0008640289306640625
LinearDiscriminantAnalysis,0.7159090909090909,0.0017499923706054688
GaussianNB,0.7954545454545454,0.0005562305450439453
BernoulliNB,0.6136363636363636,0.0007543563842773438
MLPClassifier,0.8560606060606061,2.2913970947265625
ExtraTreeClassifier,0.8787878787878788,0.002054929733276367
DecisionTreeClassifier,0.9772727272727273,0.0035080909729003906
LabelSpreading,0.6477272727272727,0.03105783462524414
LabelPropagation,0.6628787878787878,0.010613203048706055
DummyClassifier,0.6439393939393939,0.00012111663818359375
