classifier,score,time
SVC,0.9649122807017544,0.0021109580993652344
SGDClassifier,0.956140350877193,0.00110626220703125
RidgeClassifierCV,0.9473684210526315,0.26257896423339844
RidgeClassifier,0.956140350877193,0.006269931793212891
Perceptron,0.9385964912280702,0.0016040802001953125
PassiveAggressiveClassifier,0.956140350877193,0.0009038448333740234
LogisticRegressionCV,0.956140350877193,0.09899401664733887
LogisticRegression,0.9649122807017544,0.0033550262451171875
LinearSVC,0.9385964912280702,0.0031189918518066406
RandomForestClassifier,0.9736842105263158,0.11501789093017578
HistGradientBoostingClassifier,0.9649122807017544,0.5091392993927002
GradientBoostingClassifier,0.9824561403508771,0.30829477310180664
ExtraTreesClassifier,0.9649122807017544,0.03868699073791504
AdaBoostClassifier,0.956140350877193,0.14052104949951172
XGBClassifier,0.9736842105263158,0.045712947845458984
LGBMClassifier,0.9649122807017544,0.31737375259399414
CatBoostClassifier,0.9736842105263158,0.2058579921722412
RadiusNeighborsClassifier,,
KNeighborsClassifier,0.9736842105263158,0.0005061626434326172
NearestCentroid,0.9473684210526315,0.0005998611450195312
QuadraticDiscriminantAnalysis,0.9473684210526315,0.05879712104797363
LinearDiscriminantAnalysis,0.9473684210526315,0.26242899894714355
GaussianNB,0.9210526315789473,0.0006420612335205078
BernoulliNB,0.5877192982456141,0.0007612705230712891
MLPClassifier,0.9385964912280702,1.1008529663085938
ExtraTreeClassifier,0.9122807017543859,0.0006420612335205078
DecisionTreeClassifier,0.868421052631579,0.012031078338623047
LabelSpreading,0.9649122807017544,0.002640962600708008
LabelPropagation,0.9649122807017544,0.0017638206481933594
DummyClassifier,0.6052631578947368,9.298324584960938e-05
