classifier,score,time
SVC,0.819672131147541,0.0028450489044189453
SGDClassifier,0.819672131147541,0.0016150474548339844
RidgeClassifierCV,0.8852459016393442,0.41231608390808105
RidgeClassifier,0.8852459016393442,0.04836463928222656
Perceptron,0.8688524590163934,0.0034639835357666016
PassiveAggressiveClassifier,0.8524590163934426,0.008293867111206055
LogisticRegressionCV,0.8360655737704918,0.8921327590942383
LogisticRegression,0.8360655737704918,0.07764387130737305
LinearSVC,0.8032786885245902,0.001528024673461914
RandomForestClassifier,0.819672131147541,0.10045170783996582
HistGradientBoostingClassifier,0.8688524590163934,0.45972776412963867
GradientBoostingClassifier,0.7868852459016393,0.10584187507629395
ExtraTreesClassifier,0.8032786885245902,0.040483951568603516
AdaBoostClassifier,0.8032786885245902,0.07759904861450195
XGBClassifier,0.8524590163934426,0.12341094017028809
LGBMClassifier,0.7868852459016393,0.1858968734741211
CatBoostClassifier,0.8688524590163934,0.1789078712463379
RadiusNeighborsClassifier,,
KNeighborsClassifier,0.7213114754098361,0.0007381439208984375
NearestCentroid,0.8032786885245902,0.0006520748138427734
QuadraticDiscriminantAnalysis,0.6721311475409836,0.010265111923217773
LinearDiscriminantAnalysis,0.8360655737704918,0.26921772956848145
GaussianNB,0.5573770491803278,0.0007832050323486328
BernoulliNB,0.8360655737704918,0.0009217262268066406
MLPClassifier,0.8688524590163934,9.040948867797852
ExtraTreeClassifier,0.7049180327868853,0.0008630752563476562
DecisionTreeClassifier,0.7377049180327869,0.002313852310180664
LabelSpreading,0.8360655737704918,0.004686832427978516
LabelPropagation,0.8360655737704918,0.010082006454467773
DummyClassifier,0.7049180327868853,0.0004379749298095703
