classifier,score,time
SVC,,
SGDClassifier,,
RidgeClassifierCV,1.0,0.0008788108825683594
RidgeClassifier,1.0,0.0006971359252929688
Perceptron,,
PassiveAggressiveClassifier,,
LogisticRegressionCV,,
LogisticRegression,,
LinearSVC,,
RandomForestClassifier,1.0,0.060086727142333984
HistGradientBoostingClassifier,1.0,0.15257883071899414
GradientBoostingClassifier,,
ExtraTreesClassifier,1.0,0.02720189094543457
AdaBoostClassifier,1.0,0.0010292530059814453
XGBClassifier,,
LGBMClassifier,1.0,0.0022988319396972656
CatBoostClassifier,,
RadiusNeighborsClassifier,,
KNeighborsClassifier,1.0,0.001191854476928711
NearestCentroid,,
QuadraticDiscriminantAnalysis,,
LinearDiscriminantAnalysis,1.0,0.0006389617919921875
GaussianNB,1.0,0.0012981891632080078
BernoulliNB,1.0,0.0005528926849365234
MLPClassifier,1.0,0.01260995864868164
ExtraTreeClassifier,1.0,0.0015323162078857422
DecisionTreeClassifier,1.0,0.0008361339569091797
LabelSpreading,1.0,0.0007498264312744141
LabelPropagation,1.0,0.00047516822814941406
DummyClassifier,1.0,9.083747863769531e-05
