classifier,score,time
SVC,,
SGDClassifier,,
RidgeClassifierCV,1.0,0.0861518383026123
RidgeClassifier,1.0,0.03700900077819824
Perceptron,,
PassiveAggressiveClassifier,,
LogisticRegressionCV,,
LogisticRegression,,
LinearSVC,,
RandomForestClassifier,1.0,0.14221787452697754
HistGradientBoostingClassifier,1.0,0.134552001953125
GradientBoostingClassifier,,
ExtraTreesClassifier,1.0,0.03337907791137695
AdaBoostClassifier,1.0,0.0012400150299072266
XGBClassifier,1.0,0.03937196731567383
LGBMClassifier,1.0,0.005585193634033203
CatBoostClassifier,,
RadiusNeighborsClassifier,,
KNeighborsClassifier,1.0,0.0013570785522460938
NearestCentroid,,
QuadraticDiscriminantAnalysis,,
LinearDiscriminantAnalysis,1.0,0.013167142868041992
GaussianNB,1.0,0.00067901611328125
BernoulliNB,1.0,0.023162841796875
MLPClassifier,1.0,1.1906569004058838
ExtraTreeClassifier,1.0,0.00140380859375
DecisionTreeClassifier,1.0,0.003377199172973633
LabelSpreading,1.0,0.05287909507751465
LabelPropagation,1.0,0.008853912353515625
DummyClassifier,1.0,0.00017905235290527344
