classifier,score,time
SVC,,
SGDClassifier,,
RidgeClassifierCV,1.0,5.480169057846069
RidgeClassifier,1.0,0.6575162410736084
Perceptron,,
PassiveAggressiveClassifier,,
LogisticRegressionCV,,
LogisticRegression,,
LinearSVC,,
RandomForestClassifier,1.0,0.08063697814941406
HistGradientBoostingClassifier,1.0,0.3003690242767334
GradientBoostingClassifier,,
ExtraTreesClassifier,1.0,0.04511094093322754
AdaBoostClassifier,1.0,0.016617774963378906
XGBClassifier,,
LGBMClassifier,1.0,0.0321500301361084
CatBoostClassifier,,
RadiusNeighborsClassifier,,
KNeighborsClassifier,1.0,0.024321794509887695
NearestCentroid,,
QuadraticDiscriminantAnalysis,,
LinearDiscriminantAnalysis,1.0,10.246330976486206
GaussianNB,1.0,0.07955408096313477
BernoulliNB,1.0,0.0470271110534668
MLPClassifier,1.0,15.535444974899292
ExtraTreeClassifier,1.0,0.017377138137817383
DecisionTreeClassifier,1.0,0.013037919998168945
LabelSpreading,1.0,0.1943669319152832
LabelPropagation,1.0,0.16209101676940918
DummyClassifier,1.0,0.00027489662170410156
