classifier,score,time
SVC,0.95,0.004657745361328125
SGDClassifier,0.9428571428571428,0.0017249584197998047
RidgeClassifierCV,0.9571428571428572,0.425922155380249
RidgeClassifier,0.9642857142857143,0.078369140625
Perceptron,0.95,0.0020599365234375
PassiveAggressiveClassifier,0.9357142857142857,0.003992795944213867
LogisticRegressionCV,0.9571428571428572,0.08168721199035645
LogisticRegression,0.9428571428571428,0.0019350051879882812
LinearSVC,0.9571428571428572,0.0032083988189697266
RandomForestClassifier,0.9642857142857143,0.08325886726379395
HistGradientBoostingClassifier,0.95,0.4616260528564453
GradientBoostingClassifier,0.9357142857142857,0.08244895935058594
ExtraTreesClassifier,0.9428571428571428,0.0423731803894043
AdaBoostClassifier,0.95,0.07121396064758301
XGBClassifier,0.9142857142857143,0.05589795112609863
LGBMClassifier,0.95,0.33213329315185547
CatBoostClassifier,0.9214285714285714,0.11316919326782227
RadiusNeighborsClassifier,,
KNeighborsClassifier,0.9428571428571428,0.0014231204986572266
NearestCentroid,0.9428571428571428,0.0007729530334472656
QuadraticDiscriminantAnalysis,0.9428571428571428,0.17578887939453125
LinearDiscriminantAnalysis,0.9571428571428572,0.2717900276184082
GaussianNB,0.9428571428571428,0.0009508132934570312
BernoulliNB,0.9571428571428572,0.00109100341796875
MLPClassifier,0.9642857142857143,0.6458821296691895
ExtraTreeClassifier,0.9,0.0008683204650878906
DecisionTreeClassifier,0.9285714285714286,0.0016429424285888672
LabelSpreading,0.9642857142857143,0.018633127212524414
LabelPropagation,0.9642857142857143,0.0073719024658203125
DummyClassifier,0.6785714285714286,0.00011873245239257812
