classifier,score,time
SVC,0.6557377049180327,0.0015773773193359375
SGDClassifier,0.6229508196721312,0.0008771419525146484
RidgeClassifierCV,0.6557377049180327,0.001129150390625
RidgeClassifier,0.6557377049180327,0.0009310245513916016
Perceptron,0.5573770491803278,0.0006778240203857422
PassiveAggressiveClassifier,0.6065573770491803,0.0005769729614257812
LogisticRegressionCV,0.6557377049180327,0.019824981689453125
LogisticRegression,0.639344262295082,0.0009288787841796875
LinearSVC,0.6721311475409836,0.0005528926849365234
RandomForestClassifier,0.6721311475409836,0.04700899124145508
HistGradientBoostingClassifier,0.7540983606557377,0.21667790412902832
GradientBoostingClassifier,0.7049180327868853,0.03292202949523926
ExtraTreesClassifier,0.639344262295082,0.036313772201538086
AdaBoostClassifier,0.6885245901639344,0.04853415489196777
XGBClassifier,0.7049180327868853,0.0881659984588623
LGBMClassifier,0.7540983606557377,0.16493487358093262
CatBoostClassifier,0.7540983606557377,0.07884502410888672
RadiusNeighborsClassifier,0.6229508196721312,0.001631021499633789
KNeighborsClassifier,0.6229508196721312,0.00046896934509277344
NearestCentroid,0.6229508196721312,0.000431060791015625
QuadraticDiscriminantAnalysis,0.5901639344262295,0.0007781982421875
LinearDiscriminantAnalysis,0.6721311475409836,0.0007631778717041016
GaussianNB,0.5737704918032787,0.0004999637603759766
BernoulliNB,0.639344262295082,0.0006761550903320312
MLPClassifier,0.7213114754098361,0.6563231945037842
ExtraTreeClassifier,0.6885245901639344,0.0005991458892822266
DecisionTreeClassifier,0.6557377049180327,0.0007100105285644531
LabelSpreading,0.6557377049180327,0.00404810905456543
LabelPropagation,0.6557377049180327,0.002599000930786133
DummyClassifier,0.6721311475409836,8.821487426757812e-05
