classifier,score,time
SVC,1.0,0.009352922439575195
SGDClassifier,1.0,0.0022318363189697266
RidgeClassifierCV,1.0,0.4873952865600586
RidgeClassifier,1.0,0.016826152801513672
Perceptron,1.0,0.002441883087158203
PassiveAggressiveClassifier,1.0,0.0024008750915527344
LogisticRegressionCV,1.0,0.13563299179077148
LogisticRegression,1.0,0.002688169479370117
LinearSVC,1.0,0.0026640892028808594
RandomForestClassifier,1.0,0.10401606559753418
HistGradientBoostingClassifier,1.0,0.7046809196472168
GradientBoostingClassifier,1.0,0.14393115043640137
ExtraTreesClassifier,1.0,0.057958126068115234
AdaBoostClassifier,1.0,0.09839105606079102
XGBClassifier,1.0,0.04654097557067871
LGBMClassifier,1.0,0.3765702247619629
CatBoostClassifier,1.0,0.186676025390625
RadiusNeighborsClassifier,,
KNeighborsClassifier,1.0,0.0007791519165039062
NearestCentroid,0.9796380090497737,0.0007541179656982422
QuadraticDiscriminantAnalysis,0.8800904977375565,0.021880149841308594
LinearDiscriminantAnalysis,1.0,0.2724878787994385
GaussianNB,1.0,0.0027778148651123047
BernoulliNB,1.0,0.003200054168701172
MLPClassifier,1.0,0.9450840950012207
ExtraTreeClassifier,1.0,0.0008881092071533203
DecisionTreeClassifier,1.0,0.0017631053924560547
LabelSpreading,1.0,0.0528409481048584
LabelPropagation,1.0,0.03300023078918457
DummyClassifier,0.8416289592760181,0.00015115737915039062
