classifier,score,time
SVC,0.7333333333333333,0.0014750957489013672
SGDClassifier,0.7666666666666667,0.0007429122924804688
RidgeClassifierCV,0.85,0.0011589527130126953
RidgeClassifier,0.85,0.0008001327514648438
Perceptron,0.7833333333333333,0.0006880760192871094
PassiveAggressiveClassifier,0.7666666666666667,0.0005881786346435547
LogisticRegressionCV,0.8333333333333334,0.030733108520507812
LogisticRegression,0.85,0.0015158653259277344
LinearSVC,0.8333333333333334,0.0006389617919921875
RandomForestClassifier,0.85,0.04893803596496582
HistGradientBoostingClassifier,0.85,0.19057822227478027
GradientBoostingClassifier,0.85,0.05335593223571777
ExtraTreesClassifier,0.7833333333333333,0.03809499740600586
AdaBoostClassifier,0.8333333333333334,0.055211782455444336
XGBClassifier,0.85,0.08260107040405273
LGBMClassifier,0.8666666666666667,0.16114139556884766
CatBoostClassifier,0.8666666666666667,0.15634465217590332
RadiusNeighborsClassifier,,
KNeighborsClassifier,0.7333333333333333,0.0006041526794433594
NearestCentroid,0.7166666666666667,0.0019211769104003906
QuadraticDiscriminantAnalysis,0.7,0.0023097991943359375
LinearDiscriminantAnalysis,0.8166666666666667,0.0021169185638427734
GaussianNB,0.6666666666666666,0.0007011890411376953
BernoulliNB,0.6833333333333333,0.0007398128509521484
MLPClassifier,0.7666666666666667,1.008565902709961
ExtraTreeClassifier,0.6833333333333333,0.0006310939788818359
DecisionTreeClassifier,0.7833333333333333,0.0009548664093017578
LabelSpreading,0.7,0.0013659000396728516
LabelPropagation,0.7,0.0008356571197509766
DummyClassifier,0.6833333333333333,8.487701416015625e-05
