classifier,score,time
SVC,0.7589134125636672,0.0781090259552002
SGDClassifier,0.6926994906621392,0.0073049068450927734
RidgeClassifierCV,0.7385398981324278,0.13138794898986816
RidgeClassifier,0.7385398981324278,0.0037109851837158203
Perceptron,0.5619694397283531,0.0014119148254394531
PassiveAggressiveClassifier,0.44142614601018676,0.007179975509643555
LogisticRegressionCV,0.7368421052631579,0.21475672721862793
LogisticRegression,0.7385398981324278,0.004347801208496094
LinearSVC,0.7402376910016978,0.002537965774536133
RandomForestClassifier,0.8794567062818336,0.24201703071594238
HistGradientBoostingClassifier,0.8777589134125636,0.689720869064331
GradientBoostingClassifier,0.7877758913412564,0.21419095993041992
ExtraTreesClassifier,0.8811544991511036,0.1164541244506836
AdaBoostClassifier,0.7470288624787776,0.11767983436584473
XGBClassifier,0.8828522920203735,0.08261823654174805
LGBMClassifier,0.8794567062818336,0.38781213760375977
CatBoostClassifier,0.8098471986417657,0.16396117210388184
RadiusNeighborsClassifier,0.7555178268251274,0.0008749961853027344
KNeighborsClassifier,0.7538200339558574,0.0005519390106201172
NearestCentroid,0.6825127334465195,0.0006330013275146484
QuadraticDiscriminantAnalysis,0.6926994906621392,0.005580902099609375
LinearDiscriminantAnalysis,0.7402376910016978,0.015365123748779297
GaussianNB,0.7317487266553481,0.0008382797241210938
BernoulliNB,0.733446519524618,0.0011210441589355469
MLPClassifier,0.7775891341256367,6.804908037185669
ExtraTreeClassifier,0.7792869269949066,0.0015189647674560547
DecisionTreeClassifier,0.8251273344651953,0.012137889862060547
LabelSpreading,0.7555178268251274,0.10699582099914551
LabelPropagation,0.765704584040747,0.06453084945678711
DummyClassifier,0.5636672325976231,0.00015497207641601562
