classifier,score,time
SVC,0.83,0.08218216896057129
SGDClassifier,0.8325,0.006706953048706055
RidgeClassifierCV,0.8375,0.3081820011138916
RidgeClassifier,0.8375,0.038778066635131836
Perceptron,0.795,0.0017070770263671875
PassiveAggressiveClassifier,0.825,0.005779266357421875
LogisticRegressionCV,0.8425,1.6933088302612305
LogisticRegression,0.8425,0.10083508491516113
LinearSVC,0.8375,0.0036296844482421875
RandomForestClassifier,0.8375,0.2434370517730713
HistGradientBoostingClassifier,0.8175,0.9311919212341309
GradientBoostingClassifier,0.83,0.2148761749267578
ExtraTreesClassifier,0.83,0.09566712379455566
AdaBoostClassifier,0.84,0.1171579360961914
XGBClassifier,0.8075,0.09967684745788574
LGBMClassifier,0.8175,0.38788890838623047
CatBoostClassifier,0.83,0.12513303756713867
RadiusNeighborsClassifier,,
KNeighborsClassifier,0.825,0.0007491111755371094
NearestCentroid,0.6475,0.0010900497436523438
QuadraticDiscriminantAnalysis,0.25,0.009341001510620117
LinearDiscriminantAnalysis,0.8475,0.03886604309082031
GaussianNB,0.8175,0.0023369789123535156
BernoulliNB,0.8125,0.0033066272735595703
MLPClassifier,0.8325,40.392141819000244
ExtraTreeClassifier,0.7875,0.0038399696350097656
DecisionTreeClassifier,0.7575,0.008304119110107422
LabelSpreading,0.8375,0.08522820472717285
LabelPropagation,0.8325,0.049102067947387695
DummyClassifier,0.83,0.0001480579376220703
