classifier,score,time
SVC,0.974025974025974,0.0021359920501708984
SGDClassifier,0.948051948051948,0.0031270980834960938
RidgeClassifierCV,0.974025974025974,0.36646580696105957
RidgeClassifier,0.961038961038961,0.00733494758605957
Perceptron,0.948051948051948,0.0009472370147705078
PassiveAggressiveClassifier,0.974025974025974,0.0013899803161621094
LogisticRegressionCV,0.961038961038961,0.22245097160339355
LogisticRegression,0.961038961038961,0.07770681381225586
LinearSVC,0.948051948051948,0.0008776187896728516
RandomForestClassifier,0.974025974025974,0.07662677764892578
HistGradientBoostingClassifier,0.961038961038961,0.5385630130767822
GradientBoostingClassifier,0.961038961038961,0.04947209358215332
ExtraTreesClassifier,0.974025974025974,0.035567283630371094
AdaBoostClassifier,0.922077922077922,0.05916404724121094
XGBClassifier,0.961038961038961,0.07430505752563477
LGBMClassifier,0.961038961038961,0.23851704597473145
CatBoostClassifier,0.974025974025974,0.10156416893005371
RadiusNeighborsClassifier,,
KNeighborsClassifier,0.974025974025974,0.0005979537963867188
NearestCentroid,0.935064935064935,0.0005629062652587891
QuadraticDiscriminantAnalysis,0.935064935064935,0.017733097076416016
LinearDiscriminantAnalysis,0.961038961038961,0.3164489269256592
GaussianNB,0.935064935064935,0.006526947021484375
BernoulliNB,0.961038961038961,0.002880096435546875
MLPClassifier,0.974025974025974,3.7612931728363037
ExtraTreeClassifier,0.961038961038961,0.0006840229034423828
DecisionTreeClassifier,0.935064935064935,0.0009453296661376953
LabelSpreading,0.948051948051948,0.006777048110961914
LabelPropagation,0.948051948051948,0.004272937774658203
DummyClassifier,0.7402597402597403,0.0003230571746826172
