classifier,score,time
SVC,0.7868852459016393,0.0016930103302001953
SGDClassifier,0.6229508196721312,0.000843048095703125
RidgeClassifierCV,0.8032786885245902,0.0013229846954345703
RidgeClassifier,0.8032786885245902,0.0008518695831298828
Perceptron,0.8032786885245902,0.0022771358489990234
PassiveAggressiveClassifier,0.7868852459016393,0.002093076705932617
LogisticRegressionCV,0.8032786885245902,0.07436394691467285
LogisticRegression,0.7868852459016393,0.0015010833740234375
LinearSVC,0.819672131147541,0.0007789134979248047
RandomForestClassifier,0.8032786885245902,0.07431387901306152
HistGradientBoostingClassifier,0.7868852459016393,0.2973361015319824
GradientBoostingClassifier,0.7540983606557377,0.051749229431152344
ExtraTreesClassifier,0.7704918032786885,0.04153180122375488
AdaBoostClassifier,0.7049180327868853,0.060178279876708984
XGBClassifier,0.8360655737704918,0.0833597183227539
LGBMClassifier,0.7704918032786885,0.1855320930480957
CatBoostClassifier,0.8032786885245902,0.09160590171813965
RadiusNeighborsClassifier,,
KNeighborsClassifier,0.8524590163934426,0.0005257129669189453
NearestCentroid,0.8524590163934426,0.0004773139953613281
QuadraticDiscriminantAnalysis,0.6065573770491803,0.0008361339569091797
LinearDiscriminantAnalysis,0.8032786885245902,0.0009260177612304688
GaussianNB,0.7540983606557377,0.0005376338958740234
BernoulliNB,0.8524590163934426,0.0006930828094482422
MLPClassifier,0.7049180327868853,913.6663868427277
ExtraTreeClassifier,0.8032786885245902,0.002092123031616211
DecisionTreeClassifier,0.6885245901639344,0.002747058868408203
LabelSpreading,0.7540983606557377,0.016489028930664062
LabelPropagation,0.7540983606557377,0.005510091781616211
DummyClassifier,0.5081967213114754,0.00013017654418945312
