classifier,score,time
SVC,0.7333333333333333,0.007356882095336914
SGDClassifier,0.8,0.0009472370147705078
RidgeClassifierCV,0.8333333333333334,0.001432180404663086
RidgeClassifier,0.8333333333333334,0.0010640621185302734
Perceptron,0.7833333333333333,0.0008978843688964844
PassiveAggressiveClassifier,0.6666666666666666,0.0008921623229980469
LogisticRegressionCV,0.8333333333333334,0.0701141357421875
LogisticRegression,0.8166666666666667,0.0021398067474365234
LinearSVC,0.8333333333333334,0.0009059906005859375
RandomForestClassifier,0.8333333333333334,0.10828685760498047
HistGradientBoostingClassifier,0.7666666666666667,0.5406756401062012
GradientBoostingClassifier,0.8333333333333334,0.08072805404663086
ExtraTreesClassifier,0.7666666666666667,0.06273698806762695
AdaBoostClassifier,0.7666666666666667,0.09160017967224121
XGBClassifier,0.8,0.15148329734802246
LGBMClassifier,0.8333333333333334,0.18332791328430176
CatBoostClassifier,0.8166666666666667,0.10949897766113281
RadiusNeighborsClassifier,0.6333333333333333,0.0008766651153564453
KNeighborsClassifier,0.6833333333333333,0.0005698204040527344
NearestCentroid,0.6166666666666667,0.0005462169647216797
QuadraticDiscriminantAnalysis,0.6833333333333333,0.000743865966796875
LinearDiscriminantAnalysis,0.8333333333333334,0.0009019374847412109
GaussianNB,0.7666666666666667,0.0007071495056152344
BernoulliNB,0.6666666666666666,0.0008270740509033203
MLPClassifier,0.8,2.668941020965576
ExtraTreeClassifier,0.6666666666666666,0.0009388923645019531
DecisionTreeClassifier,0.7166666666666667,0.0025408267974853516
LabelSpreading,0.7,0.005328178405761719
LabelPropagation,0.7,0.005834102630615234
DummyClassifier,0.6833333333333333,0.0001442432403564453
