classifier,score,time
SVC,,
SGDClassifier,,
RidgeClassifierCV,1.0,0.2745189666748047
RidgeClassifier,1.0,0.019010066986083984
Perceptron,,
PassiveAggressiveClassifier,,
LogisticRegressionCV,,
LogisticRegression,,
LinearSVC,,
RandomForestClassifier,1.0,0.06619000434875488
HistGradientBoostingClassifier,1.0,0.24161791801452637
GradientBoostingClassifier,,
ExtraTreesClassifier,1.0,0.028088092803955078
AdaBoostClassifier,1.0,0.0010819435119628906
XGBClassifier,1.0,0.03956103324890137
LGBMClassifier,1.0,0.003818988800048828
CatBoostClassifier,,
RadiusNeighborsClassifier,,
KNeighborsClassifier,1.0,0.0007219314575195312
NearestCentroid,,
QuadraticDiscriminantAnalysis,,
LinearDiscriminantAnalysis,1.0,0.02488112449645996
GaussianNB,1.0,0.0013799667358398438
BernoulliNB,1.0,0.0199737548828125
MLPClassifier,1.0,1.083509922027588
ExtraTreeClassifier,1.0,0.0017421245574951172
DecisionTreeClassifier,1.0,0.0026657581329345703
LabelSpreading,1.0,0.023190021514892578
LabelPropagation,1.0,0.002035856246948242
DummyClassifier,1.0,9.989738464355469e-05
