classifier,score,time
SVC,,
SGDClassifier,,
RidgeClassifierCV,1.0,0.31528496742248535
RidgeClassifier,1.0,0.007339000701904297
Perceptron,,
PassiveAggressiveClassifier,,
LogisticRegressionCV,,
LogisticRegression,,
LinearSVC,,
RandomForestClassifier,1.0,0.07115316390991211
HistGradientBoostingClassifier,1.0,0.2309718132019043
GradientBoostingClassifier,,
ExtraTreesClassifier,1.0,0.03834819793701172
AdaBoostClassifier,1.0,0.0015397071838378906
XGBClassifier,1.0,0.08278799057006836
LGBMClassifier,1.0,0.008978843688964844
CatBoostClassifier,,
RadiusNeighborsClassifier,1.0,0.0009229183197021484
KNeighborsClassifier,1.0,0.0007910728454589844
NearestCentroid,,
QuadraticDiscriminantAnalysis,,
LinearDiscriminantAnalysis,1.0,0.01238703727722168
GaussianNB,1.0,0.0018630027770996094
BernoulliNB,1.0,0.014268159866333008
MLPClassifier,1.0,1.2531259059906006
ExtraTreeClassifier,1.0,0.0022630691528320312
DecisionTreeClassifier,1.0,0.002079010009765625
LabelSpreading,1.0,0.017587900161743164
LabelPropagation,1.0,0.0025768280029296875
DummyClassifier,1.0,0.00013184547424316406
