classifier,score,time
SVC,0.865,0.02483201026916504
SGDClassifier,0.8875,0.005717039108276367
RidgeClassifierCV,0.885,0.5256381034851074
RidgeClassifier,0.885,0.01974010467529297
Perceptron,0.8625,0.004540920257568359
PassiveAggressiveClassifier,0.8675,0.0016009807586669922
LogisticRegressionCV,0.8875,0.7237038612365723
LogisticRegression,0.8925,0.07675909996032715
LinearSVC,0.8925,0.0031099319458007812
RandomForestClassifier,0.89,0.18192100524902344
HistGradientBoostingClassifier,0.89,2.069365978240967
GradientBoostingClassifier,0.895,0.16087603569030762
ExtraTreesClassifier,0.86,0.09842991828918457
AdaBoostClassifier,0.8875,0.1014869213104248
XGBClassifier,0.895,0.08741116523742676
LGBMClassifier,,
CatBoostClassifier,0.9,0.16161894798278809
RadiusNeighborsClassifier,,
KNeighborsClassifier,0.8375,0.0007188320159912109
NearestCentroid,0.76,0.0007491111755371094
QuadraticDiscriminantAnalysis,0.62,0.07361674308776855
LinearDiscriminantAnalysis,0.8925,0.29016780853271484
GaussianNB,0.7925,0.003284931182861328
BernoulliNB,0.785,0.0012128353118896484
MLPClassifier,0.8725,25.520865201950073
ExtraTreeClassifier,0.79,0.0013549327850341797
DecisionTreeClassifier,0.845,0.010664939880371094
LabelSpreading,0.84,0.045130014419555664
LabelPropagation,0.8375,0.04410886764526367
DummyClassifier,0.8425,0.0001480579376220703
