classifier,score,time
SVC,0.8319226118500604,0.21260905265808105
SGDClassifier,0.8307134220072552,0.014024019241333008
RidgeClassifierCV,0.8355501813784765,0.18373799324035645
RidgeClassifier,0.8355501813784765,0.011565923690795898
Perceptron,0.6686819830713422,0.03681778907775879
PassiveAggressiveClassifier,0.8307134220072552,0.004437923431396484
LogisticRegressionCV,0.8440145102781137,0.3949849605560303
LogisticRegression,0.8391777509068924,0.022976160049438477
LinearSVC,0.8367593712212817,0.006160259246826172
RandomForestClassifier,0.8355501813784765,0.34331798553466797
HistGradientBoostingClassifier,0.8258766626360339,0.724308967590332
GradientBoostingClassifier,0.8343409915356711,0.3705167770385742
ExtraTreesClassifier,0.8331318016928658,0.16937994956970215
AdaBoostClassifier,0.8355501813784765,0.18136072158813477
XGBClassifier,0.8174123337363967,0.10559606552124023
LGBMClassifier,0.8270858524788391,0.38764119148254395
CatBoostClassifier,0.8343409915356711,0.2245490550994873
RadiusNeighborsClassifier,,
KNeighborsClassifier,0.8222490931076178,0.0022487640380859375
NearestCentroid,0.6952841596130592,0.0012149810791015625
QuadraticDiscriminantAnalysis,0.1777509068923821,0.1881248950958252
LinearDiscriminantAnalysis,0.841596130592503,0.011736154556274414
GaussianNB,0.8355501813784765,0.001065969467163086
BernoulliNB,0.8270858524788391,0.002124786376953125
MLPClassifier,0.8367593712212817,5.374795913696289
ExtraTreeClassifier,0.7412333736396615,0.0020127296447753906
DecisionTreeClassifier,0.7714631197097944,0.02528095245361328
LabelSpreading,0.8367593712212817,0.17782211303710938
LabelPropagation,0.837968561064087,0.1029660701751709
DummyClassifier,0.8307134220072552,0.00017786026000976562
