classifier,score,time
SVC,0.9519230769230769,0.0025680065155029297
SGDClassifier,0.9230769230769231,0.001191854476928711
RidgeClassifierCV,0.875,0.1818680763244629
RidgeClassifier,0.875,0.0219571590423584
Perceptron,0.875,0.002393007278442383
PassiveAggressiveClassifier,0.8269230769230769,0.0023412704467773438
LogisticRegressionCV,0.9230769230769231,0.18180608749389648
LogisticRegression,0.9230769230769231,0.006021738052368164
LinearSVC,0.9230769230769231,0.0009090900421142578
RandomForestClassifier,0.9519230769230769,0.09179186820983887
HistGradientBoostingClassifier,0.9711538461538461,0.3731870651245117
GradientBoostingClassifier,0.9519230769230769,0.055123090744018555
ExtraTreesClassifier,0.9519230769230769,0.0376591682434082
AdaBoostClassifier,0.9326923076923077,0.058682918548583984
XGBClassifier,0.9615384615384616,0.062484025955200195
LGBMClassifier,0.9711538461538461,0.2613859176635742
CatBoostClassifier,0.9615384615384616,0.16306495666503906
RadiusNeighborsClassifier,,
KNeighborsClassifier,0.9038461538461539,0.0014901161193847656
NearestCentroid,0.8076923076923077,0.0005290508270263672
QuadraticDiscriminantAnalysis,0.8846153846153846,0.001168966293334961
LinearDiscriminantAnalysis,0.875,0.0022139549255371094
GaussianNB,0.8942307692307693,0.0005881786346435547
BernoulliNB,0.8365384615384616,0.0007851123809814453
MLPClassifier,0.9519230769230769,0.7277278900146484
ExtraTreeClassifier,0.9711538461538461,0.0006642341613769531
DecisionTreeClassifier,0.9807692307692307,0.0008692741394042969
LabelSpreading,0.9711538461538461,0.0052490234375
LabelPropagation,0.9711538461538461,0.0016367435455322266
DummyClassifier,0.5961538461538461,9.393692016601562e-05
