classifier,score,time
SVC,0.8166666666666667,0.0014789104461669922
SGDClassifier,0.85,0.0010941028594970703
RidgeClassifierCV,0.8333333333333334,0.0011708736419677734
RidgeClassifier,0.8333333333333334,0.0008089542388916016
Perceptron,0.7833333333333333,0.00067901611328125
PassiveAggressiveClassifier,0.8333333333333334,0.0006401538848876953
LogisticRegressionCV,0.85,0.030388832092285156
LogisticRegression,0.85,0.001512765884399414
LinearSVC,0.85,0.0006330013275146484
RandomForestClassifier,0.85,0.048249006271362305
HistGradientBoostingClassifier,0.8666666666666667,0.9132678508758545
GradientBoostingClassifier,0.8166666666666667,0.05208301544189453
ExtraTreesClassifier,0.8333333333333334,0.038461923599243164
AdaBoostClassifier,0.8333333333333334,0.055248260498046875
XGBClassifier,0.8666666666666667,0.06659412384033203
LGBMClassifier,0.8666666666666667,0.11858510971069336
CatBoostClassifier,0.8333333333333334,0.14891600608825684
RadiusNeighborsClassifier,,
KNeighborsClassifier,0.7666666666666667,0.0004811286926269531
NearestCentroid,0.7333333333333333,0.0004780292510986328
QuadraticDiscriminantAnalysis,0.7333333333333333,0.0008230209350585938
LinearDiscriminantAnalysis,0.8833333333333333,0.0007967948913574219
GaussianNB,0.75,0.0005099773406982422
BernoulliNB,0.6833333333333333,0.0006988048553466797
MLPClassifier,0.85,0.6301472187042236
ExtraTreeClassifier,0.8166666666666667,0.0006320476531982422
DecisionTreeClassifier,0.8,0.0010781288146972656
LabelSpreading,0.75,0.0013070106506347656
LabelPropagation,0.75,0.0014557838439941406
DummyClassifier,0.7166666666666667,0.0002338886260986328
