classifier,score,time
SVC,0.967741935483871,0.0013098716735839844
SGDClassifier,0.9516129032258065,0.0008502006530761719
RidgeClassifierCV,0.9354838709677419,0.0013051033020019531
RidgeClassifier,0.9354838709677419,0.0008556842803955078
Perceptron,0.8387096774193549,0.0006918907165527344
PassiveAggressiveClassifier,0.967741935483871,0.0005948543548583984
LogisticRegressionCV,0.967741935483871,0.029351234436035156
LogisticRegression,0.967741935483871,0.00162506103515625
LinearSVC,0.967741935483871,0.0006728172302246094
RandomForestClassifier,0.9516129032258065,0.04259133338928223
HistGradientBoostingClassifier,0.9354838709677419,0.1965188980102539
GradientBoostingClassifier,0.9354838709677419,0.044836997985839844
ExtraTreesClassifier,0.967741935483871,0.034456729888916016
AdaBoostClassifier,0.8870967741935484,0.05745506286621094
XGBClassifier,0.9354838709677419,0.0700218677520752
LGBMClassifier,0.9032258064516129,0.14619803428649902
CatBoostClassifier,0.967741935483871,0.14547419548034668
RadiusNeighborsClassifier,,
KNeighborsClassifier,0.9354838709677419,0.0014538764953613281
NearestCentroid,0.9193548387096774,0.0005660057067871094
QuadraticDiscriminantAnalysis,0.7903225806451613,0.002604246139526367
LinearDiscriminantAnalysis,0.967741935483871,0.0011413097381591797
GaussianNB,0.9516129032258065,0.0005660057067871094
BernoulliNB,0.9354838709677419,0.0007469654083251953
MLPClassifier,0.9516129032258065,0.6153271198272705
ExtraTreeClassifier,0.967741935483871,0.0006110668182373047
DecisionTreeClassifier,0.9193548387096774,0.0007839202880859375
LabelSpreading,0.967741935483871,0.0013418197631835938
LabelPropagation,0.967741935483871,0.001087188720703125
DummyClassifier,0.8709677419354839,8.487701416015625e-05
