classifier,score,time
SVC,0.8870967741935484,0.00296783447265625
SGDClassifier,0.8709677419354839,0.003567218780517578
RidgeClassifierCV,0.9032258064516129,0.005218982696533203
RidgeClassifier,0.8870967741935484,0.002866983413696289
Perceptron,0.8387096774193549,0.006195783615112305
PassiveAggressiveClassifier,0.8870967741935484,0.0015277862548828125
LogisticRegressionCV,0.8870967741935484,0.03447127342224121
LogisticRegression,0.8870967741935484,0.00179290771484375
LinearSVC,0.9032258064516129,0.0007967948913574219
RandomForestClassifier,0.8709677419354839,0.05296778678894043
HistGradientBoostingClassifier,0.8870967741935484,0.3050980567932129
GradientBoostingClassifier,0.8709677419354839,0.0461888313293457
ExtraTreesClassifier,0.8709677419354839,0.035584211349487305
AdaBoostClassifier,0.9032258064516129,0.0556180477142334
XGBClassifier,0.8548387096774194,0.07752490043640137
LGBMClassifier,0.8548387096774194,0.14706015586853027
CatBoostClassifier,0.8870967741935484,0.09732913970947266
RadiusNeighborsClassifier,,
KNeighborsClassifier,0.8870967741935484,0.0004951953887939453
NearestCentroid,0.8548387096774194,0.0006060600280761719
QuadraticDiscriminantAnalysis,0.27419354838709675,0.0007860660552978516
LinearDiscriminantAnalysis,0.8870967741935484,0.000946044921875
GaussianNB,0.8387096774193549,0.0005421638488769531
BernoulliNB,0.8548387096774194,0.000701904296875
MLPClassifier,0.9193548387096774,4.864087820053101
ExtraTreeClassifier,0.9032258064516129,0.0019021034240722656
DecisionTreeClassifier,0.8548387096774194,0.0008981227874755859
LabelSpreading,0.8870967741935484,0.00907588005065918
LabelPropagation,0.8870967741935484,0.0058040618896484375
DummyClassifier,0.8709677419354839,0.0005650520324707031
