classifier,score,time
SVC,0.9700598802395209,0.004316091537475586
SGDClassifier,0.9520958083832335,0.0025200843811035156
RidgeClassifierCV,0.9820359281437125,0.4825918674468994
RidgeClassifier,0.9700598802395209,0.06511902809143066
Perceptron,0.9461077844311377,0.00177001953125
PassiveAggressiveClassifier,0.9580838323353293,0.005882740020751953
LogisticRegressionCV,0.9760479041916168,0.17138981819152832
LogisticRegression,0.9640718562874252,0.008328914642333984
LinearSVC,0.9760479041916168,0.006491899490356445
RandomForestClassifier,0.9520958083832335,0.11640119552612305
HistGradientBoostingClassifier,0.9461077844311377,0.6373827457427979
GradientBoostingClassifier,0.9580838323353293,0.08514595031738281
ExtraTreesClassifier,0.9520958083832335,0.047747135162353516
AdaBoostClassifier,0.9520958083832335,0.07637619972229004
XGBClassifier,0.9461077844311377,0.058419227600097656
LGBMClassifier,,
CatBoostClassifier,0.9580838323353293,0.20055007934570312
RadiusNeighborsClassifier,,
KNeighborsClassifier,0.9580838323353293,0.0017390251159667969
NearestCentroid,0.9221556886227545,0.0006968975067138672
QuadraticDiscriminantAnalysis,0.9281437125748503,0.005839109420776367
LinearDiscriminantAnalysis,0.9700598802395209,0.2806358337402344
GaussianNB,0.1437125748502994,0.002849102020263672
BernoulliNB,0.9041916167664671,0.0012879371643066406
MLPClassifier,0.9520958083832335,2.991562843322754
ExtraTreeClassifier,0.9461077844311377,0.003351926803588867
DecisionTreeClassifier,0.9461077844311377,0.004445075988769531
LabelSpreading,0.9461077844311377,0.015952110290527344
LabelPropagation,0.9461077844311377,0.00904393196105957
DummyClassifier,0.9341317365269461,0.00011396408081054688
