classifier,score,time
SVC,0.8392330383480826,0.10763812065124512
SGDClassifier,0.8436578171091446,0.007460832595825195
RidgeClassifierCV,0.8466076696165191,0.417525053024292
RidgeClassifier,0.8466076696165191,0.032582998275756836
Perceptron,0.8436578171091446,0.0019478797912597656
PassiveAggressiveClassifier,0.8407079646017699,0.0020842552185058594
LogisticRegressionCV,0.8495575221238938,0.13387799263000488
LogisticRegression,0.8480825958702065,0.013192892074584961
LinearSVC,0.8466076696165191,0.0056917667388916016
RandomForestClassifier,0.8348082595870207,0.3322920799255371
HistGradientBoostingClassifier,0.827433628318584,0.85074782371521
GradientBoostingClassifier,0.8362831858407079,0.3913149833679199
ExtraTreesClassifier,0.8421828908554573,0.1542811393737793
AdaBoostClassifier,0.8421828908554573,0.1827099323272705
XGBClassifier,0.8303834808259587,0.08603501319885254
LGBMClassifier,0.8303834808259587,0.3636820316314697
CatBoostClassifier,0.8377581120943953,0.20760607719421387
RadiusNeighborsClassifier,,
KNeighborsClassifier,0.831858407079646,0.0008101463317871094
NearestCentroid,0.6061946902654868,0.0007259845733642578
QuadraticDiscriminantAnalysis,0.7020648967551623,0.0024330615997314453
LinearDiscriminantAnalysis,0.8421828908554573,0.23874115943908691
GaussianNB,0.8259587020648967,0.0009069442749023438
BernoulliNB,0.8200589970501475,0.02350592613220215
MLPClassifier,0.8407079646017699,3.3063478469848633
ExtraTreeClassifier,0.7772861356932154,0.0020058155059814453
DecisionTreeClassifier,0.7536873156342183,0.023459911346435547
LabelSpreading,0.8333333333333334,0.16001176834106445
LabelPropagation,0.831858407079646,0.07774090766906738
DummyClassifier,0.8392330383480826,0.0001971721649169922
