classifier,score,time
SVC,0.7962962962962963,0.0015327930450439453
SGDClassifier,0.8703703703703703,0.0012919902801513672
RidgeClassifierCV,0.8888888888888888,0.0013399124145507812
RidgeClassifier,0.8703703703703703,0.0008451938629150391
Perceptron,0.6296296296296297,0.0006880760192871094
PassiveAggressiveClassifier,0.7962962962962963,0.0005919933319091797
LogisticRegressionCV,0.8518518518518519,0.0313410758972168
LogisticRegression,0.8703703703703703,0.001377105712890625
LinearSVC,0.9074074074074074,0.0009682178497314453
RandomForestClassifier,0.8333333333333334,0.05464291572570801
HistGradientBoostingClassifier,0.8148148148148148,0.20951199531555176
GradientBoostingClassifier,0.7962962962962963,0.05517697334289551
ExtraTreesClassifier,0.8518518518518519,0.035578012466430664
AdaBoostClassifier,0.7962962962962963,0.054559946060180664
XGBClassifier,0.8148148148148148,0.08454394340515137
LGBMClassifier,0.8333333333333334,0.16202592849731445
CatBoostClassifier,0.8518518518518519,0.1598830223083496
RadiusNeighborsClassifier,,
KNeighborsClassifier,0.7777777777777778,0.001641988754272461
NearestCentroid,0.8148148148148148,0.0006008148193359375
QuadraticDiscriminantAnalysis,0.5925925925925926,0.0010323524475097656
LinearDiscriminantAnalysis,0.8703703703703703,0.0010170936584472656
GaussianNB,0.8148148148148148,0.0005650520324707031
BernoulliNB,0.8333333333333334,0.0007538795471191406
MLPClassifier,0.7962962962962963,0.635591983795166
ExtraTreeClassifier,0.8148148148148148,0.0038352012634277344
DecisionTreeClassifier,0.7777777777777778,0.0017197132110595703
LabelSpreading,0.7962962962962963,0.003944873809814453
LabelPropagation,0.7777777777777778,0.0008320808410644531
DummyClassifier,0.5925925925925926,9.107589721679688e-05
