classifier,score,time
SVC,0.9516129032258065,0.001260995864868164
SGDClassifier,0.9193548387096774,0.0009050369262695312
RidgeClassifierCV,0.9032258064516129,0.001322031021118164
RidgeClassifier,0.9032258064516129,0.0008502006530761719
Perceptron,0.9193548387096774,0.0007212162017822266
PassiveAggressiveClassifier,0.9193548387096774,0.0007338523864746094
LogisticRegressionCV,0.9193548387096774,0.028725862503051758
LogisticRegression,0.9354838709677419,0.0016171932220458984
LinearSVC,0.9193548387096774,0.0007021427154541016
RandomForestClassifier,0.9354838709677419,0.04335522651672363
HistGradientBoostingClassifier,0.9193548387096774,0.25002312660217285
GradientBoostingClassifier,0.9193548387096774,0.044940948486328125
ExtraTreesClassifier,0.9354838709677419,0.03464770317077637
AdaBoostClassifier,0.9193548387096774,0.05383801460266113
XGBClassifier,0.9354838709677419,0.08472299575805664
LGBMClassifier,0.9193548387096774,0.1628422737121582
CatBoostClassifier,0.9516129032258065,0.15076208114624023
RadiusNeighborsClassifier,,
KNeighborsClassifier,0.9193548387096774,0.0014650821685791016
NearestCentroid,0.9193548387096774,0.0005512237548828125
QuadraticDiscriminantAnalysis,0.8387096774193549,0.001004934310913086
LinearDiscriminantAnalysis,0.9354838709677419,0.0009491443634033203
GaussianNB,0.9354838709677419,0.0005500316619873047
BernoulliNB,0.9354838709677419,0.0007429122924804688
MLPClassifier,0.9354838709677419,0.5260610580444336
ExtraTreeClassifier,0.9193548387096774,0.0006039142608642578
DecisionTreeClassifier,0.9193548387096774,0.0007660388946533203
LabelSpreading,0.9193548387096774,0.0038461685180664062
LabelPropagation,0.9193548387096774,0.0028009414672851562
DummyClassifier,0.8709677419354839,8.797645568847656e-05
