classifier,score,time
SVC,0.8390243902439024,0.008767843246459961
SGDClassifier,0.824390243902439,0.002048969268798828
RidgeClassifierCV,0.824390243902439,0.2628929615020752
RidgeClassifier,0.824390243902439,0.008920907974243164
Perceptron,0.775609756097561,0.0012230873107910156
PassiveAggressiveClassifier,0.8146341463414634,0.0012760162353515625
LogisticRegressionCV,0.8292682926829268,0.1129000186920166
LogisticRegression,0.8292682926829268,0.0042438507080078125
LinearSVC,0.8292682926829268,0.001567840576171875
RandomForestClassifier,1.0,0.10639095306396484
HistGradientBoostingClassifier,0.9853658536585366,0.6464138031005859
GradientBoostingClassifier,0.9365853658536586,0.10048294067382812
ExtraTreesClassifier,1.0,0.0521390438079834
AdaBoostClassifier,0.8878048780487805,0.0790109634399414
XGBClassifier,0.9853658536585366,0.05255699157714844
LGBMClassifier,0.9853658536585366,0.3720378875732422
CatBoostClassifier,0.975609756097561,0.16311883926391602
RadiusNeighborsClassifier,,
KNeighborsClassifier,0.824390243902439,0.0016062259674072266
NearestCentroid,0.8390243902439024,0.0006270408630371094
QuadraticDiscriminantAnalysis,0.7804878048780488,0.002146005630493164
LinearDiscriminantAnalysis,0.8341463414634146,0.25231480598449707
GaussianNB,0.7902439024390244,0.0006909370422363281
BernoulliNB,0.8195121951219512,0.0009109973907470703
MLPClassifier,0.9902439024390244,3.2991349697113037
ExtraTreeClassifier,1.0,0.0007898807525634766
DecisionTreeClassifier,0.9853658536585366,0.0017800331115722656
LabelSpreading,0.9853658536585366,0.018628835678100586
LabelPropagation,0.9853658536585366,0.004739046096801758
DummyClassifier,0.5414634146341464,0.00011301040649414062
