classifier,score,time
SVC,0.9381443298969072,0.015152215957641602
SGDClassifier,0.9329896907216495,0.009035110473632812
RidgeClassifierCV,0.9329896907216495,0.5199811458587646
RidgeClassifier,0.9329896907216495,0.24437808990478516
Perceptron,0.9278350515463918,0.018526077270507812
PassiveAggressiveClassifier,0.9278350515463918,0.03172469139099121
LogisticRegressionCV,0.9484536082474226,1.6949849128723145
LogisticRegression,0.9484536082474226,0.1011970043182373
LinearSVC,0.9329896907216495,0.0043370723724365234
RandomForestClassifier,0.9484536082474226,0.1119379997253418
HistGradientBoostingClassifier,0.9329896907216495,1.5239307880401611
GradientBoostingClassifier,0.9432989690721649,0.18684005737304688
ExtraTreesClassifier,0.9432989690721649,0.05960988998413086
AdaBoostClassifier,0.9381443298969072,0.11645197868347168
XGBClassifier,0.9484536082474226,0.2144608497619629
LGBMClassifier,,
CatBoostClassifier,0.9432989690721649,0.2092289924621582
RadiusNeighborsClassifier,,
KNeighborsClassifier,0.9432989690721649,0.002190828323364258
NearestCentroid,0.9072164948453608,0.0024650096893310547
QuadraticDiscriminantAnalysis,0.8917525773195877,0.45204901695251465
LinearDiscriminantAnalysis,0.9329896907216495,0.5857498645782471
GaussianNB,0.5309278350515464,0.010955810546875
BernoulliNB,0.9072164948453608,0.10823988914489746
MLPClassifier,0.9278350515463918,7.741459846496582
ExtraTreeClassifier,0.9329896907216495,0.0015819072723388672
DecisionTreeClassifier,0.9381443298969072,0.010081052780151367
LabelSpreading,0.9484536082474226,0.051614999771118164
LabelPropagation,0.9484536082474226,0.018586158752441406
DummyClassifier,0.9175257731958762,0.00016188621520996094
