classifier,score,time
SVC,,
SGDClassifier,,
RidgeClassifierCV,1.0,0.12056183815002441
RidgeClassifier,1.0,0.057665109634399414
Perceptron,,
PassiveAggressiveClassifier,,
LogisticRegressionCV,,
LogisticRegression,,
LinearSVC,,
RandomForestClassifier,1.0,0.10790872573852539
HistGradientBoostingClassifier,1.0,0.0542750358581543
GradientBoostingClassifier,,
ExtraTreesClassifier,1.0,0.02765679359436035
AdaBoostClassifier,1.0,0.0012133121490478516
XGBClassifier,1.0,0.0326540470123291
LGBMClassifier,1.0,0.004229307174682617
CatBoostClassifier,,
RadiusNeighborsClassifier,,
KNeighborsClassifier,1.0,0.0005190372467041016
NearestCentroid,,
QuadraticDiscriminantAnalysis,,
LinearDiscriminantAnalysis,1.0,0.001773834228515625
GaussianNB,1.0,0.0005869865417480469
BernoulliNB,1.0,0.015048027038574219
MLPClassifier,1.0,0.35766005516052246
ExtraTreeClassifier,1.0,0.0005481243133544922
DecisionTreeClassifier,1.0,0.0013918876647949219
LabelSpreading,1.0,0.003699779510498047
LabelPropagation,1.0,0.02059793472290039
DummyClassifier,1.0,0.00010800361633300781
