classifier,score,time
SVC,0.8514150943396226,0.21666312217712402
SGDClassifier,0.8455188679245284,0.013931989669799805
RidgeClassifierCV,0.8490566037735849,0.29468703269958496
RidgeClassifier,0.8490566037735849,0.01352691650390625
Perceptron,0.8443396226415094,0.008844137191772461
PassiveAggressiveClassifier,0.8466981132075472,0.0031011104583740234
LogisticRegressionCV,0.8561320754716981,0.18834877014160156
LogisticRegression,0.8549528301886793,0.024335861206054688
LinearSVC,0.8502358490566038,0.007107734680175781
RandomForestClassifier,0.847877358490566,0.3528299331665039
HistGradientBoostingClassifier,0.8431603773584906,0.7105779647827148
GradientBoostingClassifier,0.8549528301886793,0.38684797286987305
ExtraTreesClassifier,0.847877358490566,0.17228317260742188
AdaBoostClassifier,0.8466981132075472,0.18521690368652344
XGBClassifier,0.8325471698113207,0.07800912857055664
LGBMClassifier,0.8455188679245284,0.3866751194000244
CatBoostClassifier,0.8514150943396226,0.21220612525939941
RadiusNeighborsClassifier,,
KNeighborsClassifier,0.8278301886792453,0.0007269382476806641
NearestCentroid,0.6426886792452831,0.0007758140563964844
QuadraticDiscriminantAnalysis,0.4033018867924528,0.007893085479736328
LinearDiscriminantAnalysis,0.8502358490566038,0.19420170783996582
GaussianNB,0.8325471698113207,0.0030510425567626953
BernoulliNB,0.8254716981132075,0.0035278797149658203
MLPClassifier,0.8537735849056604,2.044182062149048
ExtraTreeClassifier,0.7759433962264151,0.0073108673095703125
DecisionTreeClassifier,0.7676886792452831,0.02530193328857422
LabelSpreading,0.8443396226415094,0.2244417667388916
LabelPropagation,0.847877358490566,0.10720610618591309
DummyClassifier,0.8502358490566038,0.00016832351684570312
