classifier,score,time
SVC,0.9376657824933687,0.07671213150024414
SGDClassifier,0.9522546419098143,0.011155843734741211
RidgeClassifierCV,0.9429708222811671,0.4621891975402832
RidgeClassifier,0.9429708222811671,0.0529170036315918
Perceptron,0.9389920424403183,0.0032548904418945312
PassiveAggressiveClassifier,0.9482758620689655,0.00521087646484375
LogisticRegressionCV,0.9721485411140584,1.024932861328125
LogisticRegression,0.9509283819628647,0.036576032638549805
LinearSVC,0.9562334217506632,0.020999908447265625
RandomForestClassifier,0.9986737400530504,0.19799304008483887
HistGradientBoostingClassifier,0.9960212201591512,0.881249189376831
GradientBoostingClassifier,0.9973474801061007,0.3456430435180664
ExtraTreesClassifier,0.9694960212201591,0.14348793029785156
AdaBoostClassifier,0.9946949602122016,0.18101787567138672
XGBClassifier,0.9920424403183024,0.10600900650024414
LGBMClassifier,0.9960212201591512,0.3974480628967285
CatBoostClassifier,0.9986737400530504,0.2346360683441162
RadiusNeighborsClassifier,,
KNeighborsClassifier,0.9496021220159151,0.0009889602661132812
NearestCentroid,0.5809018567639257,0.0027430057525634766
QuadraticDiscriminantAnalysis,0.1816976127320955,0.14251208305358887
LinearDiscriminantAnalysis,0.9549071618037135,0.26953601837158203
GaussianNB,0.1962864721485411,0.002295970916748047
BernoulliNB,0.9204244031830239,0.2241990566253662
MLPClassifier,0.9748010610079576,8.754272222518921
ExtraTreeClassifier,0.9482758620689655,0.007169961929321289
DecisionTreeClassifier,0.9960212201591512,0.0071828365325927734
LabelSpreading,0.9442970822281167,0.15186405181884766
LabelPropagation,0.9456233421750663,0.12164092063903809
DummyClassifier,0.9376657824933687,0.00017833709716796875
