classifier,score,time
SVC,0.8487394957983193,0.011122941970825195
SGDClassifier,0.8445378151260504,0.002154827117919922
RidgeClassifierCV,0.8697478991596639,0.1023721694946289
RidgeClassifier,0.8697478991596639,0.009499073028564453
Perceptron,0.8025210084033614,0.0011229515075683594
PassiveAggressiveClassifier,0.5714285714285714,0.0011157989501953125
LogisticRegressionCV,0.8571428571428571,0.25833892822265625
LogisticRegression,0.865546218487395,0.004065990447998047
LinearSVC,0.8613445378151261,0.001497030258178711
RandomForestClassifier,0.9201680672268907,0.10063719749450684
HistGradientBoostingClassifier,0.9201680672268907,0.9611928462982178
GradientBoostingClassifier,0.8907563025210085,0.1023099422454834
ExtraTreesClassifier,0.8949579831932774,0.05948305130004883
AdaBoostClassifier,0.8403361344537815,0.07684922218322754
XGBClassifier,0.9285714285714286,0.12130498886108398
LGBMClassifier,0.9369747899159664,0.34616827964782715
CatBoostClassifier,0.9033613445378151,0.16870689392089844
RadiusNeighborsClassifier,,
KNeighborsClassifier,0.8823529411764706,0.001416921615600586
NearestCentroid,0.8487394957983193,0.0005402565002441406
QuadraticDiscriminantAnalysis,0.5966386554621849,0.0020749568939208984
LinearDiscriminantAnalysis,0.8697478991596639,0.016482114791870117
GaussianNB,0.7521008403361344,0.0006880760192871094
BernoulliNB,0.8529411764705882,0.0008668899536132812
MLPClassifier,0.865546218487395,3.2109100818634033
ExtraTreeClassifier,0.865546218487395,0.0008709430694580078
DecisionTreeClassifier,0.8949579831932774,0.0024538040161132812
LabelSpreading,0.8907563025210085,0.016900062561035156
LabelPropagation,0.8823529411764706,0.013890743255615234
DummyClassifier,0.5462184873949579,0.00010919570922851562
