classifier,score,time
SVC,,
SGDClassifier,,
RidgeClassifierCV,1.0,0.2136390209197998
RidgeClassifier,1.0,0.05324220657348633
Perceptron,,
PassiveAggressiveClassifier,,
LogisticRegressionCV,,
LogisticRegression,,
LinearSVC,,
RandomForestClassifier,1.0,0.04822111129760742
HistGradientBoostingClassifier,1.0,0.05360007286071777
GradientBoostingClassifier,,
ExtraTreesClassifier,1.0,0.0277707576751709
AdaBoostClassifier,1.0,0.0012259483337402344
XGBClassifier,1.0,0.030282020568847656
LGBMClassifier,1.0,0.004091024398803711
CatBoostClassifier,,
RadiusNeighborsClassifier,,
KNeighborsClassifier,1.0,0.000476837158203125
NearestCentroid,,
QuadraticDiscriminantAnalysis,,
LinearDiscriminantAnalysis,1.0,0.06472396850585938
GaussianNB,1.0,0.0005910396575927734
BernoulliNB,1.0,0.04030799865722656
MLPClassifier,1.0,0.35033607482910156
ExtraTreeClassifier,1.0,0.0005609989166259766
DecisionTreeClassifier,1.0,0.00047588348388671875
LabelSpreading,1.0,0.0068857669830322266
LabelPropagation,1.0,0.0027608871459960938
DummyClassifier,1.0,9.608268737792969e-05
