classifier,score,time
SVC,0.6842105263157895,0.0016710758209228516
SGDClassifier,0.7017543859649122,0.0014109611511230469
RidgeClassifierCV,0.6140350877192983,0.11510181427001953
RidgeClassifier,0.5964912280701754,0.022197961807250977
Perceptron,0.631578947368421,0.0024259090423583984
PassiveAggressiveClassifier,0.38596491228070173,0.0018627643585205078
LogisticRegressionCV,0.6140350877192983,0.1841440200805664
LogisticRegression,0.6140350877192983,0.00542902946472168
LinearSVC,0.5964912280701754,0.0007905960083007812
RandomForestClassifier,0.7368421052631579,0.1784970760345459
HistGradientBoostingClassifier,0.6842105263157895,0.19240403175354004
GradientBoostingClassifier,0.631578947368421,0.040390729904174805
ExtraTreesClassifier,0.6666666666666666,0.038426876068115234
AdaBoostClassifier,0.6140350877192983,0.05339813232421875
XGBClassifier,0.6842105263157895,0.07862615585327148
LGBMClassifier,0.6491228070175439,0.15626907348632812
CatBoostClassifier,0.6666666666666666,0.14122414588928223
RadiusNeighborsClassifier,,
KNeighborsClassifier,0.7543859649122807,0.0005099773406982422
NearestCentroid,0.5789473684210527,0.0004658699035644531
QuadraticDiscriminantAnalysis,0.2982456140350877,0.09706783294677734
LinearDiscriminantAnalysis,0.5964912280701754,0.1720740795135498
GaussianNB,0.3333333333333333,0.0006899833679199219
BernoulliNB,0.6491228070175439,0.0007739067077636719
MLPClassifier,0.7017543859649122,1.282191276550293
ExtraTreeClassifier,0.6140350877192983,0.0027751922607421875
DecisionTreeClassifier,0.6140350877192983,0.002519845962524414
LabelSpreading,0.7017543859649122,0.0029129981994628906
LabelPropagation,0.6842105263157895,0.0008640289306640625
DummyClassifier,0.7543859649122807,9.202957153320312e-05
