classifier,score,time
SVC,0.9528585757271816,0.1060328483581543
SGDClassifier,0.9528585757271816,0.007858753204345703
RidgeClassifierCV,0.9528585757271816,0.4104728698730469
RidgeClassifier,0.9528585757271816,0.03169894218444824
Perceptron,0.9528585757271816,0.001753091812133789
PassiveAggressiveClassifier,0.9127382146439318,0.0024890899658203125
LogisticRegressionCV,0.9528585757271816,0.3171679973602295
LogisticRegression,0.9528585757271816,0.02059006690979004
LinearSVC,0.9528585757271816,0.009680986404418945
RandomForestClassifier,0.9518555667001003,0.31244897842407227
HistGradientBoostingClassifier,0.9468405215646941,0.995110034942627
GradientBoostingClassifier,0.9528585757271816,0.41461873054504395
ExtraTreesClassifier,0.9418254764292878,0.15941095352172852
AdaBoostClassifier,0.950852557673019,0.21723318099975586
XGBClassifier,0.9498495486459378,0.11706995964050293
LGBMClassifier,0.9458375125376128,0.4022388458251953
CatBoostClassifier,0.9528585757271816,0.22523093223571777
RadiusNeighborsClassifier,,
KNeighborsClassifier,0.9528585757271816,0.0007739067077636719
NearestCentroid,0.5937813440320963,0.003931999206542969
QuadraticDiscriminantAnalysis,0.35707121364092276,0.03972601890563965
LinearDiscriminantAnalysis,0.9538615847542627,0.011457204818725586
GaussianNB,0.827482447342026,0.00374603271484375
BernoulliNB,0.9037111334002006,0.003747224807739258
MLPClassifier,0.950852557673019,3.9695417881011963
ExtraTreeClassifier,0.9047141424272819,0.004139900207519531
DecisionTreeClassifier,0.905717151454363,0.009317874908447266
LabelSpreading,0.9438314944834504,0.307542085647583
LabelPropagation,0.9408224674022067,0.19522404670715332
DummyClassifier,0.9528585757271816,0.00019025802612304688
