classifier,score,time
SVC,0.9016393442622951,0.001729726791381836
SGDClassifier,0.8688524590163934,0.0010297298431396484
RidgeClassifierCV,0.8688524590163934,0.0013091564178466797
RidgeClassifier,0.8852459016393442,0.0008561611175537109
Perceptron,0.819672131147541,0.0007221698760986328
PassiveAggressiveClassifier,0.8360655737704918,0.0006227493286132812
LogisticRegressionCV,0.8688524590163934,0.032900094985961914
LogisticRegression,0.8688524590163934,0.0014719963073730469
LinearSVC,0.9016393442622951,0.0007669925689697266
RandomForestClassifier,0.8688524590163934,0.04562783241271973
HistGradientBoostingClassifier,0.8360655737704918,0.19097685813903809
GradientBoostingClassifier,0.819672131147541,0.05161333084106445
ExtraTreesClassifier,0.8688524590163934,0.03671717643737793
AdaBoostClassifier,0.8360655737704918,0.0556950569152832
XGBClassifier,0.819672131147541,0.06210207939147949
LGBMClassifier,0.8032786885245902,0.19133281707763672
CatBoostClassifier,0.8524590163934426,0.15636110305786133
RadiusNeighborsClassifier,,
KNeighborsClassifier,0.8688524590163934,0.0014607906341552734
NearestCentroid,0.8032786885245902,0.0005092620849609375
QuadraticDiscriminantAnalysis,0.6557377049180327,0.0010521411895751953
LinearDiscriminantAnalysis,0.8852459016393442,0.0009868144989013672
GaussianNB,0.7377049180327869,0.0005462169647216797
BernoulliNB,0.819672131147541,0.0007388591766357422
MLPClassifier,0.8688524590163934,0.609900951385498
ExtraTreeClassifier,0.7868852459016393,0.0017702579498291016
DecisionTreeClassifier,0.7704918032786885,0.002302885055541992
LabelSpreading,0.8032786885245902,0.0014879703521728516
LabelPropagation,0.8032786885245902,0.0008921623229980469
DummyClassifier,0.5737704918032787,9.226799011230469e-05
