classifier,score,time
SVC,0.8360655737704918,0.0016641616821289062
SGDClassifier,0.7049180327868853,0.0009379386901855469
RidgeClassifierCV,0.8032786885245902,0.0013530254364013672
RidgeClassifier,0.7868852459016393,0.0008649826049804688
Perceptron,0.7704918032786885,0.0007231235504150391
PassiveAggressiveClassifier,0.7049180327868853,0.0006368160247802734
LogisticRegressionCV,0.7540983606557377,0.030566930770874023
LogisticRegression,0.819672131147541,0.0011739730834960938
LinearSVC,0.7540983606557377,0.0007307529449462891
RandomForestClassifier,0.7540983606557377,0.046486616134643555
HistGradientBoostingClassifier,0.7213114754098361,0.19503378868103027
GradientBoostingClassifier,0.7540983606557377,0.052015066146850586
ExtraTreesClassifier,0.8360655737704918,0.03648877143859863
AdaBoostClassifier,0.7377049180327869,0.055556297302246094
XGBClassifier,0.7377049180327869,0.0620112419128418
LGBMClassifier,0.7377049180327869,0.1930091381072998
CatBoostClassifier,0.7704918032786885,0.1594080924987793
RadiusNeighborsClassifier,,
KNeighborsClassifier,0.8360655737704918,0.0014500617980957031
NearestCentroid,0.819672131147541,0.0005071163177490234
QuadraticDiscriminantAnalysis,0.7540983606557377,0.0010519027709960938
LinearDiscriminantAnalysis,0.7868852459016393,0.0009891986846923828
GaussianNB,0.7868852459016393,0.0005509853363037109
BernoulliNB,0.7868852459016393,0.0007259845733642578
MLPClassifier,0.7540983606557377,0.5976991653442383
ExtraTreeClassifier,0.819672131147541,0.0006661415100097656
DecisionTreeClassifier,0.6721311475409836,0.0009520053863525391
LabelSpreading,0.819672131147541,0.0013442039489746094
LabelPropagation,0.819672131147541,0.0008819103240966797
DummyClassifier,0.5573770491803278,8.416175842285156e-05
