classifier,score,time
SVC,0.7868852459016393,0.0016591548919677734
SGDClassifier,0.7377049180327869,0.0007569789886474609
RidgeClassifierCV,0.8524590163934426,0.001338958740234375
RidgeClassifier,0.819672131147541,0.0008540153503417969
Perceptron,0.7704918032786885,0.0007002353668212891
PassiveAggressiveClassifier,0.8524590163934426,0.0007038116455078125
LogisticRegressionCV,0.8360655737704918,0.032501935958862305
LogisticRegression,0.819672131147541,0.0018200874328613281
LinearSVC,0.8360655737704918,0.0008051395416259766
RandomForestClassifier,0.8524590163934426,0.047386884689331055
HistGradientBoostingClassifier,0.819672131147541,0.22938823699951172
GradientBoostingClassifier,0.819672131147541,0.052683115005493164
ExtraTreesClassifier,0.7704918032786885,0.03702402114868164
AdaBoostClassifier,0.7540983606557377,0.05881309509277344
XGBClassifier,0.8032786885245902,0.0719759464263916
LGBMClassifier,0.819672131147541,0.1974010467529297
CatBoostClassifier,0.8524590163934426,0.09700179100036621
RadiusNeighborsClassifier,,
KNeighborsClassifier,0.8360655737704918,0.0005862712860107422
NearestCentroid,0.8032786885245902,0.0005590915679931641
QuadraticDiscriminantAnalysis,0.4918032786885246,0.0008969306945800781
LinearDiscriminantAnalysis,0.8032786885245902,0.0009329319000244141
GaussianNB,0.6557377049180327,0.0005450248718261719
BernoulliNB,0.819672131147541,0.0006988048553466797
MLPClassifier,0.7049180327868853,5.364979982376099
ExtraTreeClassifier,0.7868852459016393,0.0007128715515136719
DecisionTreeClassifier,0.7540983606557377,0.00577998161315918
LabelSpreading,0.7704918032786885,0.011528253555297852
LabelPropagation,0.7377049180327869,0.0011391639709472656
DummyClassifier,0.5901639344262295,0.0001049041748046875
