classifier,score,time
SVC,,
SGDClassifier,,
RidgeClassifierCV,1.0,2.7515299320220947
RidgeClassifier,1.0,0.48325490951538086
Perceptron,,
PassiveAggressiveClassifier,,
LogisticRegressionCV,,
LogisticRegression,,
LinearSVC,,
RandomForestClassifier,1.0,0.05947685241699219
HistGradientBoostingClassifier,1.0,0.1774768829345703
GradientBoostingClassifier,,
ExtraTreesClassifier,1.0,0.03773212432861328
AdaBoostClassifier,1.0,0.010136127471923828
XGBClassifier,,
LGBMClassifier,1.0,0.023786067962646484
CatBoostClassifier,,
RadiusNeighborsClassifier,,
KNeighborsClassifier,1.0,0.011167049407958984
NearestCentroid,,
QuadraticDiscriminantAnalysis,,
LinearDiscriminantAnalysis,1.0,5.7966132164001465
GaussianNB,1.0,0.15782594680786133
BernoulliNB,1.0,0.0322418212890625
MLPClassifier,1.0,13.342148065567017
ExtraTreeClassifier,1.0,0.0069849491119384766
DecisionTreeClassifier,1.0,0.009660720825195312
LabelSpreading,1.0,0.12654709815979004
LabelPropagation,1.0,0.10988116264343262
DummyClassifier,1.0,0.0002307891845703125
