classifier,score,time
SVC,0.67,1.7845728397369385
SGDClassifier,0.6875,0.30034780502319336
RidgeClassifierCV,0.6775,3.672368049621582
RidgeClassifier,0.6775,0.46575188636779785
Perceptron,0.59,0.348344087600708
PassiveAggressiveClassifier,0.68,0.8170580863952637
LogisticRegressionCV,0.68,6.50272798538208
LogisticRegression,0.6725,0.3769569396972656
LinearSVC,0.6825,0.055169105529785156
RandomForestClassifier,0.6825,0.6342358589172363
HistGradientBoostingClassifier,0.6775,8.066613912582397
GradientBoostingClassifier,0.67,1.608935832977295
ExtraTreesClassifier,0.665,0.6442198753356934
AdaBoostClassifier,0.6875,1.189950942993164
XGBClassifier,0.6475,0.7163569927215576
LGBMClassifier,0.67,0.4125070571899414
CatBoostClassifier,0.655,0.36920714378356934
RadiusNeighborsClassifier,,
KNeighborsClassifier,0.675,0.01772165298461914
NearestCentroid,0.6925,0.017236948013305664
QuadraticDiscriminantAnalysis,0.5,11.531909942626953
LinearDiscriminantAnalysis,0.6525,10.581285953521729
GaussianNB,0.355,0.05959725379943848
BernoulliNB,0.6675,0.0792078971862793
MLPClassifier,0.6775,43.55873417854309
ExtraTreeClassifier,0.6125,0.024595022201538086
DecisionTreeClassifier,0.65,0.09994697570800781
LabelSpreading,0.595,0.2808699607849121
LabelPropagation,0.595,0.16275477409362793
DummyClassifier,0.645,0.0003459453582763672
