classifier,score,time
SVC,0.8532608695652174,0.018910884857177734
SGDClassifier,0.8369565217391305,0.002705812454223633
RidgeClassifierCV,0.8858695652173914,0.25756311416625977
RidgeClassifier,0.8858695652173914,0.028135061264038086
Perceptron,0.8532608695652174,0.0009999275207519531
PassiveAggressiveClassifier,0.8152173913043478,0.0009379386901855469
LogisticRegressionCV,0.8913043478260869,0.5575690269470215
LogisticRegression,0.875,0.09058308601379395
LinearSVC,0.8858695652173914,0.003222942352294922
RandomForestClassifier,0.875,0.12342095375061035
HistGradientBoostingClassifier,0.8641304347826086,0.9831318855285645
GradientBoostingClassifier,0.875,0.10280513763427734
ExtraTreesClassifier,0.8858695652173914,0.06481099128723145
AdaBoostClassifier,0.8641304347826086,0.08320379257202148
XGBClassifier,0.842391304347826,0.11394381523132324
LGBMClassifier,0.8586956521739131,0.35863494873046875
CatBoostClassifier,0.8641304347826086,0.1018061637878418
RadiusNeighborsClassifier,,
KNeighborsClassifier,0.8695652173913043,0.0006139278411865234
NearestCentroid,0.8586956521739131,0.0022079944610595703
QuadraticDiscriminantAnalysis,0.8152173913043478,0.0016541481018066406
LinearDiscriminantAnalysis,0.8858695652173914,0.002025127410888672
GaussianNB,0.8532608695652174,0.0009529590606689453
BernoulliNB,0.8804347826086957,0.0007598400115966797
MLPClassifier,0.8641304347826086,26.396434783935547
ExtraTreeClassifier,0.7934782608695652,0.0009489059448242188
DecisionTreeClassifier,0.7934782608695652,0.0025911331176757812
LabelSpreading,0.8586956521739131,0.03273797035217285
LabelPropagation,0.8586956521739131,0.01374506950378418
DummyClassifier,0.5380434782608695,0.00016307830810546875
