classifier,score,time
SVC,0.9024390243902439,0.009179830551147461
SGDClassifier,0.7463414634146341,0.0025739669799804688
RidgeClassifierCV,0.8780487804878049,0.11579680442810059
RidgeClassifier,0.8780487804878049,0.050106048583984375
Perceptron,0.8390243902439024,0.0011219978332519531
PassiveAggressiveClassifier,0.8097560975609757,0.0013339519500732422
LogisticRegressionCV,0.8731707317073171,0.24819111824035645
LogisticRegression,0.8829268292682927,0.006498098373413086
LinearSVC,0.8634146341463415,0.0016829967498779297
RandomForestClassifier,0.9853658536585366,0.09138298034667969
HistGradientBoostingClassifier,0.9853658536585366,0.7578086853027344
GradientBoostingClassifier,0.975609756097561,0.0952610969543457
ExtraTreesClassifier,0.9853658536585366,0.04954385757446289
AdaBoostClassifier,0.9414634146341463,0.07525014877319336
XGBClassifier,0.9853658536585366,0.046293020248413086
LGBMClassifier,0.9853658536585366,0.3823390007019043
CatBoostClassifier,0.9853658536585366,0.16597199440002441
RadiusNeighborsClassifier,,
KNeighborsClassifier,0.8146341463414634,0.0005600452423095703
NearestCentroid,0.8780487804878049,0.00054931640625
QuadraticDiscriminantAnalysis,0.751219512195122,0.002385854721069336
LinearDiscriminantAnalysis,0.8731707317073171,0.2674229145050049
GaussianNB,0.8292682926829268,0.0036699771881103516
BernoulliNB,0.8682926829268293,0.0009021759033203125
MLPClassifier,0.9902439024390244,1.9321858882904053
ExtraTreeClassifier,1.0,0.0019550323486328125
DecisionTreeClassifier,0.9853658536585366,0.004781007766723633
LabelSpreading,0.9853658536585366,0.01591658592224121
LabelPropagation,0.9853658536585366,0.005460977554321289
DummyClassifier,0.5219512195121951,0.00011491775512695312
