classifier,score,time
SVC,0.8166666666666667,0.0014979839324951172
SGDClassifier,0.6666666666666666,0.0009098052978515625
RidgeClassifierCV,0.7666666666666667,0.0010609626770019531
RidgeClassifier,0.7666666666666667,0.0007901191711425781
Perceptron,0.6333333333333333,0.0007188320159912109
PassiveAggressiveClassifier,0.7166666666666667,0.0005860328674316406
LogisticRegressionCV,0.7666666666666667,0.05720376968383789
LogisticRegression,0.7833333333333333,0.0014989376068115234
LinearSVC,0.7666666666666667,0.0006639957427978516
RandomForestClassifier,0.8333333333333334,0.08210110664367676
HistGradientBoostingClassifier,0.8,297.87718200683594
GradientBoostingClassifier,0.8,0.06378388404846191
ExtraTreesClassifier,0.7666666666666667,0.1460731029510498
AdaBoostClassifier,0.7666666666666667,0.14864897727966309
XGBClassifier,0.7833333333333333,0.15512585639953613
LGBMClassifier,0.8,0.1325690746307373
CatBoostClassifier,0.85,0.09474873542785645
RadiusNeighborsClassifier,,
KNeighborsClassifier,0.75,0.0019562244415283203
NearestCentroid,0.6333333333333333,0.0008819103240966797
QuadraticDiscriminantAnalysis,0.8166666666666667,0.0006270408630371094
LinearDiscriminantAnalysis,0.75,0.0007250308990478516
GaussianNB,0.7833333333333333,0.0004992485046386719
BernoulliNB,0.6666666666666666,0.0006389617919921875
MLPClassifier,0.8,6.7454798221588135
ExtraTreeClassifier,0.6666666666666666,0.0020220279693603516
DecisionTreeClassifier,0.8166666666666667,0.002727985382080078
LabelSpreading,0.75,0.009788036346435547
LabelPropagation,0.75,0.009776830673217773
DummyClassifier,0.7666666666666667,0.0002491474151611328
