classifier,score,time
SVC,,
SGDClassifier,,
RidgeClassifierCV,1.0,0.0009388923645019531
RidgeClassifier,1.0,0.0006949901580810547
Perceptron,,
PassiveAggressiveClassifier,,
LogisticRegressionCV,,
LogisticRegression,,
LinearSVC,,
RandomForestClassifier,1.0,0.0553889274597168
HistGradientBoostingClassifier,1.0,0.1699049472808838
GradientBoostingClassifier,,
ExtraTreesClassifier,1.0,0.03071880340576172
AdaBoostClassifier,1.0,0.001068115234375
XGBClassifier,1.0,0.035130977630615234
LGBMClassifier,1.0,0.0026400089263916016
CatBoostClassifier,,
RadiusNeighborsClassifier,,
KNeighborsClassifier,1.0,0.0005869865417480469
NearestCentroid,,
QuadraticDiscriminantAnalysis,,
LinearDiscriminantAnalysis,1.0,0.0013031959533691406
GaussianNB,1.0,0.001615762710571289
BernoulliNB,1.0,0.001092672348022461
MLPClassifier,1.0,1.1372959613800049
ExtraTreeClassifier,1.0,0.0005197525024414062
DecisionTreeClassifier,1.0,0.0006260871887207031
LabelSpreading,1.0,0.022505998611450195
LabelPropagation,1.0,0.01070094108581543
DummyClassifier,1.0,0.00011706352233886719
