classifier,score,time
SVC,0.8709677419354839,0.0012500286102294922
SGDClassifier,0.8548387096774194,0.002222776412963867
RidgeClassifierCV,0.8709677419354839,0.006161928176879883
RidgeClassifier,0.8709677419354839,0.0021848678588867188
Perceptron,0.8548387096774194,0.0008258819580078125
PassiveAggressiveClassifier,0.9193548387096774,0.0021047592163085938
LogisticRegressionCV,0.8870967741935484,0.03170585632324219
LogisticRegression,0.9032258064516129,0.0017008781433105469
LinearSVC,0.8870967741935484,0.0007722377777099609
RandomForestClassifier,0.8709677419354839,0.04463481903076172
HistGradientBoostingClassifier,0.8870967741935484,0.37143516540527344
GradientBoostingClassifier,0.9032258064516129,0.05570507049560547
ExtraTreesClassifier,0.8548387096774194,0.036332130432128906
AdaBoostClassifier,0.8870967741935484,0.05435585975646973
XGBClassifier,0.8870967741935484,0.08366727828979492
LGBMClassifier,0.8870967741935484,0.15403270721435547
CatBoostClassifier,0.8870967741935484,0.10213899612426758
RadiusNeighborsClassifier,,
KNeighborsClassifier,0.8870967741935484,0.0005168914794921875
NearestCentroid,0.9193548387096774,0.0016069412231445312
QuadraticDiscriminantAnalysis,0.8225806451612904,0.0014472007751464844
LinearDiscriminantAnalysis,0.9193548387096774,0.0014188289642333984
GaussianNB,0.9032258064516129,0.0005660057067871094
BernoulliNB,0.9193548387096774,0.0007181167602539062
MLPClassifier,0.8709677419354839,3.368695020675659
ExtraTreeClassifier,0.8387096774193549,0.0006301403045654297
DecisionTreeClassifier,0.8709677419354839,0.0007622241973876953
LabelSpreading,0.8870967741935484,0.0041391849517822266
LabelPropagation,0.8870967741935484,0.0049288272857666016
DummyClassifier,0.8709677419354839,0.00026106834411621094
