classifier,score,time
SVC,0.8852459016393442,0.0016849040985107422
SGDClassifier,0.8032786885245902,0.0009069442749023438
RidgeClassifierCV,0.8360655737704918,0.0013399124145507812
RidgeClassifier,0.8688524590163934,0.0008530616760253906
Perceptron,0.8360655737704918,0.0006809234619140625
PassiveAggressiveClassifier,0.8360655737704918,0.0006570816040039062
LogisticRegressionCV,0.8524590163934426,0.03184103965759277
LogisticRegression,0.8524590163934426,0.0011849403381347656
LinearSVC,0.8524590163934426,0.0007338523864746094
RandomForestClassifier,0.819672131147541,0.045841217041015625
HistGradientBoostingClassifier,0.819672131147541,0.191910982131958
GradientBoostingClassifier,0.819672131147541,0.051757097244262695
ExtraTreesClassifier,0.8360655737704918,0.03690171241760254
AdaBoostClassifier,0.819672131147541,0.055059194564819336
XGBClassifier,0.8032786885245902,0.06207585334777832
LGBMClassifier,0.819672131147541,0.19536614418029785
CatBoostClassifier,0.8360655737704918,0.16044092178344727
RadiusNeighborsClassifier,,
KNeighborsClassifier,0.8524590163934426,0.0006821155548095703
NearestCentroid,0.819672131147541,0.005252838134765625
QuadraticDiscriminantAnalysis,0.7377049180327869,0.007566690444946289
LinearDiscriminantAnalysis,0.8524590163934426,0.003818035125732422
GaussianNB,0.7704918032786885,0.0006098747253417969
BernoulliNB,0.819672131147541,0.0007717609405517578
MLPClassifier,0.8360655737704918,0.8919210433959961
ExtraTreeClassifier,0.8032786885245902,0.0019001960754394531
DecisionTreeClassifier,0.7540983606557377,0.002686023712158203
LabelSpreading,0.8360655737704918,0.0024869441986083984
LabelPropagation,0.8360655737704918,0.004333019256591797
DummyClassifier,0.5573770491803278,8.606910705566406e-05
