classifier,score,time
SVC,,
SGDClassifier,,
RidgeClassifierCV,1.0,0.0010781288146972656
RidgeClassifier,1.0,0.0008220672607421875
Perceptron,,
PassiveAggressiveClassifier,,
LogisticRegressionCV,,
LogisticRegression,,
LinearSVC,,
RandomForestClassifier,1.0,0.04602217674255371
HistGradientBoostingClassifier,1.0,0.07285094261169434
GradientBoostingClassifier,,
ExtraTreesClassifier,1.0,0.030706167221069336
AdaBoostClassifier,1.0,0.0012269020080566406
XGBClassifier,1.0,0.031358957290649414
LGBMClassifier,1.0,0.0027549266815185547
CatBoostClassifier,,
RadiusNeighborsClassifier,1.0,0.0009038448333740234
KNeighborsClassifier,1.0,0.0006558895111083984
NearestCentroid,,
QuadraticDiscriminantAnalysis,,
LinearDiscriminantAnalysis,,
GaussianNB,1.0,0.0005891323089599609
BernoulliNB,1.0,0.0006310939788818359
MLPClassifier,1.0,1.3391461372375488
ExtraTreeClassifier,1.0,0.0017290115356445312
DecisionTreeClassifier,1.0,0.0010952949523925781
LabelSpreading,1.0,0.06997132301330566
LabelPropagation,1.0,0.07140302658081055
DummyClassifier,1.0,0.0001430511474609375
