classifier,score,time
SVC,0.9649122807017544,0.009406089782714844
SGDClassifier,0.9649122807017544,0.002688169479370117
RidgeClassifierCV,0.9298245614035088,0.37110304832458496
RidgeClassifier,0.9298245614035088,0.0057277679443359375
Perceptron,0.9736842105263158,0.0010170936584472656
PassiveAggressiveClassifier,0.956140350877193,0.001024007797241211
LogisticRegressionCV,0.956140350877193,0.38545918464660645
LogisticRegression,0.9649122807017544,0.04150986671447754
LinearSVC,0.956140350877193,0.005588054656982422
RandomForestClassifier,0.956140350877193,0.13510394096374512
HistGradientBoostingClassifier,0.956140350877193,0.718829870223999
GradientBoostingClassifier,0.956140350877193,0.30697178840637207
ExtraTreesClassifier,0.956140350877193,0.03890514373779297
AdaBoostClassifier,0.956140350877193,0.14818906784057617
XGBClassifier,0.9649122807017544,0.0838470458984375
LGBMClassifier,,
CatBoostClassifier,0.956140350877193,0.17790508270263672
RadiusNeighborsClassifier,,
KNeighborsClassifier,0.9473684210526315,0.0005147457122802734
NearestCentroid,0.956140350877193,0.0005397796630859375
QuadraticDiscriminantAnalysis,0.9385964912280702,0.015784025192260742
LinearDiscriminantAnalysis,0.9385964912280702,0.2612788677215576
GaussianNB,0.9385964912280702,0.0006520748138427734
BernoulliNB,0.7017543859649122,0.0006809234619140625
MLPClassifier,0.956140350877193,7.37229585647583
ExtraTreeClassifier,0.8771929824561403,0.0006649494171142578
DecisionTreeClassifier,0.8947368421052632,0.005242109298706055
LabelSpreading,0.9298245614035088,0.02659916877746582
LabelPropagation,0.9298245614035088,0.014913082122802734
DummyClassifier,0.7105263157894737,0.00011181831359863281
