classifier,score,time
SVC,0.9325,0.056906938552856445
SGDClassifier,0.9225,0.0061550140380859375
RidgeClassifierCV,0.9325,0.42458081245422363
RidgeClassifier,0.93,0.010364770889282227
Perceptron,0.6775,0.002149820327758789
PassiveAggressiveClassifier,0.9325,0.0029370784759521484
LogisticRegressionCV,0.9325,1.2394797801971436
LogisticRegression,0.93,0.04855608940124512
LinearSVC,0.93,0.006348133087158203
RandomForestClassifier,0.925,0.18890810012817383
HistGradientBoostingClassifier,0.925,1.023327112197876
GradientBoostingClassifier,0.93,0.22145390510559082
ExtraTreesClassifier,0.915,0.0831148624420166
AdaBoostClassifier,0.9325,0.1241769790649414
XGBClassifier,0.9125,0.17058992385864258
LGBMClassifier,0.9275,0.3991730213165283
CatBoostClassifier,0.9225,0.1285266876220703
RadiusNeighborsClassifier,,
KNeighborsClassifier,0.9325,0.0007779598236083984
NearestCentroid,0.65,0.0007808208465576172
QuadraticDiscriminantAnalysis,0.72,0.009383916854858398
LinearDiscriminantAnalysis,0.9175,0.33875298500061035
GaussianNB,0.6225,0.003912210464477539
BernoulliNB,0.8,0.0012180805206298828
MLPClassifier,0.9175,1002.8221352100372
ExtraTreeClassifier,0.895,0.004266977310180664
DecisionTreeClassifier,0.8775,0.01045989990234375
LabelSpreading,0.915,0.054541826248168945
LabelPropagation,0.9175,0.04049515724182129
DummyClassifier,0.9325,0.00040793418884277344
