classifier,score,time
SVC,0.8575,0.09367609024047852
SGDClassifier,0.86,0.005242109298706055
RidgeClassifierCV,0.86,0.29454517364501953
RidgeClassifier,0.86,0.010130882263183594
Perceptron,0.75,0.001508951187133789
PassiveAggressiveClassifier,0.695,0.0018322467803955078
LogisticRegressionCV,0.86,0.6285438537597656
LogisticRegression,0.8675,0.007565021514892578
LinearSVC,0.8625,0.00789499282836914
RandomForestClassifier,0.855,0.2329421043395996
HistGradientBoostingClassifier,0.85,1.613419771194458
GradientBoostingClassifier,0.855,0.21292686462402344
ExtraTreesClassifier,0.8375,0.0971231460571289
AdaBoostClassifier,0.8575,0.11446905136108398
XGBClassifier,0.8425,0.18401598930358887
LGBMClassifier,0.845,0.3880949020385742
CatBoostClassifier,0.855,0.12454009056091309
RadiusNeighborsClassifier,,
KNeighborsClassifier,0.8275,0.0007658004760742188
NearestCentroid,0.6775,0.0006759166717529297
QuadraticDiscriminantAnalysis,0.1525,0.007944107055664062
LinearDiscriminantAnalysis,0.8625,0.209824800491333
GaussianNB,0.835,0.005204916000366211
BernoulliNB,0.825,0.0041692256927490234
MLPClassifier,0.85,10.708266973495483
ExtraTreeClassifier,0.76,0.0033500194549560547
DecisionTreeClassifier,0.7525,0.007477998733520508
LabelSpreading,0.8375,0.0552980899810791
LabelPropagation,0.83,0.0412752628326416
DummyClassifier,0.8575,0.00045108795166015625
