classifier,score,time
SVC,0.8695652173913043,0.0006449222564697266
SGDClassifier,0.8695652173913043,0.0005869865417480469
RidgeClassifierCV,0.9565217391304348,0.0010709762573242188
RidgeClassifier,0.9130434782608695,0.0007829666137695312
Perceptron,0.8695652173913043,0.0005960464477539062
PassiveAggressiveClassifier,0.8695652173913043,0.0004980564117431641
LogisticRegressionCV,0.9130434782608695,0.028671979904174805
LogisticRegression,0.8695652173913043,0.0009748935699462891
LinearSVC,0.9130434782608695,0.0004901885986328125
RandomForestClassifier,0.9565217391304348,0.04060196876525879
HistGradientBoostingClassifier,0.9130434782608695,0.10193586349487305
GradientBoostingClassifier,0.8695652173913043,0.02975606918334961
ExtraTreesClassifier,0.9130434782608695,0.0285189151763916
AdaBoostClassifier,1.0,0.053050994873046875
XGBClassifier,0.8695652173913043,0.04849886894226074
LGBMClassifier,,
CatBoostClassifier,0.8695652173913043,0.13019299507141113
RadiusNeighborsClassifier,0.8695652173913043,0.0007410049438476562
KNeighborsClassifier,0.9130434782608695,0.0004286766052246094
NearestCentroid,0.9565217391304348,0.00041103363037109375
QuadraticDiscriminantAnalysis,0.8260869565217391,0.0007090568542480469
LinearDiscriminantAnalysis,1.0,0.00067901611328125
GaussianNB,0.6521739130434783,0.0004799365997314453
BernoulliNB,0.8695652173913043,0.0006592273712158203
MLPClassifier,0.9130434782608695,0.06275701522827148
ExtraTreeClassifier,1.0,0.0004467964172363281
DecisionTreeClassifier,0.9565217391304348,0.0004322528839111328
LabelSpreading,0.9130434782608695,0.0005438327789306641
LabelPropagation,0.9130434782608695,0.0004661083221435547
DummyClassifier,0.8695652173913043,8.0108642578125e-05
