classifier,score,time
SVC,,
SGDClassifier,,
RidgeClassifierCV,1.0,0.061441898345947266
RidgeClassifier,1.0,0.07330894470214844
Perceptron,,
PassiveAggressiveClassifier,,
LogisticRegressionCV,,
LogisticRegression,,
LinearSVC,,
RandomForestClassifier,1.0,0.11792516708374023
HistGradientBoostingClassifier,1.0,0.05990719795227051
GradientBoostingClassifier,,
ExtraTreesClassifier,1.0,0.027807950973510742
AdaBoostClassifier,1.0,0.0012412071228027344
XGBClassifier,1.0,0.06638288497924805
LGBMClassifier,1.0,0.00412297248840332
CatBoostClassifier,,
RadiusNeighborsClassifier,,
KNeighborsClassifier,1.0,0.0005209445953369141
NearestCentroid,,
QuadraticDiscriminantAnalysis,,
LinearDiscriminantAnalysis,1.0,0.057504892349243164
GaussianNB,1.0,0.0023958683013916016
BernoulliNB,1.0,0.03398489952087402
MLPClassifier,1.0,0.3935718536376953
ExtraTreeClassifier,1.0,0.0005488395690917969
DecisionTreeClassifier,1.0,0.0006921291351318359
LabelSpreading,1.0,0.008247137069702148
LabelPropagation,1.0,0.006162166595458984
DummyClassifier,1.0,9.894371032714844e-05
