classifier,score,time
SVC,0.8870967741935484,0.0014879703521728516
SGDClassifier,0.9193548387096774,0.0008749961853027344
RidgeClassifierCV,0.8548387096774194,0.001367807388305664
RidgeClassifier,0.8709677419354839,0.0008740425109863281
Perceptron,0.8870967741935484,0.0007879734039306641
PassiveAggressiveClassifier,0.9354838709677419,0.0006070137023925781
LogisticRegressionCV,0.9354838709677419,0.031880855560302734
LogisticRegression,0.9354838709677419,0.0015180110931396484
LinearSVC,0.9193548387096774,0.0006918907165527344
RandomForestClassifier,0.9516129032258065,0.04330706596374512
HistGradientBoostingClassifier,0.8870967741935484,0.20333003997802734
GradientBoostingClassifier,0.9193548387096774,0.04489588737487793
ExtraTreesClassifier,0.9354838709677419,0.034484148025512695
AdaBoostClassifier,0.8870967741935484,0.052823781967163086
XGBClassifier,0.8870967741935484,0.07122111320495605
LGBMClassifier,0.9032258064516129,0.1441349983215332
CatBoostClassifier,0.9193548387096774,0.14743471145629883
RadiusNeighborsClassifier,,
KNeighborsClassifier,0.9032258064516129,0.009716033935546875
NearestCentroid,0.9032258064516129,0.0005018711090087891
QuadraticDiscriminantAnalysis,0.7741935483870968,0.0032739639282226562
LinearDiscriminantAnalysis,0.9354838709677419,0.0009729862213134766
GaussianNB,0.8870967741935484,0.0005550384521484375
BernoulliNB,0.9193548387096774,0.0007338523864746094
MLPClassifier,0.9193548387096774,0.7620599269866943
ExtraTreeClassifier,0.9354838709677419,0.0006160736083984375
DecisionTreeClassifier,0.9516129032258065,0.0007276535034179688
LabelSpreading,0.9354838709677419,0.001953125
LabelPropagation,0.9516129032258065,0.0010609626770019531
DummyClassifier,0.8709677419354839,8.988380432128906e-05
