classifier,score,time
SVC,0.9675,0.033956050872802734
SGDClassifier,0.9675,0.004522085189819336
RidgeClassifierCV,0.9675,0.2841799259185791
RidgeClassifier,0.9675,0.00813913345336914
Perceptron,0.965,0.0011026859283447266
PassiveAggressiveClassifier,0.9675,0.011699914932250977
LogisticRegressionCV,0.9675,0.6150000095367432
LogisticRegression,0.9675,0.0856781005859375
LinearSVC,0.9675,0.0026798248291015625
RandomForestClassifier,0.9675,0.1624600887298584
HistGradientBoostingClassifier,0.9625,2.1860511302948
GradientBoostingClassifier,0.96,0.1892240047454834
ExtraTreesClassifier,0.96,0.08353686332702637
AdaBoostClassifier,0.9675,0.101654052734375
XGBClassifier,0.9575,0.16099905967712402
LGBMClassifier,0.965,0.4018130302429199
CatBoostClassifier,0.9675,0.11488199234008789
RadiusNeighborsClassifier,,
KNeighborsClassifier,0.965,0.0009322166442871094
NearestCentroid,0.6425,0.0018928050994873047
QuadraticDiscriminantAnalysis,0.3575,0.011053085327148438
LinearDiscriminantAnalysis,0.9675,0.02428913116455078
GaussianNB,0.3775,0.009717941284179688
BernoulliNB,0.925,0.0038061141967773438
MLPClassifier,0.9475,32.45861005783081
ExtraTreeClassifier,0.92,0.003010988235473633
DecisionTreeClassifier,0.92,0.006895780563354492
LabelSpreading,0.9575,0.05016803741455078
LabelPropagation,0.9525,0.046003103256225586
DummyClassifier,0.9675,0.00015497207641601562
