classifier,score,time
SVC,0.9678362573099415,0.01592397689819336
SGDClassifier,0.9649122807017544,0.003264904022216797
RidgeClassifierCV,0.9269005847953217,0.33740711212158203
RidgeClassifier,0.9327485380116959,0.020399093627929688
Perceptron,0.9473684210526315,0.011158227920532227
PassiveAggressiveClassifier,0.9619883040935673,0.009464025497436523
LogisticRegressionCV,0.9736842105263158,0.10912203788757324
LogisticRegression,0.9502923976608187,0.002445697784423828
LinearSVC,0.9678362573099415,0.004502058029174805
RandomForestClassifier,0.9766081871345029,0.2863960266113281
HistGradientBoostingClassifier,0.9941520467836257,0.7780821323394775
GradientBoostingClassifier,0.9883040935672515,0.9100549221038818
ExtraTreesClassifier,0.9883040935672515,0.06458592414855957
AdaBoostClassifier,0.9824561403508771,0.3634350299835205
XGBClassifier,0.9883040935672515,0.08147788047790527
LGBMClassifier,0.9970760233918129,0.39566993713378906
CatBoostClassifier,0.9912280701754386,0.22127580642700195
RadiusNeighborsClassifier,,
KNeighborsClassifier,0.9122807017543859,0.0005559921264648438
NearestCentroid,0.935672514619883,0.0005476474761962891
QuadraticDiscriminantAnalysis,0.9649122807017544,0.008935928344726562
LinearDiscriminantAnalysis,0.9239766081871345,0.26926279067993164
GaussianNB,0.9473684210526315,0.002289295196533203
BernoulliNB,0.6549707602339181,0.004539012908935547
MLPClassifier,0.97953216374269,2.7279491424560547
ExtraTreeClassifier,0.9444444444444444,0.0009641647338867188
DecisionTreeClassifier,0.956140350877193,0.03064107894897461
LabelSpreading,0.935672514619883,0.025263071060180664
LabelPropagation,0.9327485380116959,0.027926206588745117
DummyClassifier,0.6578947368421053,0.0003840923309326172
