classifier,score,time
SVC,0.9562043795620438,0.0043561458587646484
SGDClassifier,0.9416058394160584,0.003451824188232422
RidgeClassifierCV,0.9708029197080292,0.40047311782836914
RidgeClassifier,0.9635036496350365,0.009490251541137695
Perceptron,0.9416058394160584,0.0031311511993408203
PassiveAggressiveClassifier,0.9416058394160584,0.0027399063110351562
LogisticRegressionCV,0.9635036496350365,0.41482090950012207
LogisticRegression,0.948905109489051,0.0044097900390625
LinearSVC,0.9343065693430657,0.0011067390441894531
RandomForestClassifier,0.9562043795620438,0.08870196342468262
HistGradientBoostingClassifier,0.9562043795620438,1.3609941005706787
GradientBoostingClassifier,0.948905109489051,0.08089900016784668
ExtraTreesClassifier,0.9635036496350365,0.04330015182495117
AdaBoostClassifier,0.9343065693430657,0.06994819641113281
XGBClassifier,0.9562043795620438,0.11791801452636719
LGBMClassifier,0.9562043795620438,0.3428981304168701
CatBoostClassifier,0.9562043795620438,0.058959245681762695
RadiusNeighborsClassifier,,
KNeighborsClassifier,0.9416058394160584,0.0008091926574707031
NearestCentroid,0.9562043795620438,0.0018780231475830078
QuadraticDiscriminantAnalysis,0.9562043795620438,0.04935812950134277
LinearDiscriminantAnalysis,0.9562043795620438,0.33538007736206055
GaussianNB,0.9562043795620438,0.003945112228393555
BernoulliNB,0.9562043795620438,0.002902984619140625
MLPClassifier,0.948905109489051,3.673008918762207
ExtraTreeClassifier,0.8905109489051095,0.002704143524169922
DecisionTreeClassifier,0.9197080291970803,0.0037598609924316406
LabelSpreading,0.948905109489051,0.026877164840698242
LabelPropagation,0.948905109489051,0.0184018611907959
DummyClassifier,0.6642335766423357,0.0003077983856201172
