classifier,score,time
SVC,0.98,0.007231950759887695
SGDClassifier,0.98,0.013705968856811523
RidgeClassifierCV,0.98,0.2731039524078369
RidgeClassifier,0.98,0.022062063217163086
Perceptron,0.9775,0.0050830841064453125
PassiveAggressiveClassifier,0.97,0.013002157211303711
LogisticRegressionCV,0.98,0.7251977920532227
LogisticRegression,0.98,0.0077970027923583984
LinearSVC,0.98,0.0020210742950439453
RandomForestClassifier,0.98,0.17357802391052246
HistGradientBoostingClassifier,0.98,1.0417430400848389
GradientBoostingClassifier,0.9775,0.19738078117370605
ExtraTreesClassifier,0.98,0.05550885200500488
AdaBoostClassifier,0.9675,0.11343598365783691
XGBClassifier,0.9775,0.13005971908569336
LGBMClassifier,0.9775,0.38893842697143555
CatBoostClassifier,0.98,0.12833094596862793
RadiusNeighborsClassifier,,
KNeighborsClassifier,0.98,0.0007488727569580078
NearestCentroid,0.71,0.0012471675872802734
QuadraticDiscriminantAnalysis,0.98,0.01862025260925293
LinearDiscriminantAnalysis,0.9675,0.1526930332183838
GaussianNB,0.23,0.0036220550537109375
BernoulliNB,0.9475,0.001024007797241211
MLPClassifier,0.98,23.635018825531006
ExtraTreeClassifier,0.965,0.0009579658508300781
DecisionTreeClassifier,0.9625,0.007111787796020508
LabelSpreading,0.97,0.09086322784423828
LabelPropagation,0.97,0.05699419975280762
DummyClassifier,0.98,0.0010221004486083984
