classifier,score,time
SVC,0.888,0.0035347938537597656
SGDClassifier,0.84,0.0013489723205566406
RidgeClassifierCV,0.864,0.17017769813537598
RidgeClassifier,0.864,0.07481122016906738
Perceptron,0.864,0.0025768280029296875
PassiveAggressiveClassifier,0.864,0.002382040023803711
LogisticRegressionCV,0.864,0.11150503158569336
LogisticRegression,0.856,0.00583195686340332
LinearSVC,0.856,0.0011181831359863281
RandomForestClassifier,0.936,0.08329916000366211
HistGradientBoostingClassifier,0.928,0.408217191696167
GradientBoostingClassifier,0.912,0.07679891586303711
ExtraTreesClassifier,0.944,0.04227924346923828
AdaBoostClassifier,0.928,0.06464004516601562
XGBClassifier,0.928,0.042925119400024414
LGBMClassifier,0.936,0.29354119300842285
CatBoostClassifier,0.96,0.16109323501586914
RadiusNeighborsClassifier,,
KNeighborsClassifier,0.896,0.0006158351898193359
NearestCentroid,0.8,0.0005698204040527344
QuadraticDiscriminantAnalysis,0.616,0.008410215377807617
LinearDiscriminantAnalysis,0.864,0.2677638530731201
GaussianNB,0.68,0.000621795654296875
BernoulliNB,0.848,0.0008118152618408203
MLPClassifier,0.952,1.3968400955200195
ExtraTreeClassifier,0.944,0.0017211437225341797
DecisionTreeClassifier,0.92,0.0029578208923339844
LabelSpreading,0.952,0.01127314567565918
LabelPropagation,0.952,0.003155946731567383
DummyClassifier,0.8,9.703636169433594e-05
