classifier,score,time
SVC,,
SGDClassifier,,
RidgeClassifierCV,1.0,0.0008299350738525391
RidgeClassifier,1.0,0.0006620883941650391
Perceptron,,
PassiveAggressiveClassifier,,
LogisticRegressionCV,,
LogisticRegression,,
LinearSVC,,
RandomForestClassifier,1.0,0.08691096305847168
HistGradientBoostingClassifier,1.0,0.11859512329101562
GradientBoostingClassifier,,
ExtraTreesClassifier,1.0,0.027316808700561523
AdaBoostClassifier,1.0,0.0010030269622802734
XGBClassifier,1.0,0.03468489646911621
LGBMClassifier,1.0,0.0024178028106689453
CatBoostClassifier,,
RadiusNeighborsClassifier,1.0,0.0006220340728759766
KNeighborsClassifier,1.0,0.0004248619079589844
NearestCentroid,,
QuadraticDiscriminantAnalysis,,
LinearDiscriminantAnalysis,1.0,0.0005898475646972656
GaussianNB,1.0,0.0004420280456542969
BernoulliNB,1.0,0.0004947185516357422
MLPClassifier,1.0,0.2150888442993164
ExtraTreeClassifier,1.0,0.00047898292541503906
DecisionTreeClassifier,1.0,0.0004038810729980469
LabelSpreading,1.0,0.016077756881713867
LabelPropagation,1.0,0.0010900497436523438
DummyClassifier,1.0,0.000102996826171875
