classifier,score,time
SVC,0.9317073170731708,0.009589910507202148
SGDClassifier,0.9024390243902439,0.002683877944946289
RidgeClassifierCV,0.8975609756097561,0.11458015441894531
RidgeClassifier,0.8975609756097561,0.04416298866271973
Perceptron,0.8780487804878049,0.0013451576232910156
PassiveAggressiveClassifier,0.8146341463414634,0.0012369155883789062
LogisticRegressionCV,0.8975609756097561,0.19484710693359375
LogisticRegression,0.9024390243902439,0.0022041797637939453
LinearSVC,0.8926829268292683,0.0015940666198730469
RandomForestClassifier,1.0,0.10040402412414551
HistGradientBoostingClassifier,1.0,0.6963269710540771
GradientBoostingClassifier,0.9853658536585366,0.09523701667785645
ExtraTreesClassifier,0.9853658536585366,0.049620866775512695
AdaBoostClassifier,0.9317073170731708,0.07502102851867676
XGBClassifier,1.0,0.044183969497680664
LGBMClassifier,1.0,0.3608982563018799
CatBoostClassifier,1.0,0.1660170555114746
RadiusNeighborsClassifier,,
KNeighborsClassifier,0.8975609756097561,0.0005271434783935547
NearestCentroid,0.8926829268292683,0.0005681514739990234
QuadraticDiscriminantAnalysis,0.8,0.030298233032226562
LinearDiscriminantAnalysis,0.8926829268292683,0.12495303153991699
GaussianNB,0.8439024390243902,0.0018758773803710938
BernoulliNB,0.8780487804878049,0.0026319026947021484
MLPClassifier,0.975609756097561,2.2701900005340576
ExtraTreeClassifier,1.0,0.0007832050323486328
DecisionTreeClassifier,0.9853658536585366,0.0027217864990234375
LabelSpreading,0.9902439024390244,0.023719072341918945
LabelPropagation,0.9902439024390244,0.02149796485900879
DummyClassifier,0.5024390243902439,0.0002751350402832031
