classifier,score,time
SVC,0.85,0.0044591426849365234
SGDClassifier,0.7666666666666667,0.0028619766235351562
RidgeClassifierCV,0.8,0.0022830963134765625
RidgeClassifier,0.8,0.0016887187957763672
Perceptron,0.7833333333333333,0.0008749961853027344
PassiveAggressiveClassifier,0.7666666666666667,0.0006508827209472656
LogisticRegressionCV,0.8166666666666667,0.0350489616394043
LogisticRegression,0.8166666666666667,0.001516103744506836
LinearSVC,0.8166666666666667,0.0017642974853515625
RandomForestClassifier,0.8333333333333334,0.04889202117919922
HistGradientBoostingClassifier,0.75,0.26755309104919434
GradientBoostingClassifier,0.7833333333333333,0.054556846618652344
ExtraTreesClassifier,0.8333333333333334,0.03746795654296875
AdaBoostClassifier,0.7666666666666667,0.055956363677978516
XGBClassifier,0.8,0.08149194717407227
LGBMClassifier,0.7666666666666667,0.20270085334777832
CatBoostClassifier,0.8,0.11380982398986816
RadiusNeighborsClassifier,,
KNeighborsClassifier,0.8,0.0012059211730957031
NearestCentroid,0.8,0.0005021095275878906
QuadraticDiscriminantAnalysis,0.7833333333333333,0.003609895706176758
LinearDiscriminantAnalysis,0.8,0.0009768009185791016
GaussianNB,0.8166666666666667,0.0005590915679931641
BernoulliNB,0.7833333333333333,0.0006940364837646484
MLPClassifier,0.8,5.198522090911865
ExtraTreeClassifier,0.7833333333333333,0.0006411075592041016
DecisionTreeClassifier,0.7833333333333333,0.0009942054748535156
LabelSpreading,0.7833333333333333,0.0164339542388916
LabelPropagation,0.7666666666666667,0.002407073974609375
DummyClassifier,0.48333333333333334,0.0006139278411865234
