classifier,score,time
SVC,0.6428571428571429,0.0008819103240966797
SGDClassifier,0.5,0.0006079673767089844
RidgeClassifierCV,0.6428571428571429,0.001241922378540039
RidgeClassifier,0.5714285714285714,0.0008308887481689453
Perceptron,0.42857142857142855,0.0006158351898193359
PassiveAggressiveClassifier,0.6428571428571429,0.0004858970642089844
LogisticRegressionCV,0.5714285714285714,0.03114604949951172
LogisticRegression,0.6428571428571429,0.0010218620300292969
LinearSVC,0.5714285714285714,0.0005550384521484375
RandomForestClassifier,0.6428571428571429,0.039975881576538086
HistGradientBoostingClassifier,0.7142857142857143,0.05672287940979004
GradientBoostingClassifier,0.5714285714285714,0.028929948806762695
ExtraTreesClassifier,0.5,0.029057025909423828
AdaBoostClassifier,0.5714285714285714,0.05030488967895508
XGBClassifier,0.7142857142857143,0.04934501647949219
LGBMClassifier,0.6428571428571429,0.030508041381835938
CatBoostClassifier,0.5,0.1459968090057373
RadiusNeighborsClassifier,,
KNeighborsClassifier,0.5714285714285714,0.0005590915679931641
NearestCentroid,0.5,0.0004649162292480469
QuadraticDiscriminantAnalysis,0.6428571428571429,0.0008039474487304688
LinearDiscriminantAnalysis,0.6428571428571429,0.016560077667236328
GaussianNB,0.42857142857142855,0.0005300045013427734
BernoulliNB,0.5,0.0006780624389648438
MLPClassifier,0.5714285714285714,0.15418028831481934
ExtraTreeClassifier,0.5714285714285714,0.0005679130554199219
DecisionTreeClassifier,0.5,0.002672910690307617
LabelSpreading,0.5,0.01147770881652832
LabelPropagation,0.5,0.0032341480255126953
DummyClassifier,0.7142857142857143,0.000270843505859375
