classifier,score,time
SVC,0.7692307692307693,0.005338907241821289
SGDClassifier,0.8461538461538461,0.005964756011962891
RidgeClassifierCV,1.0,0.00991201400756836
RidgeClassifier,1.0,0.019805908203125
Perceptron,0.8461538461538461,0.02685999870300293
PassiveAggressiveClassifier,0.8461538461538461,0.026715755462646484
LogisticRegressionCV,0.9230769230769231,1.2690691947937012
LogisticRegression,0.8461538461538461,0.04086494445800781
LinearSVC,0.8461538461538461,0.04538869857788086
RandomForestClassifier,0.7692307692307693,0.12643194198608398
HistGradientBoostingClassifier,0.6923076923076923,0.4815852642059326
GradientBoostingClassifier,0.8461538461538461,1.5781888961791992
ExtraTreesClassifier,0.9230769230769231,0.039346933364868164
AdaBoostClassifier,0.8461538461538461,0.6400861740112305
XGBClassifier,0.7692307692307693,0.3335437774658203
LGBMClassifier,,
CatBoostClassifier,0.9230769230769231,2.1066958904266357
RadiusNeighborsClassifier,,
KNeighborsClassifier,0.8461538461538461,0.008986949920654297
NearestCentroid,0.6153846153846154,0.004825115203857422
QuadraticDiscriminantAnalysis,0.46153846153846156,0.03913283348083496
LinearDiscriminantAnalysis,0.8461538461538461,0.41798996925354004
GaussianNB,0.46153846153846156,0.012820005416870117
BernoulliNB,0.6153846153846154,0.004846096038818359
MLPClassifier,0.8461538461538461,4.682054042816162
ExtraTreeClassifier,0.8461538461538461,0.009640932083129883
DecisionTreeClassifier,0.5384615384615384,0.03191685676574707
LabelSpreading,0.6153846153846154,0.028955936431884766
LabelPropagation,0.6153846153846154,0.0058841705322265625
DummyClassifier,0.6153846153846154,0.0007500648498535156
