classifier,score,time
SVC,0.8524590163934426,0.0017271041870117188
SGDClassifier,0.8032786885245902,0.0009589195251464844
RidgeClassifierCV,0.8524590163934426,0.0013167858123779297
RidgeClassifier,0.8524590163934426,0.0008456707000732422
Perceptron,0.7868852459016393,0.0007431507110595703
PassiveAggressiveClassifier,0.7704918032786885,0.0008130073547363281
LogisticRegressionCV,0.8524590163934426,0.03226900100708008
LogisticRegression,0.8360655737704918,0.0011088848114013672
LinearSVC,0.8360655737704918,0.0007529258728027344
RandomForestClassifier,0.8360655737704918,0.05011701583862305
HistGradientBoostingClassifier,0.819672131147541,0.2389240264892578
GradientBoostingClassifier,0.8360655737704918,0.05107831954956055
ExtraTreesClassifier,0.8524590163934426,0.0369257926940918
AdaBoostClassifier,0.7377049180327869,0.055416107177734375
XGBClassifier,0.7868852459016393,0.07183313369750977
LGBMClassifier,0.7868852459016393,0.13248372077941895
CatBoostClassifier,0.8360655737704918,0.17102789878845215
RadiusNeighborsClassifier,,
KNeighborsClassifier,0.8524590163934426,0.0005278587341308594
NearestCentroid,0.8688524590163934,0.0004947185516357422
QuadraticDiscriminantAnalysis,0.5573770491803278,0.0011022090911865234
LinearDiscriminantAnalysis,0.8524590163934426,0.0010530948638916016
GaussianNB,0.7213114754098361,0.0005869865417480469
BernoulliNB,0.8524590163934426,0.0007941722869873047
MLPClassifier,0.8852459016393442,1.0883159637451172
ExtraTreeClassifier,0.8360655737704918,0.0006840229034423828
DecisionTreeClassifier,0.7540983606557377,0.0009448528289794922
LabelSpreading,0.819672131147541,0.0013439655303955078
LabelPropagation,0.819672131147541,0.0012118816375732422
DummyClassifier,0.5409836065573771,0.0002357959747314453
