classifier,score,time
SVC,0.8675,0.0315399169921875
SGDClassifier,0.86,0.002917051315307617
RidgeClassifierCV,0.8625,0.13753700256347656
RidgeClassifier,0.8625,0.002907991409301758
Perceptron,0.8425,0.0012280941009521484
PassiveAggressiveClassifier,0.685,0.008933067321777344
LogisticRegressionCV,0.885,1.0550332069396973
LogisticRegression,0.865,0.09398603439331055
LinearSVC,0.87,0.0026912689208984375
RandomForestClassifier,0.8775,0.2248978614807129
HistGradientBoostingClassifier,0.875,0.9706399440765381
GradientBoostingClassifier,0.8825,0.19532418251037598
ExtraTreesClassifier,0.885,0.08677506446838379
AdaBoostClassifier,0.875,0.10967898368835449
XGBClassifier,0.8675,0.15758681297302246
LGBMClassifier,0.8725,0.3983461856842041
CatBoostClassifier,0.8875,0.10146713256835938
RadiusNeighborsClassifier,0.7125,0.0006930828094482422
KNeighborsClassifier,0.86,0.0006308555603027344
NearestCentroid,0.5675,0.001068115234375
QuadraticDiscriminantAnalysis,0.645,0.016267776489257812
LinearDiscriminantAnalysis,0.8625,0.005388736724853516
GaussianNB,0.7225,0.0018830299377441406
BernoulliNB,0.7075,0.002930879592895508
MLPClassifier,0.89,9.07362413406372
ExtraTreeClassifier,0.79,0.0029172897338867188
DecisionTreeClassifier,0.8375,0.0170590877532959
LabelSpreading,0.825,0.07863187789916992
LabelPropagation,0.8275,0.025997161865234375
DummyClassifier,0.685,0.00016617774963378906
