classifier,score,time
SVC,0.9707602339181286,0.01539921760559082
SGDClassifier,0.9502923976608187,0.0023179054260253906
RidgeClassifierCV,0.9239766081871345,0.41786813735961914
RidgeClassifier,0.9298245614035088,0.06165289878845215
Perceptron,0.9619883040935673,0.00488591194152832
PassiveAggressiveClassifier,0.7134502923976608,0.0026140213012695312
LogisticRegressionCV,0.9678362573099415,0.15676498413085938
LogisticRegression,0.9532163742690059,0.006666898727416992
LinearSVC,0.956140350877193,0.0052797794342041016
RandomForestClassifier,0.9883040935672515,0.2682912349700928
HistGradientBoostingClassifier,0.9912280701754386,0.6785211563110352
GradientBoostingClassifier,0.9853801169590644,0.9061510562896729
ExtraTreesClassifier,0.9883040935672515,0.06541681289672852
AdaBoostClassifier,0.9941520467836257,0.3662550449371338
XGBClassifier,0.9912280701754386,0.06021404266357422
LGBMClassifier,0.9912280701754386,0.381458044052124
CatBoostClassifier,0.9883040935672515,0.22183704376220703
RadiusNeighborsClassifier,0.8508771929824561,0.0007150173187255859
KNeighborsClassifier,0.9444444444444444,0.0018308162689208984
NearestCentroid,0.935672514619883,0.0006279945373535156
QuadraticDiscriminantAnalysis,0.9619883040935673,0.09649205207824707
LinearDiscriminantAnalysis,0.9210526315789473,0.2691080570220947
GaussianNB,0.9502923976608187,0.0021979808807373047
BernoulliNB,0.6578947368421053,0.0025708675384521484
MLPClassifier,0.9736842105263158,2.6679391860961914
ExtraTreeClassifier,0.9532163742690059,0.0023322105407714844
DecisionTreeClassifier,0.9619883040935673,0.024439096450805664
LabelSpreading,0.9502923976608187,0.03165173530578613
LabelPropagation,0.9502923976608187,0.020837783813476562
DummyClassifier,0.6578947368421053,0.00013518333435058594
