classifier,score,time
SVC,0.8604651162790697,0.0023250579833984375
SGDClassifier,0.8837209302325582,0.0011157989501953125
RidgeClassifierCV,0.8837209302325582,0.0038080215454101562
RidgeClassifier,0.8837209302325582,0.0014090538024902344
Perceptron,0.813953488372093,0.0009431838989257812
PassiveAggressiveClassifier,0.813953488372093,0.0009779930114746094
LogisticRegressionCV,0.8372093023255814,0.051043033599853516
LogisticRegression,0.8604651162790697,0.0013880729675292969
LinearSVC,0.8604651162790697,0.0007581710815429688
RandomForestClassifier,0.8372093023255814,0.047035932540893555
HistGradientBoostingClassifier,0.8837209302325582,0.2313241958618164
GradientBoostingClassifier,0.8604651162790697,0.04272580146789551
ExtraTreesClassifier,0.813953488372093,0.03392982482910156
AdaBoostClassifier,0.8604651162790697,0.05298209190368652
XGBClassifier,0.8837209302325582,0.08047890663146973
LGBMClassifier,0.8837209302325582,0.11496591567993164
CatBoostClassifier,0.8604651162790697,0.10709667205810547
RadiusNeighborsClassifier,,
KNeighborsClassifier,0.8604651162790697,0.0010716915130615234
NearestCentroid,0.8604651162790697,0.0006589889526367188
QuadraticDiscriminantAnalysis,0.8837209302325582,0.0029799938201904297
LinearDiscriminantAnalysis,0.9069767441860465,0.0012121200561523438
GaussianNB,0.8604651162790697,0.0006220340728759766
BernoulliNB,0.8604651162790697,0.0008697509765625
MLPClassifier,0.8372093023255814,3.893754720687866
ExtraTreeClassifier,0.7441860465116279,0.0006401538848876953
DecisionTreeClassifier,0.8372093023255814,0.0027480125427246094
LabelSpreading,0.813953488372093,0.014802217483520508
LabelPropagation,0.813953488372093,0.008394002914428711
DummyClassifier,0.6046511627906976,0.00019621849060058594
