classifier,score,time
SVC,0.575,0.08022284507751465
SGDClassifier,0.675,0.01870894432067871
RidgeClassifierCV,0.6333333333333333,0.7224199771881104
RidgeClassifier,0.6333333333333333,0.1159970760345459
Perceptron,0.675,0.027829885482788086
PassiveAggressiveClassifier,0.625,0.11983275413513184
LogisticRegressionCV,0.625,1.2591071128845215
LogisticRegression,0.625,0.1001121997833252
LinearSVC,0.6166666666666667,0.026182889938354492
RandomForestClassifier,0.6,0.2447350025177002
HistGradientBoostingClassifier,0.6333333333333333,2.568263292312622
GradientBoostingClassifier,0.6583333333333333,0.4142467975616455
ExtraTreesClassifier,0.5833333333333334,0.16702699661254883
AdaBoostClassifier,0.625,0.2331709861755371
XGBClassifier,0.6333333333333333,0.4133157730102539
LGBMClassifier,0.625,0.30948495864868164
CatBoostClassifier,0.6,0.18103289604187012
RadiusNeighborsClassifier,,
KNeighborsClassifier,0.6333333333333333,0.004868984222412109
NearestCentroid,0.5416666666666666,0.006222248077392578
QuadraticDiscriminantAnalysis,0.5416666666666666,0.8827061653137207
LinearDiscriminantAnalysis,0.5666666666666667,1.195007085800171
GaussianNB,0.6166666666666667,0.19063973426818848
BernoulliNB,0.6,0.0482020378112793
MLPClassifier,0.6333333333333333,9.108144998550415
ExtraTreeClassifier,0.575,0.012805938720703125
DecisionTreeClassifier,0.6166666666666667,0.03569293022155762
LabelSpreading,0.5916666666666667,0.04822111129760742
LabelPropagation,0.5916666666666667,0.04842495918273926
DummyClassifier,0.575,0.0008039474487304688
