classifier,score,time
SVC,0.6842105263157895,0.0011861324310302734
SGDClassifier,0.5263157894736842,0.0009691715240478516
RidgeClassifierCV,0.6052631578947368,0.002402067184448242
RidgeClassifier,0.6052631578947368,0.0028738975524902344
Perceptron,0.6578947368421053,0.0023360252380371094
PassiveAggressiveClassifier,0.6052631578947368,0.0008270740509033203
LogisticRegressionCV,0.631578947368421,0.0485386848449707
LogisticRegression,0.631578947368421,0.004270076751708984
LinearSVC,0.6052631578947368,0.0024521350860595703
RandomForestClassifier,0.5789473684210527,0.11636900901794434
HistGradientBoostingClassifier,0.6842105263157895,0.1245119571685791
GradientBoostingClassifier,0.6052631578947368,0.03977680206298828
ExtraTreesClassifier,0.6052631578947368,0.035017967224121094
AdaBoostClassifier,0.631578947368421,0.04998898506164551
XGBClassifier,0.6578947368421053,0.08214616775512695
LGBMClassifier,0.6578947368421053,0.1050570011138916
CatBoostClassifier,0.5789473684210527,0.17565608024597168
RadiusNeighborsClassifier,,
KNeighborsClassifier,0.6052631578947368,0.000514984130859375
NearestCentroid,0.6578947368421053,0.001615762710571289
QuadraticDiscriminantAnalysis,0.6052631578947368,0.02370309829711914
LinearDiscriminantAnalysis,0.6052631578947368,0.11762523651123047
GaussianNB,0.5789473684210527,0.0006401538848876953
BernoulliNB,0.631578947368421,0.0007631778717041016
MLPClassifier,0.5526315789473685,0.5995500087738037
ExtraTreeClassifier,0.5263157894736842,0.0016050338745117188
DecisionTreeClassifier,0.5526315789473685,0.0020837783813476562
LabelSpreading,0.5,0.001567840576171875
LabelPropagation,0.5526315789473685,0.0007112026214599609
DummyClassifier,0.6578947368421053,8.869171142578125e-05
