classifier,score,time
SVC,,
SGDClassifier,,
RidgeClassifierCV,1.0,0.38502001762390137
RidgeClassifier,1.0,0.001977205276489258
Perceptron,,
PassiveAggressiveClassifier,,
LogisticRegressionCV,,
LogisticRegression,,
LinearSVC,,
RandomForestClassifier,1.0,0.0694739818572998
HistGradientBoostingClassifier,1.0,0.25917625427246094
GradientBoostingClassifier,,
ExtraTreesClassifier,1.0,0.02927994728088379
AdaBoostClassifier,1.0,0.0013840198516845703
XGBClassifier,1.0,0.08994412422180176
LGBMClassifier,,
CatBoostClassifier,,
RadiusNeighborsClassifier,,
KNeighborsClassifier,1.0,0.0010488033294677734
NearestCentroid,,
QuadraticDiscriminantAnalysis,,
LinearDiscriminantAnalysis,1.0,0.04844808578491211
GaussianNB,1.0,0.003686189651489258
BernoulliNB,1.0,0.027487993240356445
MLPClassifier,1.0,1.664036750793457
ExtraTreeClassifier,1.0,0.0007228851318359375
DecisionTreeClassifier,1.0,0.0006539821624755859
LabelSpreading,1.0,0.030183076858520508
LabelPropagation,1.0,0.0117950439453125
DummyClassifier,1.0,0.0003941059112548828
