classifier,score,time
SVC,0.9824561403508771,0.002377033233642578
SGDClassifier,1.0,0.0009610652923583984
RidgeClassifierCV,0.9912280701754386,0.3650970458984375
RidgeClassifier,0.9912280701754386,0.002804994583129883
Perceptron,0.956140350877193,0.0008630752563476562
PassiveAggressiveClassifier,0.9122807017543859,0.004088163375854492
LogisticRegressionCV,0.9649122807017544,0.7654290199279785
LogisticRegression,0.9912280701754386,0.009203910827636719
LinearSVC,0.9912280701754386,0.0028133392333984375
RandomForestClassifier,0.956140350877193,0.18315434455871582
HistGradientBoostingClassifier,0.9649122807017544,0.7037010192871094
GradientBoostingClassifier,0.9473684210526315,0.3109610080718994
ExtraTreesClassifier,0.9649122807017544,0.03992295265197754
AdaBoostClassifier,0.9912280701754386,0.14632797241210938
XGBClassifier,0.9736842105263158,0.08913993835449219
LGBMClassifier,0.9736842105263158,0.3040943145751953
CatBoostClassifier,0.9649122807017544,0.17563819885253906
RadiusNeighborsClassifier,0.8771929824561403,0.0012559890747070312
KNeighborsClassifier,0.9824561403508771,0.000530242919921875
NearestCentroid,0.9649122807017544,0.0005700588226318359
QuadraticDiscriminantAnalysis,0.9649122807017544,0.014651060104370117
LinearDiscriminantAnalysis,0.9824561403508771,0.2750279903411865
GaussianNB,0.956140350877193,0.002081155776977539
BernoulliNB,0.5350877192982456,0.002135038375854492
MLPClassifier,0.9736842105263158,7.4108500480651855
ExtraTreeClassifier,0.956140350877193,0.0006809234619140625
DecisionTreeClassifier,0.9210526315789473,0.01075601577758789
LabelSpreading,0.9912280701754386,0.016941070556640625
LabelPropagation,0.9912280701754386,0.009305238723754883
DummyClassifier,0.543859649122807,0.00011777877807617188
