classifier,score,time
SVC,0.8888888888888888,0.0008320808410644531
SGDClassifier,0.8888888888888888,0.0007350444793701172
RidgeClassifierCV,0.8888888888888888,0.0013952255249023438
RidgeClassifier,0.8888888888888888,0.0009839534759521484
Perceptron,0.8888888888888888,0.0072939395904541016
PassiveAggressiveClassifier,0.8888888888888888,0.0032558441162109375
LogisticRegressionCV,0.8888888888888888,0.056054115295410156
LogisticRegression,0.8888888888888888,0.001016855239868164
LinearSVC,0.8888888888888888,0.0007190704345703125
RandomForestClassifier,0.8888888888888888,0.07787179946899414
HistGradientBoostingClassifier,0.8888888888888888,0.04868292808532715
GradientBoostingClassifier,0.8888888888888888,0.025872230529785156
ExtraTreesClassifier,0.8888888888888888,0.042366981506347656
AdaBoostClassifier,0.8888888888888888,0.05373811721801758
XGBClassifier,0.7777777777777778,0.07983088493347168
LGBMClassifier,0.8888888888888888,0.0073699951171875
CatBoostClassifier,0.8888888888888888,0.05194401741027832
RadiusNeighborsClassifier,,
KNeighborsClassifier,0.8888888888888888,0.0005931854248046875
NearestCentroid,0.8888888888888888,0.000576019287109375
QuadraticDiscriminantAnalysis,0.7777777777777778,0.0007898807525634766
LinearDiscriminantAnalysis,0.8888888888888888,0.0011382102966308594
GaussianNB,0.1111111111111111,0.0006337165832519531
BernoulliNB,0.8888888888888888,0.0008080005645751953
MLPClassifier,0.8888888888888888,1.019139051437378
ExtraTreeClassifier,0.8888888888888888,0.0006830692291259766
DecisionTreeClassifier,0.8888888888888888,0.000621795654296875
LabelSpreading,0.8888888888888888,0.000659942626953125
LabelPropagation,0.8888888888888888,0.0005910396575927734
DummyClassifier,0.8888888888888888,8.916854858398438e-05
