classifier,score,time
SVC,1.0,0.0007297992706298828
SGDClassifier,1.0,0.0006091594696044922
RidgeClassifierCV,1.0,0.0010471343994140625
RidgeClassifier,1.0,0.0007369518280029297
Perceptron,1.0,0.0005681514739990234
PassiveAggressiveClassifier,1.0,0.0005257129669189453
LogisticRegressionCV,1.0,0.021162986755371094
LogisticRegression,1.0,0.0009169578552246094
LinearSVC,1.0,0.0005359649658203125
RandomForestClassifier,1.0,0.04280900955200195
HistGradientBoostingClassifier,1.0,0.2623457908630371
GradientBoostingClassifier,1.0,0.024614810943603516
ExtraTreesClassifier,1.0,0.029098987579345703
AdaBoostClassifier,1.0,0.05044722557067871
XGBClassifier,0.9875,0.02771306037902832
LGBMClassifier,1.0,0.12119197845458984
CatBoostClassifier,1.0,0.09779787063598633
RadiusNeighborsClassifier,0.5875,0.0007698535919189453
KNeighborsClassifier,1.0,0.0004799365997314453
NearestCentroid,1.0,0.00040602684020996094
QuadraticDiscriminantAnalysis,1.0,0.00046896934509277344
LinearDiscriminantAnalysis,1.0,0.0006530284881591797
GaussianNB,1.0,0.0004830360412597656
BernoulliNB,0.4875,0.000640869140625
MLPClassifier,1.0,0.31032514572143555
ExtraTreeClassifier,0.9875,0.00047516822814941406
DecisionTreeClassifier,1.0,0.0004639625549316406
LabelSpreading,1.0,0.0017306804656982422
LabelPropagation,1.0,0.0010628700256347656
DummyClassifier,0.4875,8.487701416015625e-05
