classifier,score,time
SVC,0.717948717948718,0.0038881301879882812
SGDClassifier,0.7264957264957265,0.0012311935424804688
RidgeClassifierCV,0.7264957264957265,0.0011582374572753906
RidgeClassifier,0.7264957264957265,0.0007989406585693359
Perceptron,0.717948717948718,0.0007081031799316406
PassiveAggressiveClassifier,0.6410256410256411,0.0007119178771972656
LogisticRegressionCV,0.717948717948718,0.03789687156677246
LogisticRegression,0.7264957264957265,0.0017879009246826172
LinearSVC,0.7094017094017094,0.0008847713470458984
RandomForestClassifier,0.7264957264957265,0.06664109230041504
HistGradientBoostingClassifier,0.7692307692307693,0.41953396797180176
GradientBoostingClassifier,0.7435897435897436,0.07656717300415039
ExtraTreesClassifier,0.717948717948718,0.04828810691833496
AdaBoostClassifier,0.6752136752136753,0.06565403938293457
XGBClassifier,0.7435897435897436,0.05719780921936035
LGBMClassifier,0.7350427350427351,0.27017688751220703
CatBoostClassifier,0.717948717948718,0.1004331111907959
RadiusNeighborsClassifier,0.717948717948718,0.0007710456848144531
KNeighborsClassifier,0.6666666666666666,0.00046324729919433594
NearestCentroid,0.6837606837606838,0.0004169940948486328
QuadraticDiscriminantAnalysis,0.5384615384615384,0.0007588863372802734
LinearDiscriminantAnalysis,0.717948717948718,0.0007579326629638672
GaussianNB,0.5555555555555556,0.00048804283142089844
BernoulliNB,0.717948717948718,0.0006351470947265625
MLPClassifier,0.7692307692307693,0.40480995178222656
ExtraTreeClassifier,0.6923076923076923,0.0012829303741455078
DecisionTreeClassifier,0.6752136752136753,0.001865386962890625
LabelSpreading,0.7094017094017094,0.011109113693237305
LabelPropagation,0.717948717948718,0.0070629119873046875
DummyClassifier,0.717948717948718,0.0002758502960205078
