classifier,score,time
SVC,,
SGDClassifier,,
RidgeClassifierCV,1.0,0.37943506240844727
RidgeClassifier,1.0,0.006124973297119141
Perceptron,,
PassiveAggressiveClassifier,,
LogisticRegressionCV,,
LogisticRegression,,
LinearSVC,,
RandomForestClassifier,1.0,0.06561708450317383
HistGradientBoostingClassifier,1.0,0.2495427131652832
GradientBoostingClassifier,,
ExtraTreesClassifier,1.0,0.028348207473754883
AdaBoostClassifier,1.0,0.0010952949523925781
XGBClassifier,1.0,0.03833603858947754
LGBMClassifier,1.0,0.0032160282135009766
CatBoostClassifier,,
RadiusNeighborsClassifier,,
KNeighborsClassifier,1.0,0.0005860328674316406
NearestCentroid,,
QuadraticDiscriminantAnalysis,,
LinearDiscriminantAnalysis,1.0,0.0034608840942382812
GaussianNB,1.0,0.002699136734008789
BernoulliNB,1.0,0.009449005126953125
MLPClassifier,1.0,0.9899990558624268
ExtraTreeClassifier,1.0,0.0015001296997070312
DecisionTreeClassifier,1.0,0.0019469261169433594
LabelSpreading,1.0,0.004788875579833984
LabelPropagation,1.0,0.010512828826904297
DummyClassifier,1.0,0.00012493133544921875
