classifier,score,time
SVC,0.975,0.0015187263488769531
SGDClassifier,0.9875,0.0009829998016357422
RidgeClassifierCV,0.9625,0.37118005752563477
RidgeClassifier,0.9625,0.005918025970458984
Perceptron,0.7375,0.0029981136322021484
PassiveAggressiveClassifier,0.9625,0.005430936813354492
LogisticRegressionCV,0.975,1.0187861919403076
LogisticRegression,0.975,0.0016050338745117188
LinearSVC,0.975,0.0008289813995361328
RandomForestClassifier,0.9875,0.1066431999206543
HistGradientBoostingClassifier,0.9875,0.6762223243713379
GradientBoostingClassifier,0.9875,0.07481980323791504
ExtraTreesClassifier,1.0,0.03601980209350586
AdaBoostClassifier,0.9875,0.06092214584350586
XGBClassifier,0.9875,0.07663893699645996
LGBMClassifier,0.9875,0.2425699234008789
CatBoostClassifier,0.9875,0.053761959075927734
RadiusNeighborsClassifier,,
KNeighborsClassifier,0.9625,0.0006110668182373047
NearestCentroid,0.95,0.0005311965942382812
QuadraticDiscriminantAnalysis,1.0,0.011644840240478516
LinearDiscriminantAnalysis,0.9625,0.3502039909362793
GaussianNB,1.0,0.006566047668457031
BernoulliNB,0.975,0.0007939338684082031
MLPClassifier,0.975,8.352004051208496
ExtraTreeClassifier,0.95,0.0007889270782470703
DecisionTreeClassifier,0.975,0.016318082809448242
LabelSpreading,0.9625,0.023526906967163086
LabelPropagation,0.9625,0.006469249725341797
DummyClassifier,0.575,0.0001552104949951172
