classifier,score,time
SVC,0.9534883720930233,0.011360883712768555
SGDClassifier,0.9186046511627907,0.007550954818725586
RidgeClassifierCV,0.9651162790697675,0.39205098152160645
RidgeClassifier,0.9651162790697675,0.27298784255981445
Perceptron,0.9476744186046512,0.007359981536865234
PassiveAggressiveClassifier,0.9186046511627907,0.029784679412841797
LogisticRegressionCV,0.9476744186046512,1.3578991889953613
LogisticRegression,0.9476744186046512,0.05649685859680176
LinearSVC,0.9302325581395349,0.0037980079650878906
RandomForestClassifier,0.9534883720930233,0.10753417015075684
HistGradientBoostingClassifier,0.936046511627907,1.5046048164367676
GradientBoostingClassifier,0.9476744186046512,0.17345595359802246
ExtraTreesClassifier,0.9476744186046512,0.05701088905334473
AdaBoostClassifier,0.9418604651162791,0.10925889015197754
XGBClassifier,0.9476744186046512,0.12774872779846191
LGBMClassifier,,
CatBoostClassifier,0.9476744186046512,0.20067691802978516
RadiusNeighborsClassifier,,
KNeighborsClassifier,0.9186046511627907,0.0016160011291503906
NearestCentroid,0.9651162790697675,0.002476930618286133
QuadraticDiscriminantAnalysis,0.8662790697674418,0.4193568229675293
LinearDiscriminantAnalysis,0.9709302325581395,0.3864748477935791
GaussianNB,0.5348837209302325,0.05633711814880371
BernoulliNB,0.9534883720930233,0.16866612434387207
MLPClassifier,0.9244186046511628,8.32186484336853
ExtraTreeClassifier,0.936046511627907,0.003555774688720703
DecisionTreeClassifier,0.9534883720930233,0.008050203323364258
LabelSpreading,0.9418604651162791,0.03960776329040527
LabelPropagation,0.9476744186046512,0.026388883590698242
DummyClassifier,0.9186046511627907,0.0001499652862548828
