classifier,score,time
SVC,0.7662337662337663,0.0042307376861572266
SGDClassifier,0.7077922077922078,0.0011360645294189453
RidgeClassifierCV,0.7727272727272727,0.0011761188507080078
RidgeClassifier,0.7727272727272727,0.0008051395416259766
Perceptron,0.6038961038961039,0.0007159709930419922
PassiveAggressiveClassifier,0.6363636363636364,0.000659942626953125
LogisticRegressionCV,0.7857142857142857,0.02247905731201172
LogisticRegression,0.7792207792207793,0.0009720325469970703
LinearSVC,0.7727272727272727,0.0007700920104980469
RandomForestClassifier,0.7207792207792207,0.06914496421813965
HistGradientBoostingClassifier,0.7662337662337663,0.49021077156066895
GradientBoostingClassifier,0.7922077922077922,0.08582925796508789
ExtraTreesClassifier,0.7012987012987013,0.051107168197631836
AdaBoostClassifier,0.7597402597402597,0.06976795196533203
XGBClassifier,0.7467532467532467,0.0567779541015625
LGBMClassifier,0.7532467532467533,0.2883169651031494
CatBoostClassifier,0.7727272727272727,0.10377693176269531
RadiusNeighborsClassifier,0.6038961038961039,0.000762939453125
KNeighborsClassifier,0.7272727272727273,0.0004978179931640625
NearestCentroid,0.7272727272727273,0.0004069805145263672
QuadraticDiscriminantAnalysis,0.7922077922077922,0.0005879402160644531
LinearDiscriminantAnalysis,0.7792207792207793,0.0007879734039306641
GaussianNB,0.7597402597402597,0.00047326087951660156
BernoulliNB,0.6103896103896104,0.0006542205810546875
MLPClassifier,0.7662337662337663,0.5549860000610352
ExtraTreeClassifier,0.6948051948051948,0.0007059574127197266
DecisionTreeClassifier,0.6753246753246753,0.0019228458404541016
LabelSpreading,0.7532467532467533,0.012636899948120117
LabelPropagation,0.7662337662337663,0.004263162612915039
DummyClassifier,0.6038961038961039,9.822845458984375e-05
