classifier,score,time
SVC,0.819672131147541,0.0017993450164794922
SGDClassifier,0.7213114754098361,0.0009582042694091797
RidgeClassifierCV,0.8360655737704918,0.0012500286102294922
RidgeClassifier,0.8360655737704918,0.0008339881896972656
Perceptron,0.8688524590163934,0.0059201717376708984
PassiveAggressiveClassifier,0.5737704918032787,0.0006458759307861328
LogisticRegressionCV,0.8360655737704918,0.06976699829101562
LogisticRegression,0.8360655737704918,0.0014410018920898438
LinearSVC,0.8360655737704918,0.0007641315460205078
RandomForestClassifier,0.8360655737704918,0.0953531265258789
HistGradientBoostingClassifier,0.8032786885245902,0.3388340473175049
GradientBoostingClassifier,0.819672131147541,0.05333900451660156
ExtraTreesClassifier,0.7868852459016393,0.03786969184875488
AdaBoostClassifier,0.6885245901639344,0.05672192573547363
XGBClassifier,0.7868852459016393,0.08151483535766602
LGBMClassifier,0.7704918032786885,0.19086503982543945
CatBoostClassifier,0.8032786885245902,0.09929108619689941
RadiusNeighborsClassifier,,
KNeighborsClassifier,0.8524590163934426,0.0005018711090087891
NearestCentroid,0.8360655737704918,0.0004711151123046875
QuadraticDiscriminantAnalysis,0.6557377049180327,0.0008292198181152344
LinearDiscriminantAnalysis,0.819672131147541,0.0009710788726806641
GaussianNB,0.819672131147541,0.0005369186401367188
BernoulliNB,0.8032786885245902,0.0007030963897705078
MLPClassifier,0.8524590163934426,8.774513244628906
ExtraTreeClassifier,0.7213114754098361,0.0006389617919921875
DecisionTreeClassifier,0.7049180327868853,0.00092315673828125
LabelSpreading,0.8032786885245902,0.006632328033447266
LabelPropagation,0.8032786885245902,0.01342010498046875
DummyClassifier,0.5409836065573771,0.00011897087097167969
