classifier,score,time
SVC,0.8852459016393442,0.001753091812133789
SGDClassifier,0.8360655737704918,0.0014948844909667969
RidgeClassifierCV,0.8524590163934426,0.0013401508331298828
RidgeClassifier,0.8524590163934426,0.000926971435546875
Perceptron,0.819672131147541,0.0010571479797363281
PassiveAggressiveClassifier,0.7540983606557377,0.0024378299713134766
LogisticRegressionCV,0.8524590163934426,0.036025285720825195
LogisticRegression,0.8688524590163934,0.0013241767883300781
LinearSVC,0.8524590163934426,0.0007712841033935547
RandomForestClassifier,0.8032786885245902,0.04835200309753418
HistGradientBoostingClassifier,0.8032786885245902,0.3118479251861572
GradientBoostingClassifier,0.819672131147541,0.05601310729980469
ExtraTreesClassifier,0.8032786885245902,0.03827786445617676
AdaBoostClassifier,0.7377049180327869,0.05800294876098633
XGBClassifier,0.7704918032786885,0.08140301704406738
LGBMClassifier,0.8032786885245902,0.17745685577392578
CatBoostClassifier,0.8360655737704918,0.10460686683654785
RadiusNeighborsClassifier,,
KNeighborsClassifier,0.8360655737704918,0.00047469139099121094
NearestCentroid,0.8032786885245902,0.0005748271942138672
QuadraticDiscriminantAnalysis,0.6557377049180327,0.00096893310546875
LinearDiscriminantAnalysis,0.8524590163934426,0.0009899139404296875
GaussianNB,0.8360655737704918,0.0005538463592529297
BernoulliNB,0.819672131147541,0.0008208751678466797
MLPClassifier,0.7868852459016393,9.34935998916626
ExtraTreeClassifier,0.819672131147541,0.0007212162017822266
DecisionTreeClassifier,0.6885245901639344,0.0010390281677246094
LabelSpreading,0.7868852459016393,0.009469985961914062
LabelPropagation,0.7868852459016393,0.007220268249511719
DummyClassifier,0.45901639344262296,0.00039076805114746094
