classifier,score,time
SVC,0.6935483870967742,0.001889944076538086
SGDClassifier,0.7419354838709677,0.0012521743774414062
RidgeClassifierCV,0.7741935483870968,0.001415252685546875
RidgeClassifier,0.7741935483870968,0.0010652542114257812
Perceptron,0.7419354838709677,0.0007910728454589844
PassiveAggressiveClassifier,0.7419354838709677,0.0007519721984863281
LogisticRegressionCV,0.7580645161290323,0.026601076126098633
LogisticRegression,0.7741935483870968,0.0015039443969726562
LinearSVC,0.7903225806451613,0.0007510185241699219
RandomForestClassifier,0.7419354838709677,0.05104494094848633
HistGradientBoostingClassifier,0.7580645161290323,0.25105929374694824
GradientBoostingClassifier,0.7419354838709677,0.055744171142578125
ExtraTreesClassifier,0.7419354838709677,0.041207075119018555
AdaBoostClassifier,0.6935483870967742,0.061521053314208984
XGBClassifier,0.7419354838709677,0.06755805015563965
LGBMClassifier,0.7258064516129032,0.16418695449829102
CatBoostClassifier,0.7419354838709677,0.12737584114074707
RadiusNeighborsClassifier,,
KNeighborsClassifier,0.7258064516129032,0.0016508102416992188
NearestCentroid,0.7258064516129032,0.0005500316619873047
QuadraticDiscriminantAnalysis,0.6774193548387096,0.0009381771087646484
LinearDiscriminantAnalysis,0.7903225806451613,0.0008540153503417969
GaussianNB,0.6935483870967742,0.002043008804321289
BernoulliNB,0.6612903225806451,0.0021157264709472656
MLPClassifier,0.8064516129032258,1.0335769653320312
ExtraTreeClassifier,0.532258064516129,0.0006511211395263672
DecisionTreeClassifier,0.7096774193548387,0.0010030269622802734
LabelSpreading,0.6774193548387096,0.0017750263214111328
LabelPropagation,0.6935483870967742,0.006838083267211914
DummyClassifier,0.6774193548387096,0.00023698806762695312
