classifier,score,time
SVC,0.97,0.009039163589477539
SGDClassifier,0.97,0.0024878978729248047
RidgeClassifierCV,0.97,0.031327009201049805
RidgeClassifier,0.97,0.0008549690246582031
Perceptron,0.98,0.001359701156616211
PassiveAggressiveClassifier,0.97,0.0029098987579345703
LogisticRegressionCV,0.97,0.09330320358276367
LogisticRegression,0.9675,0.06629824638366699
LinearSVC,0.97,0.0014109611511230469
RandomForestClassifier,0.9775,0.14683198928833008
HistGradientBoostingClassifier,0.98,1.401252269744873
GradientBoostingClassifier,0.9725,0.13511300086975098
ExtraTreesClassifier,0.9775,0.04974985122680664
AdaBoostClassifier,0.975,0.09068799018859863
XGBClassifier,0.975,0.10051894187927246
LGBMClassifier,0.9775,0.33190011978149414
CatBoostClassifier,0.975,0.06099414825439453
RadiusNeighborsClassifier,0.9675,0.000885009765625
KNeighborsClassifier,0.9825,0.0008509159088134766
NearestCentroid,0.675,0.0005099773406982422
QuadraticDiscriminantAnalysis,0.96,0.0005578994750976562
LinearDiscriminantAnalysis,0.9775,0.0008029937744140625
GaussianNB,0.96,0.0005209445953369141
BernoulliNB,0.9675,0.0006890296936035156
MLPClassifier,0.97,2.0447819232940674
ExtraTreeClassifier,0.9725,0.0006799697875976562
DecisionTreeClassifier,0.9775,0.0024619102478027344
LabelSpreading,0.97,0.061510324478149414
LabelPropagation,0.97,0.03492307662963867
DummyClassifier,0.9675,0.00012803077697753906
