classifier,score,time
SVC,,
SGDClassifier,,
RidgeClassifierCV,1.0,0.022693872451782227
RidgeClassifier,1.0,0.0025730133056640625
Perceptron,,
PassiveAggressiveClassifier,,
LogisticRegressionCV,,
LogisticRegression,,
LinearSVC,,
RandomForestClassifier,1.0,0.12631702423095703
HistGradientBoostingClassifier,1.0,0.07290291786193848
GradientBoostingClassifier,,
ExtraTreesClassifier,1.0,0.02780318260192871
AdaBoostClassifier,1.0,0.0011980533599853516
XGBClassifier,1.0,0.029158830642700195
LGBMClassifier,1.0,0.004218101501464844
CatBoostClassifier,,
RadiusNeighborsClassifier,,
KNeighborsClassifier,1.0,0.0016219615936279297
NearestCentroid,,
QuadraticDiscriminantAnalysis,,
LinearDiscriminantAnalysis,1.0,0.0015490055084228516
GaussianNB,1.0,0.0005779266357421875
BernoulliNB,1.0,0.015388727188110352
MLPClassifier,1.0,0.36165666580200195
ExtraTreeClassifier,1.0,0.0005440711975097656
DecisionTreeClassifier,1.0,0.00047206878662109375
LabelSpreading,1.0,0.006167888641357422
LabelPropagation,1.0,0.005754709243774414
DummyClassifier,1.0,0.00010895729064941406
