classifier,score,time
SVC,0.8032786885245902,0.0016739368438720703
SGDClassifier,0.819672131147541,0.0009100437164306641
RidgeClassifierCV,0.819672131147541,0.0013141632080078125
RidgeClassifier,0.819672131147541,0.0008587837219238281
Perceptron,0.8032786885245902,0.0006690025329589844
PassiveAggressiveClassifier,0.819672131147541,0.0006289482116699219
LogisticRegressionCV,0.819672131147541,0.03408002853393555
LogisticRegression,0.8032786885245902,0.0013010501861572266
LinearSVC,0.8032786885245902,0.0007390975952148438
RandomForestClassifier,0.8032786885245902,0.04561281204223633
HistGradientBoostingClassifier,0.7704918032786885,0.2396390438079834
GradientBoostingClassifier,0.7868852459016393,0.05123114585876465
ExtraTreesClassifier,0.7540983606557377,0.036540985107421875
AdaBoostClassifier,0.7049180327868853,0.055724143981933594
XGBClassifier,0.8032786885245902,0.0672311782836914
LGBMClassifier,0.7704918032786885,0.1983928680419922
CatBoostClassifier,0.8360655737704918,0.15778303146362305
RadiusNeighborsClassifier,,
KNeighborsClassifier,0.8524590163934426,0.0014569759368896484
NearestCentroid,0.7540983606557377,0.00047588348388671875
QuadraticDiscriminantAnalysis,0.5409836065573771,0.0010161399841308594
LinearDiscriminantAnalysis,0.8360655737704918,0.0009851455688476562
GaussianNB,0.7049180327868853,0.0005419254302978516
BernoulliNB,0.7540983606557377,0.0007321834564208984
MLPClassifier,0.7540983606557377,0.4234287738800049
ExtraTreeClassifier,0.7540983606557377,0.0011391639709472656
DecisionTreeClassifier,0.7377049180327869,0.0026040077209472656
LabelSpreading,0.7704918032786885,0.003740072250366211
LabelPropagation,0.7540983606557377,0.0009520053863525391
DummyClassifier,0.5573770491803278,8.58306884765625e-05
