classifier,score,time
SVC,0.8571428571428571,0.0010800361633300781
SGDClassifier,0.8571428571428571,0.0010039806365966797
RidgeClassifierCV,0.9285714285714286,0.0028221607208251953
RidgeClassifier,0.8571428571428571,0.002777099609375
Perceptron,0.9285714285714286,0.0010492801666259766
PassiveAggressiveClassifier,0.9285714285714286,0.001096963882446289
LogisticRegressionCV,0.9285714285714286,0.04353785514831543
LogisticRegression,0.9285714285714286,0.009265899658203125
LinearSVC,0.8571428571428571,0.0009729862213134766
RandomForestClassifier,0.7142857142857143,0.06847405433654785
HistGradientBoostingClassifier,0.7142857142857143,0.06955718994140625
GradientBoostingClassifier,0.8571428571428571,0.03539299964904785
ExtraTreesClassifier,0.8571428571428571,0.030282020568847656
AdaBoostClassifier,0.8571428571428571,0.050692081451416016
XGBClassifier,0.7857142857142857,0.07818007469177246
LGBMClassifier,0.7142857142857143,0.03005695343017578
CatBoostClassifier,0.7857142857142857,0.1187429428100586
RadiusNeighborsClassifier,,
KNeighborsClassifier,0.9285714285714286,0.0007979869842529297
NearestCentroid,0.9285714285714286,0.0007529258728027344
QuadraticDiscriminantAnalysis,0.5714285714285714,0.025200843811035156
LinearDiscriminantAnalysis,0.7857142857142857,0.28331494331359863
GaussianNB,0.9285714285714286,0.0008862018585205078
BernoulliNB,0.8571428571428571,0.02025294303894043
MLPClassifier,0.9285714285714286,0.464160680770874
ExtraTreeClassifier,0.6428571428571429,0.0029048919677734375
DecisionTreeClassifier,0.8571428571428571,0.002750396728515625
LabelSpreading,0.8571428571428571,0.001010894775390625
LabelPropagation,0.8571428571428571,0.0034160614013671875
DummyClassifier,0.6428571428571429,9.584426879882812e-05
