classifier,score,time
SVC,0.7586206896551724,0.0015711784362792969
SGDClassifier,0.7586206896551724,0.0010650157928466797
RidgeClassifierCV,0.7413793103448276,0.1746387481689453
RidgeClassifier,0.7413793103448276,0.0911858081817627
Perceptron,0.7586206896551724,0.0008251667022705078
PassiveAggressiveClassifier,0.6551724137931034,0.0011818408966064453
LogisticRegressionCV,0.7413793103448276,0.07425189018249512
LogisticRegression,0.7413793103448276,0.003017902374267578
LinearSVC,0.7068965517241379,0.002820730209350586
RandomForestClassifier,0.7758620689655172,0.06846094131469727
HistGradientBoostingClassifier,0.7241379310344828,0.18393611907958984
GradientBoostingClassifier,0.7068965517241379,0.04190683364868164
ExtraTreesClassifier,0.7586206896551724,0.03694415092468262
AdaBoostClassifier,0.6724137931034483,0.052376747131347656
XGBClassifier,0.7068965517241379,0.07371401786804199
LGBMClassifier,,
CatBoostClassifier,0.7758620689655172,0.15352916717529297
RadiusNeighborsClassifier,,
KNeighborsClassifier,0.7241379310344828,0.0005350112915039062
NearestCentroid,0.7068965517241379,0.0005018711090087891
QuadraticDiscriminantAnalysis,0.5,0.024902820587158203
LinearDiscriminantAnalysis,0.7413793103448276,0.26795506477355957
GaussianNB,0.3275862068965517,0.0006070137023925781
BernoulliNB,0.7758620689655172,0.002917051315307617
MLPClassifier,0.7413793103448276,0.7998111248016357
ExtraTreeClassifier,0.8103448275862069,0.0006511211395263672
DecisionTreeClassifier,0.7931034482758621,0.0008358955383300781
LabelSpreading,0.7241379310344828,0.0046999454498291016
LabelPropagation,0.7241379310344828,0.0026488304138183594
DummyClassifier,0.7413793103448276,9.083747863769531e-05
