classifier,score,time
SVC,0.94,0.0025970935821533203
SGDClassifier,0.96,0.0021610260009765625
RidgeClassifierCV,0.96,0.33281803131103516
RidgeClassifier,0.96,0.004170894622802734
Perceptron,0.94,0.0060710906982421875
PassiveAggressiveClassifier,0.94,0.0017180442810058594
LogisticRegressionCV,0.94,0.7646129131317139
LogisticRegression,0.94,0.07659101486206055
LinearSVC,0.96,0.001626729965209961
RandomForestClassifier,0.94,0.10970520973205566
HistGradientBoostingClassifier,0.94,1.1634690761566162
GradientBoostingClassifier,0.92,0.09622311592102051
ExtraTreesClassifier,0.94,0.06275033950805664
AdaBoostClassifier,0.92,0.0957939624786377
XGBClassifier,0.96,0.2260277271270752
LGBMClassifier,,
CatBoostClassifier,0.94,0.1881098747253418
RadiusNeighborsClassifier,,
KNeighborsClassifier,0.9,0.0013952255249023438
NearestCentroid,0.88,0.0012619495391845703
QuadraticDiscriminantAnalysis,0.96,0.046682119369506836
LinearDiscriminantAnalysis,0.96,0.3665339946746826
GaussianNB,0.66,0.0009222030639648438
BernoulliNB,0.9,0.001825094223022461
MLPClassifier,0.96,3.577152967453003
ExtraTreeClassifier,0.96,0.0012481212615966797
DecisionTreeClassifier,0.92,0.0021638870239257812
LabelSpreading,0.96,0.009795904159545898
LabelPropagation,0.96,0.00830698013305664
DummyClassifier,0.74,0.00045490264892578125
