classifier,score,time
SVC,0.7377049180327869,0.002334117889404297
SGDClassifier,0.7213114754098361,0.0015370845794677734
RidgeClassifierCV,0.7704918032786885,0.00152587890625
RidgeClassifier,0.7377049180327869,0.001077890396118164
Perceptron,0.7213114754098361,0.0008380413055419922
PassiveAggressiveClassifier,0.6721311475409836,0.0010340213775634766
LogisticRegressionCV,0.7704918032786885,0.03909182548522949
LogisticRegression,0.7704918032786885,0.0020139217376708984
LinearSVC,0.7213114754098361,0.0008089542388916016
RandomForestClassifier,0.7540983606557377,0.04685497283935547
HistGradientBoostingClassifier,0.7213114754098361,0.19438385963439941
GradientBoostingClassifier,0.6721311475409836,0.05117011070251465
ExtraTreesClassifier,0.7377049180327869,0.036540985107421875
AdaBoostClassifier,0.6885245901639344,0.05622291564941406
XGBClassifier,0.7213114754098361,0.06138896942138672
LGBMClassifier,0.7049180327868853,0.17998218536376953
CatBoostClassifier,0.7377049180327869,0.15543293952941895
RadiusNeighborsClassifier,,
KNeighborsClassifier,0.819672131147541,0.0005049705505371094
NearestCentroid,0.8360655737704918,0.0004639625549316406
QuadraticDiscriminantAnalysis,0.6065573770491803,0.0028989315032958984
LinearDiscriminantAnalysis,0.7049180327868853,0.0028798580169677734
GaussianNB,0.7868852459016393,0.0006000995635986328
BernoulliNB,0.819672131147541,0.0007560253143310547
MLPClassifier,0.7377049180327869,0.8881921768188477
ExtraTreeClassifier,0.639344262295082,0.0024111270904541016
DecisionTreeClassifier,0.6721311475409836,0.002541065216064453
LabelSpreading,0.7213114754098361,0.0013511180877685547
LabelPropagation,0.7377049180327869,0.0008778572082519531
DummyClassifier,0.5901639344262295,8.7738037109375e-05
