classifier,score,time
SVC,0.9579256360078278,0.1103219985961914
SGDClassifier,0.9579256360078278,0.007013082504272461
RidgeClassifierCV,0.9579256360078278,0.1697530746459961
RidgeClassifier,0.9579256360078278,0.05510973930358887
Perceptron,0.6174168297455969,0.0019059181213378906
PassiveAggressiveClassifier,0.9442270058708415,0.00583195686340332
LogisticRegressionCV,0.9579256360078278,0.15887188911437988
LogisticRegression,0.9579256360078278,0.013242006301879883
LinearSVC,0.9579256360078278,0.004503011703491211
RandomForestClassifier,0.9579256360078278,0.2808051109313965
HistGradientBoostingClassifier,0.9530332681017613,0.6987261772155762
GradientBoostingClassifier,0.9559686888454012,0.45746302604675293
ExtraTreesClassifier,0.9530332681017613,0.14760804176330566
AdaBoostClassifier,0.9569471624266145,0.2181088924407959
XGBClassifier,0.9500978473581213,0.06912398338317871
LGBMClassifier,0.9559686888454012,0.4384751319885254
CatBoostClassifier,0.9569471624266145,0.22716498374938965
RadiusNeighborsClassifier,,
KNeighborsClassifier,0.9471624266144814,0.0010387897491455078
NearestCentroid,0.6320939334637965,0.0008971691131591797
QuadraticDiscriminantAnalysis,0.8816046966731899,0.005060911178588867
LinearDiscriminantAnalysis,0.952054794520548,0.12628674507141113
GaussianNB,0.26125244618395305,0.001157999038696289
BernoulliNB,0.9090019569471625,0.012790918350219727
MLPClassifier,0.949119373776908,3.781419038772583
ExtraTreeClassifier,0.9187866927592955,0.001821279525756836
DecisionTreeClassifier,0.9266144814090019,0.02817988395690918
LabelSpreading,0.9403131115459883,0.2913639545440674
LabelPropagation,0.9393346379647749,0.18498992919921875
DummyClassifier,0.9579256360078278,0.0001881122589111328
