classifier,score,time
SVC,0.8369565217391305,0.006249904632568359
SGDClassifier,0.8152173913043478,0.0024220943450927734
RidgeClassifierCV,0.8478260869565217,0.07570505142211914
RidgeClassifier,0.8478260869565217,0.004666805267333984
Perceptron,0.7065217391304348,0.0019991397857666016
PassiveAggressiveClassifier,0.842391304347826,0.0009698867797851562
LogisticRegressionCV,0.8532608695652174,0.26495790481567383
LogisticRegression,0.8478260869565217,0.002582073211669922
LinearSVC,0.8315217391304348,0.0012469291687011719
RandomForestClassifier,0.8641304347826086,0.11616206169128418
HistGradientBoostingClassifier,0.8478260869565217,0.6317260265350342
GradientBoostingClassifier,0.875,0.08632922172546387
ExtraTreesClassifier,0.8315217391304348,0.05318880081176758
AdaBoostClassifier,0.8097826086956522,0.07015514373779297
XGBClassifier,0.8315217391304348,0.062364816665649414
LGBMClassifier,0.842391304347826,0.3224472999572754
CatBoostClassifier,0.8641304347826086,0.17973995208740234
RadiusNeighborsClassifier,,
KNeighborsClassifier,0.8369565217391305,0.0005249977111816406
NearestCentroid,0.8369565217391305,0.0005061626434326172
QuadraticDiscriminantAnalysis,0.7771739130434783,0.0010502338409423828
LinearDiscriminantAnalysis,0.8478260869565217,0.1476302146911621
GaussianNB,0.8152173913043478,0.0017278194427490234
BernoulliNB,0.8315217391304348,0.0022771358489990234
MLPClassifier,0.842391304347826,2.2766971588134766
ExtraTreeClassifier,0.7771739130434783,0.0007948875427246094
DecisionTreeClassifier,0.7608695652173914,0.0020830631256103516
LabelSpreading,0.8369565217391305,0.012705087661743164
LabelPropagation,0.8369565217391305,0.0037262439727783203
DummyClassifier,0.6086956521739131,0.0001049041748046875
