classifier,score,time
SVC,0.8297872340425532,0.008123159408569336
SGDClassifier,0.7127659574468085,0.0017268657684326172
RidgeClassifierCV,0.8297872340425532,0.4279327392578125
RidgeClassifier,0.8085106382978723,0.008317947387695312
Perceptron,0.8297872340425532,0.0008449554443359375
PassiveAggressiveClassifier,0.8297872340425532,0.0008146762847900391
LogisticRegressionCV,0.8297872340425532,0.7914950847625732
LogisticRegression,0.8191489361702128,0.02572798728942871
LinearSVC,0.7978723404255319,0.0031838417053222656
RandomForestClassifier,0.8191489361702128,0.1095740795135498
HistGradientBoostingClassifier,0.8297872340425532,0.9468369483947754
GradientBoostingClassifier,0.7872340425531915,0.07342910766601562
ExtraTreesClassifier,0.8085106382978723,0.05279207229614258
AdaBoostClassifier,0.776595744680851,0.07407522201538086
XGBClassifier,0.8404255319148937,0.13668298721313477
LGBMClassifier,0.8191489361702128,0.2391068935394287
CatBoostClassifier,0.8191489361702128,0.10284066200256348
RadiusNeighborsClassifier,,
KNeighborsClassifier,0.8297872340425532,0.0005009174346923828
NearestCentroid,0.7021276595744681,0.0005578994750976562
QuadraticDiscriminantAnalysis,0.20212765957446807,0.012316226959228516
LinearDiscriminantAnalysis,0.7872340425531915,0.28311610221862793
GaussianNB,0.18085106382978725,0.0006220340728759766
BernoulliNB,0.8085106382978723,0.0007560253143310547
MLPClassifier,0.8085106382978723,12.215404748916626
ExtraTreeClassifier,0.7553191489361702,0.0009338855743408203
DecisionTreeClassifier,0.7659574468085106,0.0020618438720703125
LabelSpreading,0.8297872340425532,0.02948307991027832
LabelPropagation,0.8297872340425532,0.0052182674407958984
DummyClassifier,0.8297872340425532,0.00012493133544921875
