classifier,score,time
SVC,,
SGDClassifier,,
RidgeClassifierCV,1.0,0.3169851303100586
RidgeClassifier,1.0,0.010289907455444336
Perceptron,,
PassiveAggressiveClassifier,,
LogisticRegressionCV,,
LogisticRegression,,
LinearSVC,,
RandomForestClassifier,1.0,0.06110692024230957
HistGradientBoostingClassifier,1.0,0.22136902809143066
GradientBoostingClassifier,,
ExtraTreesClassifier,1.0,0.02858424186706543
AdaBoostClassifier,1.0,0.0010979175567626953
XGBClassifier,1.0,0.039176225662231445
LGBMClassifier,1.0,0.0041310787200927734
CatBoostClassifier,,
RadiusNeighborsClassifier,,
KNeighborsClassifier,1.0,0.0005688667297363281
NearestCentroid,,
QuadraticDiscriminantAnalysis,,
LinearDiscriminantAnalysis,1.0,0.024263858795166016
GaussianNB,1.0,0.0021338462829589844
BernoulliNB,1.0,0.034857988357543945
MLPClassifier,1.0,1.592583179473877
ExtraTreeClassifier,1.0,0.0006639957427978516
DecisionTreeClassifier,1.0,0.0006959438323974609
LabelSpreading,1.0,0.03404998779296875
LabelPropagation,1.0,0.01964712142944336
DummyClassifier,1.0,0.004107952117919922
