classifier,score,time
SVC,0.6965,1.5574212074279785
SGDClassifier,0.702,0.05040693283081055
RidgeClassifierCV,0.7035,0.5106067657470703
RidgeClassifier,0.703,0.030521869659423828
Perceptron,0.684,0.005532026290893555
PassiveAggressiveClassifier,0.6885,0.010298013687133789
LogisticRegressionCV,0.7085,0.6278619766235352
LogisticRegression,0.707,0.051235198974609375
LinearSVC,0.7025,0.06860208511352539
RandomForestClassifier,0.703,0.88875412940979
HistGradientBoostingClassifier,0.692,0.9492738246917725
GradientBoostingClassifier,0.7005,1.4754610061645508
ExtraTreesClassifier,0.694,0.5757238864898682
AdaBoostClassifier,0.702,0.6006431579589844
XGBClassifier,0.6745,0.12806987762451172
LGBMClassifier,0.6945,0.40766096115112305
CatBoostClassifier,0.6985,0.3055460453033447
RadiusNeighborsClassifier,,
KNeighborsClassifier,0.658,0.0013191699981689453
NearestCentroid,0.6145,0.0017139911651611328
QuadraticDiscriminantAnalysis,0.342,0.01991868019104004
LinearDiscriminantAnalysis,0.708,0.28118395805358887
GaussianNB,0.681,0.009432077407836914
BernoulliNB,0.6485,0.03490400314331055
MLPClassifier,0.675,15.097785234451294
ExtraTreeClassifier,0.6105,0.009737968444824219
DecisionTreeClassifier,0.6245,0.12984490394592285
LabelSpreading,0.643,1.0630700588226318
LabelPropagation,0.638,0.6030421257019043
DummyClassifier,0.6925,0.00028896331787109375
