classifier,score,time
SVC,0.84,0.001714944839477539
SGDClassifier,0.96,0.0011551380157470703
RidgeClassifierCV,0.96,0.21049118041992188
RidgeClassifier,0.96,0.06206798553466797
Perceptron,0.94,0.0011551380157470703
PassiveAggressiveClassifier,0.94,0.004033088684082031
LogisticRegressionCV,0.92,0.11175203323364258
LogisticRegression,0.9,0.0038840770721435547
LinearSVC,0.94,0.0010821819305419922
RandomForestClassifier,0.92,0.13455986976623535
HistGradientBoostingClassifier,0.86,0.23100018501281738
GradientBoostingClassifier,0.9,0.05219888687133789
ExtraTreesClassifier,0.96,0.03706622123718262
AdaBoostClassifier,0.92,0.057649850845336914
XGBClassifier,0.92,0.07893896102905273
LGBMClassifier,,
CatBoostClassifier,0.86,0.16831374168395996
RadiusNeighborsClassifier,,
KNeighborsClassifier,0.9,0.0027930736541748047
NearestCentroid,0.82,0.0006389617919921875
QuadraticDiscriminantAnalysis,0.94,0.15445399284362793
LinearDiscriminantAnalysis,0.96,0.32230401039123535
GaussianNB,0.74,0.0008020401000976562
BernoulliNB,0.82,0.0009620189666748047
MLPClassifier,0.96,1.7279338836669922
ExtraTreeClassifier,0.96,0.003170013427734375
DecisionTreeClassifier,0.9,0.0015687942504882812
LabelSpreading,0.96,0.0013740062713623047
LabelPropagation,0.96,0.0011289119720458984
DummyClassifier,0.66,9.799003601074219e-05
