classifier,score,time
SVC,,
SGDClassifier,,
RidgeClassifierCV,1.0,0.13546371459960938
RidgeClassifier,1.0,0.04973006248474121
Perceptron,,
PassiveAggressiveClassifier,,
LogisticRegressionCV,,
LogisticRegression,,
LinearSVC,,
RandomForestClassifier,1.0,0.08413290977478027
HistGradientBoostingClassifier,1.0,0.07514190673828125
GradientBoostingClassifier,,
ExtraTreesClassifier,1.0,0.027718782424926758
AdaBoostClassifier,1.0,0.0012269020080566406
XGBClassifier,1.0,0.08404994010925293
LGBMClassifier,1.0,0.0040798187255859375
CatBoostClassifier,,
RadiusNeighborsClassifier,,
KNeighborsClassifier,1.0,0.0005471706390380859
NearestCentroid,,
QuadraticDiscriminantAnalysis,,
LinearDiscriminantAnalysis,1.0,0.0015459060668945312
GaussianNB,1.0,0.0005738735198974609
BernoulliNB,1.0,0.021851301193237305
MLPClassifier,1.0,0.36802029609680176
ExtraTreeClassifier,1.0,0.0014448165893554688
DecisionTreeClassifier,1.0,0.0014200210571289062
LabelSpreading,1.0,0.006849050521850586
LabelPropagation,1.0,0.011501073837280273
DummyClassifier,1.0,0.00010800361633300781
