classifier,score,time
SVC,0.961038961038961,0.002062082290649414
SGDClassifier,0.948051948051948,0.0009179115295410156
RidgeClassifierCV,0.961038961038961,0.32424426078796387
RidgeClassifier,0.948051948051948,0.060827016830444336
Perceptron,0.948051948051948,0.002635955810546875
PassiveAggressiveClassifier,0.935064935064935,0.010365009307861328
LogisticRegressionCV,0.961038961038961,0.4498789310455322
LogisticRegression,0.961038961038961,0.0215911865234375
LinearSVC,0.974025974025974,0.0012171268463134766
RandomForestClassifier,0.935064935064935,0.07498288154602051
HistGradientBoostingClassifier,0.948051948051948,0.5271198749542236
GradientBoostingClassifier,0.961038961038961,0.04874706268310547
ExtraTreesClassifier,0.935064935064935,0.03535723686218262
AdaBoostClassifier,0.935064935064935,0.056999921798706055
XGBClassifier,0.961038961038961,0.07477664947509766
LGBMClassifier,0.948051948051948,0.23305988311767578
CatBoostClassifier,0.961038961038961,0.1014869213104248
RadiusNeighborsClassifier,,
KNeighborsClassifier,0.8961038961038961,0.000614166259765625
NearestCentroid,0.8441558441558441,0.0006117820739746094
QuadraticDiscriminantAnalysis,0.8181818181818182,0.007415056228637695
LinearDiscriminantAnalysis,0.948051948051948,0.27640485763549805
GaussianNB,0.9090909090909091,0.002563953399658203
BernoulliNB,0.8701298701298701,0.0024933815002441406
MLPClassifier,0.974025974025974,4.591084718704224
ExtraTreeClassifier,0.935064935064935,0.0006859302520751953
DecisionTreeClassifier,0.935064935064935,0.0008308887481689453
LabelSpreading,0.9090909090909091,0.007440805435180664
LabelPropagation,0.9090909090909091,0.006844997406005859
DummyClassifier,0.7402597402597403,0.0001289844512939453
