classifier,score,time
SVC,0.8032786885245902,0.0016560554504394531
SGDClassifier,0.8524590163934426,0.0008959770202636719
RidgeClassifierCV,0.8524590163934426,0.001302957534790039
RidgeClassifier,0.8688524590163934,0.0008373260498046875
Perceptron,0.8852459016393442,0.0007278919219970703
PassiveAggressiveClassifier,0.8032786885245902,0.0006890296936035156
LogisticRegressionCV,0.8524590163934426,0.02984619140625
LogisticRegression,0.8360655737704918,0.0013270378112792969
LinearSVC,0.8524590163934426,0.0007131099700927734
RandomForestClassifier,0.8032786885245902,0.04588508605957031
HistGradientBoostingClassifier,0.819672131147541,0.20076584815979004
GradientBoostingClassifier,0.7868852459016393,0.05652785301208496
ExtraTreesClassifier,0.7868852459016393,0.036794185638427734
AdaBoostClassifier,0.8360655737704918,0.056920766830444336
XGBClassifier,0.819672131147541,0.06722116470336914
LGBMClassifier,,
CatBoostClassifier,0.8360655737704918,0.1520397663116455
RadiusNeighborsClassifier,,
KNeighborsClassifier,0.7868852459016393,0.0015327930450439453
NearestCentroid,0.8688524590163934,0.0005512237548828125
QuadraticDiscriminantAnalysis,0.7213114754098361,0.0010800361633300781
LinearDiscriminantAnalysis,0.8360655737704918,0.0009748935699462891
GaussianNB,0.819672131147541,0.0005538463592529297
BernoulliNB,0.8360655737704918,0.0007469654083251953
MLPClassifier,0.7868852459016393,0.732255220413208
ExtraTreeClassifier,0.7213114754098361,0.0016281604766845703
DecisionTreeClassifier,0.6885245901639344,0.002561807632446289
LabelSpreading,0.7213114754098361,0.001432657241821289
LabelPropagation,0.7213114754098361,0.0009059906005859375
DummyClassifier,0.5737704918032787,8.916854858398438e-05
