classifier,score,time
SVC,0.819672131147541,0.0016560554504394531
SGDClassifier,0.7213114754098361,0.0010569095611572266
RidgeClassifierCV,0.8688524590163934,0.0013387203216552734
RidgeClassifier,0.8524590163934426,0.0008389949798583984
Perceptron,0.8524590163934426,0.0006990432739257812
PassiveAggressiveClassifier,0.8524590163934426,0.0007650852203369141
LogisticRegressionCV,0.8360655737704918,0.030678749084472656
LogisticRegression,0.8360655737704918,0.0011990070343017578
LinearSVC,0.7868852459016393,0.0007641315460205078
RandomForestClassifier,0.8852459016393442,0.04570198059082031
HistGradientBoostingClassifier,0.8524590163934426,0.1797020435333252
GradientBoostingClassifier,0.8032786885245902,0.0515589714050293
ExtraTreesClassifier,0.8032786885245902,0.036592960357666016
AdaBoostClassifier,0.8360655737704918,0.055516719818115234
XGBClassifier,0.8360655737704918,0.06338310241699219
LGBMClassifier,0.8360655737704918,0.18589067459106445
CatBoostClassifier,0.8688524590163934,0.15675616264343262
RadiusNeighborsClassifier,,
KNeighborsClassifier,0.819672131147541,0.0005109310150146484
NearestCentroid,0.8688524590163934,0.0004668235778808594
QuadraticDiscriminantAnalysis,0.6557377049180327,0.0010569095611572266
LinearDiscriminantAnalysis,0.8524590163934426,0.0009961128234863281
GaussianNB,0.8032786885245902,0.000553131103515625
BernoulliNB,0.8524590163934426,0.0007450580596923828
MLPClassifier,0.8032786885245902,0.7051379680633545
ExtraTreeClassifier,0.8032786885245902,0.0019130706787109375
DecisionTreeClassifier,0.7704918032786885,0.0023381710052490234
LabelSpreading,0.7868852459016393,0.001958131790161133
LabelPropagation,0.7868852459016393,0.0008893013000488281
DummyClassifier,0.5573770491803278,8.988380432128906e-05
