classifier,score,time
SVC,0.8832298136645963,0.09127378463745117
SGDClassifier,0.8807453416149068,0.010361909866333008
RidgeClassifierCV,0.8857142857142857,0.5061438083648682
RidgeClassifier,0.8857142857142857,0.04551887512207031
Perceptron,0.8633540372670807,0.003650188446044922
PassiveAggressiveClassifier,0.8571428571428571,0.0076732635498046875
LogisticRegressionCV,0.8869565217391304,0.18002009391784668
LogisticRegression,0.8857142857142857,0.013839244842529297
LinearSVC,0.8881987577639752,0.005997180938720703
RandomForestClassifier,0.8869565217391304,0.250974178314209
HistGradientBoostingClassifier,0.8832298136645963,0.817166805267334
GradientBoostingClassifier,0.884472049689441,0.298537015914917
ExtraTreesClassifier,0.8720496894409938,0.17126893997192383
AdaBoostClassifier,0.8745341614906832,0.15508103370666504
XGBClassifier,0.8732919254658386,0.08550405502319336
LGBMClassifier,0.8832298136645963,0.39105796813964844
CatBoostClassifier,0.8770186335403727,0.21990704536437988
RadiusNeighborsClassifier,,
KNeighborsClassifier,0.8596273291925466,0.0009598731994628906
NearestCentroid,0.715527950310559,0.0009081363677978516
QuadraticDiscriminantAnalysis,0.6521739130434783,0.004865884780883789
LinearDiscriminantAnalysis,0.8819875776397516,0.27134180068969727
GaussianNB,0.8049689440993789,0.0033631324768066406
BernoulliNB,0.7838509316770186,0.004006862640380859
MLPClassifier,0.8832298136645963,4.192219018936157
ExtraTreeClassifier,0.8062111801242235,0.011556863784790039
DecisionTreeClassifier,0.8335403726708075,0.013109683990478516
LabelSpreading,0.8546583850931677,0.18915390968322754
LabelPropagation,0.8496894409937888,0.10871219635009766
DummyClassifier,0.8521739130434782,0.0006260871887207031
