classifier,score,time
SVC,0.8032786885245902,0.0031309127807617188
SGDClassifier,0.7868852459016393,0.001374959945678711
RidgeClassifierCV,0.7868852459016393,0.001898050308227539
RidgeClassifier,0.7868852459016393,0.0013020038604736328
Perceptron,0.8524590163934426,0.0012781620025634766
PassiveAggressiveClassifier,0.8032786885245902,0.0010840892791748047
LogisticRegressionCV,0.819672131147541,0.04746699333190918
LogisticRegression,0.8032786885245902,0.002034902572631836
LinearSVC,0.819672131147541,0.0012218952178955078
RandomForestClassifier,0.7868852459016393,0.07172584533691406
HistGradientBoostingClassifier,0.7540983606557377,0.539003849029541
GradientBoostingClassifier,0.7540983606557377,0.14369702339172363
ExtraTreesClassifier,0.8360655737704918,0.10790801048278809
AdaBoostClassifier,0.7213114754098361,0.12547993659973145
XGBClassifier,0.7377049180327869,0.12314081192016602
LGBMClassifier,0.7868852459016393,0.23786425590515137
CatBoostClassifier,0.8032786885245902,0.17914605140686035
RadiusNeighborsClassifier,,
KNeighborsClassifier,0.8360655737704918,0.0020399093627929688
NearestCentroid,0.7868852459016393,0.0012371540069580078
QuadraticDiscriminantAnalysis,0.7049180327868853,0.003222942352294922
LinearDiscriminantAnalysis,0.8032786885245902,0.002203226089477539
GaussianNB,0.7704918032786885,0.002267122268676758
BernoulliNB,0.7540983606557377,0.0021660327911376953
MLPClassifier,0.819672131147541,8.962698936462402
ExtraTreeClassifier,0.7377049180327869,0.0012578964233398438
DecisionTreeClassifier,0.6721311475409836,0.0028378963470458984
LabelSpreading,0.8524590163934426,0.011462926864624023
LabelPropagation,0.8360655737704918,0.018845081329345703
DummyClassifier,0.5737704918032787,0.0004799365997314453
