classifier,score,time
SVC,0.8272108843537415,0.16008973121643066
SGDClassifier,0.8285714285714286,0.013940095901489258
RidgeClassifierCV,0.8299319727891157,0.3889620304107666
RidgeClassifier,0.8299319727891157,0.019506216049194336
Perceptron,0.7523809523809524,0.005746126174926758
PassiveAggressiveClassifier,0.8285714285714286,0.003704071044921875
LogisticRegressionCV,0.8353741496598639,0.178178071975708
LogisticRegression,0.8353741496598639,0.025455951690673828
LinearSVC,0.8326530612244898,0.014982938766479492
RandomForestClassifier,0.8326530612244898,0.3075850009918213
HistGradientBoostingClassifier,0.8299319727891157,0.8442192077636719
GradientBoostingClassifier,0.8299319727891157,0.3741769790649414
ExtraTreesClassifier,0.8204081632653061,0.1956181526184082
AdaBoostClassifier,0.8340136054421768,0.17634034156799316
XGBClassifier,0.8231292517006803,0.09506988525390625
LGBMClassifier,0.8258503401360544,0.4537241458892822
CatBoostClassifier,0.8299319727891157,0.20491886138916016
RadiusNeighborsClassifier,,
KNeighborsClassifier,0.8204081632653061,0.0006971359252929688
NearestCentroid,0.6476190476190476,0.0007007122039794922
QuadraticDiscriminantAnalysis,0.4489795918367347,0.022507905960083008
LinearDiscriminantAnalysis,0.8231292517006803,0.016031980514526367
GaussianNB,0.8040816326530612,0.0009808540344238281
BernoulliNB,0.8040816326530612,0.0012929439544677734
MLPClassifier,0.8272108843537415,2.5374109745025635
ExtraTreeClassifier,0.7578231292517007,0.004102230072021484
DecisionTreeClassifier,0.7673469387755102,0.020054101943969727
LabelSpreading,0.8244897959183674,0.13462090492248535
LabelPropagation,0.8258503401360544,0.1233060359954834
DummyClassifier,0.8272108843537415,0.00016379356384277344
