classifier,score,time
SVC,0.8323586744639376,0.07404112815856934
SGDClassifier,0.834307992202729,0.00775909423828125
RidgeClassifierCV,0.834307992202729,0.151641845703125
RidgeClassifier,0.834307992202729,0.004106044769287109
Perceptron,0.8323586744639376,0.0017490386962890625
PassiveAggressiveClassifier,0.834307992202729,0.001360177993774414
LogisticRegressionCV,0.8323586744639376,0.22398591041564941
LogisticRegression,0.834307992202729,0.018402099609375
LinearSVC,0.8362573099415205,0.004243135452270508
RandomForestClassifier,0.8440545808966862,0.22237682342529297
HistGradientBoostingClassifier,0.8187134502923976,0.8473620414733887
GradientBoostingClassifier,0.834307992202729,0.25373101234436035
ExtraTreesClassifier,0.8323586744639376,0.11294412612915039
AdaBoostClassifier,0.8323586744639376,0.1356980800628662
XGBClassifier,0.8226120857699805,0.07832884788513184
LGBMClassifier,0.8265107212475633,0.38985610008239746
CatBoostClassifier,0.834307992202729,0.19507694244384766
RadiusNeighborsClassifier,,
KNeighborsClassifier,0.8128654970760234,0.0007290840148925781
NearestCentroid,0.5925925925925926,0.0007050037384033203
QuadraticDiscriminantAnalysis,0.5594541910331384,0.13856983184814453
LinearDiscriminantAnalysis,0.8265107212475633,0.09851408004760742
GaussianNB,0.8050682261208577,0.007673025131225586
BernoulliNB,0.7797270955165692,0.0011420249938964844
MLPClassifier,0.834307992202729,3.88214111328125
ExtraTreeClassifier,0.7582846003898636,0.0038230419158935547
DecisionTreeClassifier,0.732943469785575,0.011374711990356445
LabelSpreading,0.834307992202729,0.10079598426818848
LabelPropagation,0.834307992202729,0.06949305534362793
DummyClassifier,0.8323586744639376,0.00015807151794433594
