classifier,score,time
SVC,0.6470588235294118,0.001194000244140625
SGDClassifier,0.6470588235294118,0.0014569759368896484
RidgeClassifierCV,0.6470588235294118,0.270859956741333
RidgeClassifier,0.7058823529411765,0.003923892974853516
Perceptron,0.6470588235294118,0.00631403923034668
PassiveAggressiveClassifier,0.7058823529411765,0.006166934967041016
LogisticRegressionCV,0.6176470588235294,0.21601390838623047
LogisticRegression,0.6176470588235294,0.009085893630981445
LinearSVC,0.6470588235294118,0.0011262893676757812
RandomForestClassifier,0.7352941176470589,0.08373498916625977
HistGradientBoostingClassifier,0.7647058823529411,0.22813701629638672
GradientBoostingClassifier,0.7647058823529411,0.054403066635131836
ExtraTreesClassifier,0.6764705882352942,0.037734270095825195
AdaBoostClassifier,0.7352941176470589,0.06050992012023926
XGBClassifier,0.7941176470588235,0.06381797790527344
LGBMClassifier,0.7058823529411765,0.10915803909301758
CatBoostClassifier,0.7941176470588235,0.23500704765319824
RadiusNeighborsClassifier,,
KNeighborsClassifier,0.7058823529411765,0.005769014358520508
NearestCentroid,0.6176470588235294,0.0006625652313232422
QuadraticDiscriminantAnalysis,0.5882352941176471,0.05066394805908203
LinearDiscriminantAnalysis,0.7058823529411765,0.2700679302215576
GaussianNB,0.47058823529411764,0.0007176399230957031
BernoulliNB,0.5588235294117647,0.0008928775787353516
MLPClassifier,0.7058823529411765,0.7301020622253418
ExtraTreeClassifier,0.5588235294117647,0.0015690326690673828
DecisionTreeClassifier,0.7941176470588235,0.0017118453979492188
LabelSpreading,0.6764705882352942,0.0029740333557128906
LabelPropagation,0.6764705882352942,0.005712985992431641
DummyClassifier,0.5882352941176471,9.775161743164062e-05
