classifier,score,time
SVC,,
SGDClassifier,,
RidgeClassifierCV,1.0,0.3643310070037842
RidgeClassifier,1.0,0.006744861602783203
Perceptron,,
PassiveAggressiveClassifier,,
LogisticRegressionCV,,
LogisticRegression,,
LinearSVC,,
RandomForestClassifier,1.0,0.06157112121582031
HistGradientBoostingClassifier,1.0,0.22098994255065918
GradientBoostingClassifier,,
ExtraTreesClassifier,1.0,0.027369976043701172
AdaBoostClassifier,1.0,0.0012688636779785156
XGBClassifier,1.0,0.04502701759338379
LGBMClassifier,,
CatBoostClassifier,,
RadiusNeighborsClassifier,,
KNeighborsClassifier,1.0,0.0006258487701416016
NearestCentroid,,
QuadraticDiscriminantAnalysis,,
LinearDiscriminantAnalysis,1.0,0.04217028617858887
GaussianNB,1.0,0.0008537769317626953
BernoulliNB,1.0,0.03342723846435547
MLPClassifier,1.0,0.7321200370788574
ExtraTreeClassifier,1.0,0.0006866455078125
DecisionTreeClassifier,1.0,0.0006089210510253906
LabelSpreading,1.0,0.008848905563354492
LabelPropagation,1.0,0.0021131038665771484
DummyClassifier,1.0,0.00011706352233886719
