classifier,score,time
SVC,0.8360655737704918,0.0016589164733886719
SGDClassifier,0.7213114754098361,0.0009391307830810547
RidgeClassifierCV,0.8524590163934426,0.001377105712890625
RidgeClassifier,0.819672131147541,0.0008549690246582031
Perceptron,0.7704918032786885,0.0006959438323974609
PassiveAggressiveClassifier,0.8524590163934426,0.0006163120269775391
LogisticRegressionCV,0.8524590163934426,0.03169512748718262
LogisticRegression,0.8524590163934426,0.0013880729675292969
LinearSVC,0.819672131147541,0.000782012939453125
RandomForestClassifier,0.8360655737704918,0.046235084533691406
HistGradientBoostingClassifier,0.7868852459016393,0.20368170738220215
GradientBoostingClassifier,0.7704918032786885,0.05245494842529297
ExtraTreesClassifier,0.819672131147541,0.03687334060668945
AdaBoostClassifier,0.819672131147541,0.05505990982055664
XGBClassifier,0.7868852459016393,0.06136918067932129
LGBMClassifier,0.7868852459016393,0.17425894737243652
CatBoostClassifier,0.8032786885245902,0.1510021686553955
RadiusNeighborsClassifier,,
KNeighborsClassifier,0.8032786885245902,0.0016880035400390625
NearestCentroid,0.8032786885245902,0.0005192756652832031
QuadraticDiscriminantAnalysis,0.6885245901639344,0.0010449886322021484
LinearDiscriminantAnalysis,0.819672131147541,0.0010080337524414062
GaussianNB,0.7049180327868853,0.0005519390106201172
BernoulliNB,0.819672131147541,0.0007390975952148438
MLPClassifier,0.8524590163934426,0.6530709266662598
ExtraTreeClassifier,0.7377049180327869,0.0006930828094482422
DecisionTreeClassifier,0.7049180327868853,0.0009458065032958984
LabelSpreading,0.7868852459016393,0.003916025161743164
LabelPropagation,0.8032786885245902,0.0008969306945800781
DummyClassifier,0.5245901639344263,8.606910705566406e-05
