classifier,score,time
SVC,0.9523809523809523,0.0024597644805908203
SGDClassifier,0.9047619047619048,0.0024290084838867188
RidgeClassifierCV,0.9523809523809523,0.0018286705017089844
RidgeClassifier,0.9523809523809523,0.0029501914978027344
Perceptron,0.9523809523809523,0.0020661354064941406
PassiveAggressiveClassifier,0.9523809523809523,0.0008690357208251953
LogisticRegressionCV,0.9523809523809523,0.09159207344055176
LogisticRegression,0.9523809523809523,0.0018482208251953125
LinearSVC,0.9047619047619048,0.0009846687316894531
RandomForestClassifier,0.9523809523809523,0.05843710899353027
HistGradientBoostingClassifier,0.9523809523809523,0.1278548240661621
GradientBoostingClassifier,0.9523809523809523,0.06908226013183594
ExtraTreesClassifier,0.9523809523809523,0.05205035209655762
AdaBoostClassifier,0.9523809523809523,0.09154510498046875
XGBClassifier,0.9523809523809523,0.10352396965026855
LGBMClassifier,,
CatBoostClassifier,0.9523809523809523,0.15931010246276855
RadiusNeighborsClassifier,,
KNeighborsClassifier,0.9047619047619048,0.0014982223510742188
NearestCentroid,0.6190476190476191,0.0009491443634033203
QuadraticDiscriminantAnalysis,0.9523809523809523,0.0013301372528076172
LinearDiscriminantAnalysis,0.9523809523809523,0.0014929771423339844
GaussianNB,0.5238095238095238,0.0009851455688476562
BernoulliNB,0.9047619047619048,0.0011560916900634766
MLPClassifier,0.9523809523809523,2.8276689052581787
ExtraTreeClassifier,0.8095238095238095,0.0009500980377197266
DecisionTreeClassifier,0.8571428571428571,0.0014529228210449219
LabelSpreading,0.9047619047619048,0.003262042999267578
LabelPropagation,0.9047619047619048,0.00310516357421875
DummyClassifier,0.9523809523809523,0.0002779960632324219
