classifier,score,time
SVC,0.8360655737704918,0.002348184585571289
SGDClassifier,0.819672131147541,0.001055002212524414
RidgeClassifierCV,0.8360655737704918,0.0014531612396240234
RidgeClassifier,0.819672131147541,0.0008580684661865234
Perceptron,0.8032786885245902,0.0007669925689697266
PassiveAggressiveClassifier,0.7540983606557377,0.0007770061492919922
LogisticRegressionCV,0.819672131147541,0.03420209884643555
LogisticRegression,0.8032786885245902,0.0013430118560791016
LinearSVC,0.819672131147541,0.0007960796356201172
RandomForestClassifier,0.8360655737704918,0.04723310470581055
HistGradientBoostingClassifier,0.8688524590163934,0.4491550922393799
GradientBoostingClassifier,0.7868852459016393,0.05204892158508301
ExtraTreesClassifier,0.8360655737704918,0.03695106506347656
AdaBoostClassifier,0.7540983606557377,0.055303096771240234
XGBClassifier,0.8360655737704918,0.07519912719726562
LGBMClassifier,0.8688524590163934,0.18402671813964844
CatBoostClassifier,0.8524590163934426,0.09773421287536621
RadiusNeighborsClassifier,,
KNeighborsClassifier,0.8360655737704918,0.0005280971527099609
NearestCentroid,0.8852459016393442,0.0005259513854980469
QuadraticDiscriminantAnalysis,0.7704918032786885,0.0020341873168945312
LinearDiscriminantAnalysis,0.819672131147541,0.0009710788726806641
GaussianNB,0.7704918032786885,0.0005660057067871094
BernoulliNB,0.8360655737704918,0.0007827281951904297
MLPClassifier,0.8360655737704918,7.5233540534973145
ExtraTreeClassifier,0.7868852459016393,0.0031099319458007812
DecisionTreeClassifier,0.7704918032786885,0.002595663070678711
LabelSpreading,0.8360655737704918,0.010725975036621094
LabelPropagation,0.819672131147541,0.011974811553955078
DummyClassifier,0.4918032786885246,0.0001251697540283203
