classifier,score,time
SVC,0.7608695652173914,0.011667966842651367
SGDClassifier,0.5869565217391305,0.002593994140625
RidgeClassifierCV,0.7753623188405797,0.0025506019592285156
RidgeClassifier,0.7753623188405797,0.0035152435302734375
Perceptron,0.5434782608695652,0.0007970333099365234
PassiveAggressiveClassifier,0.6594202898550725,0.0010957717895507812
LogisticRegressionCV,0.782608695652174,0.07041287422180176
LogisticRegression,0.7753623188405797,0.002129793167114258
LinearSVC,0.782608695652174,0.0011227130889892578
RandomForestClassifier,0.7971014492753623,0.1584627628326416
HistGradientBoostingClassifier,0.7318840579710145,0.754615068435669
GradientBoostingClassifier,0.7536231884057971,0.10367107391357422
ExtraTreesClassifier,0.7318840579710145,0.05308079719543457
AdaBoostClassifier,0.7318840579710145,0.07543301582336426
XGBClassifier,0.7246376811594203,0.1340479850769043
LGBMClassifier,,
CatBoostClassifier,0.7463768115942029,0.07658910751342773
RadiusNeighborsClassifier,0.5579710144927537,0.0007588863372802734
KNeighborsClassifier,0.6884057971014492,0.0020160675048828125
NearestCentroid,0.644927536231884,0.00049591064453125
QuadraticDiscriminantAnalysis,0.6521739130434783,0.0019707679748535156
LinearDiscriminantAnalysis,0.7681159420289855,0.0008819103240966797
GaussianNB,0.6666666666666666,0.0005488395690917969
BernoulliNB,0.5579710144927537,0.0015532970428466797
MLPClassifier,0.717391304347826,14.777306079864502
ExtraTreeClassifier,0.6376811594202898,0.0008649826049804688
DecisionTreeClassifier,0.6304347826086957,0.0023300647735595703
LabelSpreading,0.6811594202898551,0.02238011360168457
LabelPropagation,0.6594202898550725,0.018910884857177734
DummyClassifier,0.6376811594202898,0.0001289844512939453
