classifier,score,time
SVC,,
SGDClassifier,,
RidgeClassifierCV,1.0,3.4999821186065674
RidgeClassifier,1.0,0.872276782989502
Perceptron,,
PassiveAggressiveClassifier,,
LogisticRegressionCV,,
LogisticRegression,,
LinearSVC,,
RandomForestClassifier,1.0,0.10011601448059082
HistGradientBoostingClassifier,1.0,0.7442328929901123
GradientBoostingClassifier,,
ExtraTreesClassifier,1.0,0.082611083984375
AdaBoostClassifier,1.0,0.06404709815979004
XGBClassifier,,
LGBMClassifier,,
CatBoostClassifier,,
RadiusNeighborsClassifier,,
KNeighborsClassifier,1.0,0.13371515274047852
NearestCentroid,,
QuadraticDiscriminantAnalysis,,
LinearDiscriminantAnalysis,1.0,950.2481572628021
GaussianNB,1.0,0.2513909339904785
BernoulliNB,1.0,0.1557931900024414
MLPClassifier,1.0,45.6398720741272
ExtraTreeClassifier,1.0,0.07000088691711426
DecisionTreeClassifier,1.0,0.06380796432495117
LabelSpreading,1.0,0.5706098079681396
LabelPropagation,1.0,0.6537032127380371
DummyClassifier,1.0,0.0006630420684814453
