classifier,score,time
SVC,0.8561320754716981,0.22379398345947266
SGDClassifier,0.8573113207547169,0.012611865997314453
RidgeClassifierCV,0.8608490566037735,0.21307110786437988
RidgeClassifier,0.8608490566037735,0.008067846298217773
Perceptron,0.8561320754716981,0.011719226837158203
PassiveAggressiveClassifier,0.8254716981132075,0.008064031600952148
LogisticRegressionCV,0.8632075471698113,0.2416367530822754
LogisticRegression,0.8655660377358491,0.03276991844177246
LinearSVC,0.8620283018867925,0.009716033935546875
RandomForestClassifier,0.8584905660377359,0.34203171730041504
HistGradientBoostingClassifier,0.8549528301886793,0.7571239471435547
GradientBoostingClassifier,0.8655660377358491,0.39505696296691895
ExtraTreesClassifier,0.8514150943396226,0.1900172233581543
AdaBoostClassifier,0.8514150943396226,0.18863606452941895
XGBClassifier,0.8419811320754716,0.07989907264709473
LGBMClassifier,0.8549528301886793,0.3868699073791504
CatBoostClassifier,0.8608490566037735,0.21767115592956543
RadiusNeighborsClassifier,,
KNeighborsClassifier,0.8419811320754716,0.0007729530334472656
NearestCentroid,0.6462264150943396,0.0008368492126464844
QuadraticDiscriminantAnalysis,0.22641509433962265,0.01757502555847168
LinearDiscriminantAnalysis,0.8679245283018868,0.015009164810180664
GaussianNB,0.8443396226415094,0.0011639595031738281
BernoulliNB,0.8148584905660378,0.0013401508331298828
MLPClassifier,0.8643867924528302,3.153625965118408
ExtraTreeClassifier,0.7889150943396226,0.00468897819519043
DecisionTreeClassifier,0.7452830188679245,0.023542165756225586
LabelSpreading,0.8584905660377359,0.2294330596923828
LabelPropagation,0.8608490566037735,0.14719200134277344
DummyClassifier,0.8561320754716981,0.00047588348388671875
