classifier,score,time
SVC,1.0,0.0008020401000976562
SGDClassifier,1.0,0.0007071495056152344
RidgeClassifierCV,1.0,0.00140380859375
RidgeClassifier,1.0,0.0008530616760253906
Perceptron,1.0,0.0006520748138427734
PassiveAggressiveClassifier,1.0,0.0005309581756591797
LogisticRegressionCV,1.0,0.053273677825927734
LogisticRegression,1.0,0.001039743423461914
LinearSVC,1.0,0.0007190704345703125
RandomForestClassifier,1.0,0.08986210823059082
HistGradientBoostingClassifier,1.0,0.4113938808441162
GradientBoostingClassifier,0.9875,0.026248931884765625
ExtraTreesClassifier,1.0,0.03421783447265625
AdaBoostClassifier,1.0,0.05226016044616699
XGBClassifier,1.0,0.05338287353515625
LGBMClassifier,1.0,0.21147513389587402
CatBoostClassifier,1.0,0.044206857681274414
RadiusNeighborsClassifier,0.5125,0.0007898807525634766
KNeighborsClassifier,1.0,0.0005438327789306641
NearestCentroid,1.0,0.0004029273986816406
QuadraticDiscriminantAnalysis,1.0,0.0004558563232421875
LinearDiscriminantAnalysis,1.0,0.0005681514739990234
GaussianNB,1.0,0.0004658699035644531
BernoulliNB,0.475,0.0005750656127929688
MLPClassifier,1.0,2.0989902019500732
ExtraTreeClassifier,0.9625,0.0004987716674804688
DecisionTreeClassifier,0.9875,0.0004658699035644531
LabelSpreading,1.0,0.00151824951171875
LabelPropagation,1.0,0.0014009475708007812
DummyClassifier,0.475,8.916854858398438e-05
