classifier,score,time
SVC,0.7540983606557377,0.002395153045654297
SGDClassifier,0.7377049180327869,0.0014710426330566406
RidgeClassifierCV,0.8032786885245902,0.001814126968383789
RidgeClassifier,0.7704918032786885,0.0011909008026123047
Perceptron,0.7868852459016393,0.0010211467742919922
PassiveAggressiveClassifier,0.7704918032786885,0.0009090900421142578
LogisticRegressionCV,0.7868852459016393,0.04621696472167969
LogisticRegression,0.7868852459016393,0.0019888877868652344
LinearSVC,0.7540983606557377,0.0011332035064697266
RandomForestClassifier,0.7704918032786885,0.0616450309753418
HistGradientBoostingClassifier,0.7704918032786885,0.32552123069763184
GradientBoostingClassifier,0.7704918032786885,0.07043886184692383
ExtraTreesClassifier,0.7540983606557377,0.054817914962768555
AdaBoostClassifier,0.6557377049180327,0.07619094848632812
XGBClassifier,0.7377049180327869,0.1200261116027832
LGBMClassifier,0.7540983606557377,0.19411396980285645
CatBoostClassifier,0.7213114754098361,0.10905170440673828
RadiusNeighborsClassifier,,
KNeighborsClassifier,0.8032786885245902,0.0006756782531738281
NearestCentroid,0.7704918032786885,0.0005590915679931641
QuadraticDiscriminantAnalysis,0.6721311475409836,0.0031719207763671875
LinearDiscriminantAnalysis,0.7704918032786885,0.0031065940856933594
GaussianNB,0.7213114754098361,0.0006642341613769531
BernoulliNB,0.7540983606557377,0.0008068084716796875
MLPClassifier,0.7868852459016393,8.712440729141235
ExtraTreeClassifier,0.7377049180327869,0.0007448196411132812
DecisionTreeClassifier,0.6885245901639344,0.0011467933654785156
LabelSpreading,0.7540983606557377,0.007508993148803711
LabelPropagation,0.7540983606557377,0.013959884643554688
DummyClassifier,0.639344262295082,0.0001380443572998047
