classifier,score,time
SVC,,
SGDClassifier,,
RidgeClassifierCV,1.0,0.21398210525512695
RidgeClassifier,1.0,0.043428897857666016
Perceptron,,
PassiveAggressiveClassifier,,
LogisticRegressionCV,,
LogisticRegression,,
LinearSVC,,
RandomForestClassifier,1.0,0.07710409164428711
HistGradientBoostingClassifier,1.0,0.057351112365722656
GradientBoostingClassifier,,
ExtraTreesClassifier,1.0,0.027810096740722656
AdaBoostClassifier,1.0,0.0012099742889404297
XGBClassifier,1.0,0.031213045120239258
LGBMClassifier,1.0,0.0045549869537353516
CatBoostClassifier,,
RadiusNeighborsClassifier,,
KNeighborsClassifier,1.0,0.0014858245849609375
NearestCentroid,,
QuadraticDiscriminantAnalysis,,
LinearDiscriminantAnalysis,1.0,0.0014340877532958984
GaussianNB,1.0,0.0005860328674316406
BernoulliNB,1.0,0.021506071090698242
MLPClassifier,1.0,0.3625638484954834
ExtraTreeClassifier,1.0,0.0005621910095214844
DecisionTreeClassifier,1.0,0.0004730224609375
LabelSpreading,1.0,0.0026302337646484375
LabelPropagation,1.0,0.0017790794372558594
DummyClassifier,1.0,9.393692016601562e-05
