classifier,score,time
SVC,0.8870967741935484,0.0012772083282470703
SGDClassifier,0.8870967741935484,0.0010418891906738281
RidgeClassifierCV,0.8870967741935484,0.0015299320220947266
RidgeClassifier,0.9032258064516129,0.001268148422241211
Perceptron,0.9032258064516129,0.0007791519165039062
PassiveAggressiveClassifier,0.9193548387096774,0.0006949901580810547
LogisticRegressionCV,0.9193548387096774,0.031691789627075195
LogisticRegression,0.9193548387096774,0.0016090869903564453
LinearSVC,0.9193548387096774,0.0007150173187255859
RandomForestClassifier,0.9032258064516129,0.045842885971069336
HistGradientBoostingClassifier,0.8548387096774194,0.2685682773590088
GradientBoostingClassifier,0.8709677419354839,0.047514915466308594
ExtraTreesClassifier,0.9032258064516129,0.03598618507385254
AdaBoostClassifier,0.8870967741935484,0.05660104751586914
XGBClassifier,0.8548387096774194,0.0790259838104248
LGBMClassifier,0.8709677419354839,0.1436450481414795
CatBoostClassifier,0.8709677419354839,0.1469130516052246
RadiusNeighborsClassifier,,
KNeighborsClassifier,0.9193548387096774,0.0014178752899169922
NearestCentroid,0.8870967741935484,0.0005919933319091797
QuadraticDiscriminantAnalysis,0.8709677419354839,0.0010402202606201172
LinearDiscriminantAnalysis,0.9032258064516129,0.0018680095672607422
GaussianNB,0.8709677419354839,0.001856088638305664
BernoulliNB,0.9032258064516129,0.0008609294891357422
MLPClassifier,0.8870967741935484,0.7210061550140381
ExtraTreeClassifier,0.9193548387096774,0.000621795654296875
DecisionTreeClassifier,0.8870967741935484,0.001477956771850586
LabelSpreading,0.9193548387096774,0.0014939308166503906
LabelPropagation,0.9193548387096774,0.0049059391021728516
DummyClassifier,0.8709677419354839,9.870529174804688e-05
