classifier,score,time
SVC,,
SGDClassifier,,
RidgeClassifierCV,1.0,0.2903108596801758
RidgeClassifier,1.0,0.014950275421142578
Perceptron,,
PassiveAggressiveClassifier,,
LogisticRegressionCV,,
LogisticRegression,,
LinearSVC,,
RandomForestClassifier,1.0,0.09955811500549316
HistGradientBoostingClassifier,1.0,0.18729591369628906
GradientBoostingClassifier,,
ExtraTreesClassifier,1.0,0.04868292808532715
AdaBoostClassifier,1.0,0.0017781257629394531
XGBClassifier,1.0,0.053115129470825195
LGBMClassifier,1.0,0.00793910026550293
CatBoostClassifier,,
RadiusNeighborsClassifier,,
KNeighborsClassifier,1.0,0.0009291172027587891
NearestCentroid,,
QuadraticDiscriminantAnalysis,,
LinearDiscriminantAnalysis,1.0,0.035382986068725586
GaussianNB,1.0,0.002542734146118164
BernoulliNB,1.0,0.02172374725341797
MLPClassifier,1.0,1.6049211025238037
ExtraTreeClassifier,1.0,0.0014672279357910156
DecisionTreeClassifier,1.0,0.001338958740234375
LabelSpreading,1.0,0.030391931533813477
LabelPropagation,1.0,0.021492958068847656
DummyClassifier,1.0,0.0002758502960205078
