classifier,score,time
SVC,0.915,0.9858171939849854
SGDClassifier,0.915,0.028167009353637695
RidgeClassifierCV,0.915,0.478759765625
RidgeClassifier,0.915,0.04426217079162598
Perceptron,0.887,0.009662151336669922
PassiveAggressiveClassifier,0.8505,0.012953996658325195
LogisticRegressionCV,0.915,0.5222630500793457
LogisticRegression,0.9145,0.04880213737487793
LinearSVC,0.915,0.02742600440979004
RandomForestClassifier,0.8995,0.5077381134033203
HistGradientBoostingClassifier,0.9155,0.9009957313537598
GradientBoostingClassifier,0.911,0.6627531051635742
ExtraTreesClassifier,0.881,0.44965291023254395
AdaBoostClassifier,0.9125,0.35063815116882324
XGBClassifier,0.9065,0.11249589920043945
LGBMClassifier,,
CatBoostClassifier,0.915,0.30978870391845703
RadiusNeighborsClassifier,,
KNeighborsClassifier,0.8985,0.0020818710327148438
NearestCentroid,0.704,0.0016760826110839844
QuadraticDiscriminantAnalysis,0.484,0.019962072372436523
LinearDiscriminantAnalysis,0.9105,0.28337717056274414
GaussianNB,0.54,0.03529715538024902
BernoulliNB,0.8755,0.1399390697479248
MLPClassifier,0.8905,21.84017586708069
ExtraTreeClassifier,0.8485,0.006008148193359375
DecisionTreeClassifier,0.8365,0.05028891563415527
LabelSpreading,0.8885,1.303152084350586
LabelPropagation,0.888,0.6101720333099365
DummyClassifier,0.915,0.0002830028533935547
