classifier,score,time
SVC,0.8852459016393442,0.0021941661834716797
SGDClassifier,0.7704918032786885,0.0011501312255859375
RidgeClassifierCV,0.8852459016393442,0.0053789615631103516
RidgeClassifier,0.8852459016393442,0.0016379356384277344
Perceptron,0.819672131147541,0.000782012939453125
PassiveAggressiveClassifier,0.7704918032786885,0.0006811618804931641
LogisticRegressionCV,0.8688524590163934,0.0669090747833252
LogisticRegression,0.9016393442622951,0.005540132522583008
LinearSVC,0.9016393442622951,0.0023517608642578125
RandomForestClassifier,0.9016393442622951,0.0866849422454834
HistGradientBoostingClassifier,0.7868852459016393,0.35172414779663086
GradientBoostingClassifier,0.7213114754098361,0.05175209045410156
ExtraTreesClassifier,0.819672131147541,0.03882598876953125
AdaBoostClassifier,0.7540983606557377,0.05557513236999512
XGBClassifier,0.7377049180327869,0.0726771354675293
LGBMClassifier,0.7377049180327869,0.19727468490600586
CatBoostClassifier,0.8688524590163934,0.10762596130371094
RadiusNeighborsClassifier,,
KNeighborsClassifier,0.8524590163934426,0.001416921615600586
NearestCentroid,0.8852459016393442,0.00098419189453125
QuadraticDiscriminantAnalysis,0.6721311475409836,0.0010361671447753906
LinearDiscriminantAnalysis,0.8524590163934426,0.0011467933654785156
GaussianNB,0.8032786885245902,0.0005490779876708984
BernoulliNB,0.8688524590163934,0.0007028579711914062
MLPClassifier,0.7868852459016393,4.498470783233643
ExtraTreeClassifier,0.8032786885245902,0.0006468296051025391
DecisionTreeClassifier,0.6885245901639344,0.0010311603546142578
LabelSpreading,0.819672131147541,0.0061151981353759766
LabelPropagation,0.8032786885245902,0.006482839584350586
DummyClassifier,0.45901639344262296,0.00010800361633300781
