classifier,score,time
SVC,,
SGDClassifier,,
RidgeClassifierCV,1.0,0.0008728504180908203
RidgeClassifier,1.0,0.0007228851318359375
Perceptron,,
PassiveAggressiveClassifier,,
LogisticRegressionCV,,
LogisticRegression,,
LinearSVC,,
RandomForestClassifier,1.0,0.07818293571472168
HistGradientBoostingClassifier,1.0,0.14989399909973145
GradientBoostingClassifier,,
ExtraTreesClassifier,1.0,0.030295133590698242
AdaBoostClassifier,1.0,0.0010030269622802734
XGBClassifier,,
LGBMClassifier,1.0,0.00251007080078125
CatBoostClassifier,,
RadiusNeighborsClassifier,1.0,0.001116037368774414
KNeighborsClassifier,1.0,0.0006351470947265625
NearestCentroid,,
QuadraticDiscriminantAnalysis,,
LinearDiscriminantAnalysis,1.0,0.0005960464477539062
GaussianNB,1.0,0.000431060791015625
BernoulliNB,1.0,0.0004889965057373047
MLPClassifier,1.0,2.155953884124756
ExtraTreeClassifier,1.0,0.001355886459350586
DecisionTreeClassifier,1.0,0.0010900497436523438
LabelSpreading,1.0,0.06644630432128906
LabelPropagation,1.0,0.031282901763916016
DummyClassifier,1.0,0.00014495849609375
