classifier,score,time
SVC,,
SGDClassifier,,
RidgeClassifierCV,1.0,0.35510802268981934
RidgeClassifier,1.0,0.03879404067993164
Perceptron,,
PassiveAggressiveClassifier,,
LogisticRegressionCV,,
LogisticRegression,,
LinearSVC,,
RandomForestClassifier,1.0,0.09711790084838867
HistGradientBoostingClassifier,1.0,0.2110140323638916
GradientBoostingClassifier,,
ExtraTreesClassifier,1.0,0.03460097312927246
AdaBoostClassifier,1.0,0.0013997554779052734
XGBClassifier,1.0,0.09566593170166016
LGBMClassifier,1.0,0.0056378841400146484
CatBoostClassifier,,
RadiusNeighborsClassifier,,
KNeighborsClassifier,1.0,0.0008268356323242188
NearestCentroid,,
QuadraticDiscriminantAnalysis,,
LinearDiscriminantAnalysis,1.0,0.015034198760986328
GaussianNB,1.0,0.001977205276489258
BernoulliNB,1.0,0.06783723831176758
MLPClassifier,1.0,1.4750878810882568
ExtraTreeClassifier,1.0,0.0016582012176513672
DecisionTreeClassifier,1.0,0.002051115036010742
LabelSpreading,1.0,0.03303694725036621
LabelPropagation,1.0,0.010317087173461914
DummyClassifier,1.0,0.0003509521484375
