classifier,score,time
SVC,0.7833333333333333,0.0019268989562988281
SGDClassifier,0.7833333333333333,0.0011119842529296875
RidgeClassifierCV,0.75,0.0013911724090576172
RidgeClassifier,0.75,0.0010547637939453125
Perceptron,0.7,0.0008907318115234375
PassiveAggressiveClassifier,0.7666666666666667,0.0007848739624023438
LogisticRegressionCV,0.7333333333333333,0.08090591430664062
LogisticRegression,0.8166666666666667,0.001895904541015625
LinearSVC,0.75,0.0008211135864257812
RandomForestClassifier,0.8,0.09366917610168457
HistGradientBoostingClassifier,0.8333333333333334,0.44417381286621094
GradientBoostingClassifier,0.7166666666666667,0.08037209510803223
ExtraTreesClassifier,0.8,0.059870243072509766
AdaBoostClassifier,0.8,0.08393287658691406
XGBClassifier,0.85,0.06577682495117188
LGBMClassifier,0.8166666666666667,0.18401813507080078
CatBoostClassifier,0.8166666666666667,0.10497283935546875
RadiusNeighborsClassifier,,
KNeighborsClassifier,0.75,0.0005328655242919922
NearestCentroid,0.6333333333333333,0.0005917549133300781
QuadraticDiscriminantAnalysis,0.6833333333333333,0.0007548332214355469
LinearDiscriminantAnalysis,0.7333333333333333,0.0008780956268310547
GaussianNB,0.7333333333333333,0.0006320476531982422
BernoulliNB,0.65,0.001148223876953125
MLPClassifier,0.8166666666666667,3.2974836826324463
ExtraTreeClassifier,0.6666666666666666,0.0009300708770751953
DecisionTreeClassifier,0.75,0.0042858123779296875
LabelSpreading,0.6666666666666666,0.009307146072387695
LabelPropagation,0.6833333333333333,0.004268169403076172
DummyClassifier,0.7,0.00013208389282226562
