classifier,score,time
SVC,,
SGDClassifier,,
RidgeClassifierCV,1.0,0.15535998344421387
RidgeClassifier,1.0,0.08648395538330078
Perceptron,,
PassiveAggressiveClassifier,,
LogisticRegressionCV,,
LogisticRegression,,
LinearSVC,,
RandomForestClassifier,1.0,0.10030293464660645
HistGradientBoostingClassifier,1.0,0.1808300018310547
GradientBoostingClassifier,,
ExtraTreesClassifier,1.0,0.03348875045776367
AdaBoostClassifier,1.0,0.0026738643646240234
XGBClassifier,1.0,0.039576053619384766
LGBMClassifier,1.0,0.004271984100341797
CatBoostClassifier,,
RadiusNeighborsClassifier,,
KNeighborsClassifier,1.0,0.0007729530334472656
NearestCentroid,,
QuadraticDiscriminantAnalysis,,
LinearDiscriminantAnalysis,1.0,0.028048992156982422
GaussianNB,1.0,0.002769947052001953
BernoulliNB,1.0,0.022964954376220703
MLPClassifier,1.0,1.466264009475708
ExtraTreeClassifier,1.0,0.0008230209350585938
DecisionTreeClassifier,1.0,0.0004780292510986328
LabelSpreading,1.0,0.04736685752868652
LabelPropagation,1.0,0.023504972457885742
DummyClassifier,1.0,0.000949859619140625
