classifier,score,time
SVC,0.6666666666666666,0.0006608963012695312
SGDClassifier,0.3333333333333333,0.0005619525909423828
RidgeClassifierCV,0.6666666666666666,0.0012378692626953125
RidgeClassifier,0.5,0.000997781753540039
Perceptron,0.5,0.0006909370422363281
PassiveAggressiveClassifier,0.5,0.0005040168762207031
LogisticRegressionCV,0.6666666666666666,0.03349900245666504
LogisticRegression,0.5,0.0010292530059814453
LinearSVC,0.5,0.0005881786346435547
RandomForestClassifier,0.5,0.04185819625854492
HistGradientBoostingClassifier,0.6666666666666666,0.05240583419799805
GradientBoostingClassifier,0.5,0.025066852569580078
ExtraTreesClassifier,0.3333333333333333,0.02834630012512207
AdaBoostClassifier,0.6666666666666666,0.046087026596069336
XGBClassifier,0.5,0.07061600685119629
LGBMClassifier,0.6666666666666666,0.007391929626464844
CatBoostClassifier,0.6666666666666666,0.03057384490966797
RadiusNeighborsClassifier,,
KNeighborsClassifier,0.5,0.0004999637603759766
NearestCentroid,0.3333333333333333,0.0004711151123046875
QuadraticDiscriminantAnalysis,0.6666666666666666,0.0005891323089599609
LinearDiscriminantAnalysis,0.3333333333333333,0.0007429122924804688
GaussianNB,0.5,0.0005202293395996094
BernoulliNB,0.3333333333333333,0.0006349086761474609
MLPClassifier,0.3333333333333333,0.05912590026855469
ExtraTreeClassifier,0.16666666666666666,0.0005371570587158203
DecisionTreeClassifier,0.3333333333333333,0.0005519390106201172
LabelSpreading,0.3333333333333333,0.0005698204040527344
LabelPropagation,0.3333333333333333,0.0004858970642089844
DummyClassifier,0.6666666666666666,8.797645568847656e-05
