classifier,score,time
SVC,0.8,0.001505136489868164
SGDClassifier,0.8,0.0008950233459472656
RidgeClassifierCV,0.85,0.0012400150299072266
RidgeClassifier,0.85,0.0008220672607421875
Perceptron,0.7,0.0006849765777587891
PassiveAggressiveClassifier,0.7833333333333333,0.000698089599609375
LogisticRegressionCV,0.85,0.03209495544433594
LogisticRegression,0.8333333333333334,0.0015430450439453125
LinearSVC,0.85,0.0006651878356933594
RandomForestClassifier,0.8666666666666667,0.049165964126586914
HistGradientBoostingClassifier,0.85,0.24360227584838867
GradientBoostingClassifier,0.8666666666666667,0.05345320701599121
ExtraTreesClassifier,0.85,0.0385899543762207
AdaBoostClassifier,0.9,0.0560460090637207
XGBClassifier,0.9166666666666666,0.06813383102416992
LGBMClassifier,0.8833333333333333,0.140516996383667
CatBoostClassifier,0.8833333333333333,0.1432819366455078
RadiusNeighborsClassifier,,
KNeighborsClassifier,0.7333333333333333,0.014496088027954102
NearestCentroid,0.5833333333333334,0.0020139217376708984
QuadraticDiscriminantAnalysis,0.65,0.0028488636016845703
LinearDiscriminantAnalysis,0.85,0.0008587837219238281
GaussianNB,0.7666666666666667,0.0005300045013427734
BernoulliNB,0.6666666666666666,0.0007231235504150391
MLPClassifier,0.8833333333333333,0.8524839878082275
ExtraTreeClassifier,0.6833333333333333,0.0006351470947265625
DecisionTreeClassifier,0.8333333333333334,0.0020329952239990234
LabelSpreading,0.65,0.005095005035400391
LabelPropagation,0.65,0.0025289058685302734
DummyClassifier,0.6666666666666666,0.00028228759765625
