classifier,score,time
SVC,0.9347826086956522,0.019251108169555664
SGDClassifier,0.9347826086956522,0.004628896713256836
RidgeClassifierCV,0.9347826086956522,0.41733598709106445
RidgeClassifier,0.9347826086956522,0.04816889762878418
Perceptron,0.9347826086956522,0.00549769401550293
PassiveAggressiveClassifier,0.9347826086956522,0.017419099807739258
LogisticRegressionCV,0.9347826086956522,1.4967210292816162
LogisticRegression,0.9347826086956522,0.04181385040283203
LinearSVC,0.9347826086956522,0.0035009384155273438
RandomForestClassifier,0.9347826086956522,0.09605097770690918
HistGradientBoostingClassifier,0.8695652173913043,0.8503987789154053
GradientBoostingClassifier,0.9130434782608695,0.1341700553894043
ExtraTreesClassifier,0.9347826086956522,0.048976898193359375
AdaBoostClassifier,0.8913043478260869,0.10351109504699707
XGBClassifier,,
LGBMClassifier,,
CatBoostClassifier,0.9347826086956522,0.19572997093200684
RadiusNeighborsClassifier,,
KNeighborsClassifier,0.9347826086956522,0.0033299922943115234
NearestCentroid,0.7608695652173914,0.0034418106079101562
QuadraticDiscriminantAnalysis,0.9347826086956522,0.4449801445007324
LinearDiscriminantAnalysis,0.9347826086956522,0.7405600547790527
GaussianNB,0.8913043478260869,0.007050991058349609
BernoulliNB,0.9347826086956522,0.014709949493408203
MLPClassifier,0.9347826086956522,5.03213906288147
ExtraTreeClassifier,0.9130434782608695,0.008743762969970703
DecisionTreeClassifier,0.9130434782608695,0.011126041412353516
LabelSpreading,0.9347826086956522,0.0232851505279541
LabelPropagation,0.9347826086956522,0.04233407974243164
DummyClassifier,0.9347826086956522,0.0006570816040039062
