classifier,score,time
SVC,0.935,0.032515764236450195
SGDClassifier,0.805,0.004882097244262695
RidgeClassifierCV,0.89,0.035272836685180664
RidgeClassifier,0.8925,0.0014090538024902344
Perceptron,0.7175,0.0018131732940673828
PassiveAggressiveClassifier,0.8425,0.0074520111083984375
LogisticRegressionCV,0.9075,1.0903868675231934
LogisticRegression,0.895,0.028568744659423828
LinearSVC,0.8975,0.003016948699951172
RandomForestClassifier,0.9675,0.232741117477417
HistGradientBoostingClassifier,0.965,0.9911942481994629
GradientBoostingClassifier,0.965,0.28572797775268555
ExtraTreesClassifier,0.9625,0.09996604919433594
AdaBoostClassifier,0.97,0.13010406494140625
XGBClassifier,0.9625,0.0665128231048584
LGBMClassifier,,
CatBoostClassifier,0.96,0.07387328147888184
RadiusNeighborsClassifier,0.8175,0.0011119842529296875
KNeighborsClassifier,0.8575,0.0009908676147460938
NearestCentroid,0.84,0.0009109973907470703
QuadraticDiscriminantAnalysis,0.8975,0.0018460750579833984
LinearDiscriminantAnalysis,0.8825,0.002663135528564453
GaussianNB,0.8875,0.0008170604705810547
BernoulliNB,0.51,0.0010287761688232422
MLPClassifier,0.97,15.60506796836853
ExtraTreeClassifier,0.91,0.002556324005126953
DecisionTreeClassifier,0.9675,0.0032088756561279297
LabelSpreading,0.8575,0.08607792854309082
LabelPropagation,0.8525,0.05017280578613281
DummyClassifier,0.5125,0.00036406517028808594
