classifier,score,time
SVC,0.7525,0.7174241542816162
SGDClassifier,0.7415,0.021610021591186523
RidgeClassifierCV,0.7475,0.4808080196380615
RidgeClassifier,0.7495,0.03953695297241211
Perceptron,0.7425,0.00400996208190918
PassiveAggressiveClassifier,0.745,0.015172004699707031
LogisticRegressionCV,0.7515,0.5052638053894043
LogisticRegression,0.749,0.03290200233459473
LinearSVC,0.7515,0.019891023635864258
RandomForestClassifier,0.7505,0.4103691577911377
HistGradientBoostingClassifier,0.7445,0.8869538307189941
GradientBoostingClassifier,0.7485,0.4922769069671631
ExtraTreesClassifier,0.749,0.3450050354003906
AdaBoostClassifier,0.7505,0.3283231258392334
XGBClassifier,0.7475,0.10597705841064453
LGBMClassifier,0.747,0.384397029876709
CatBoostClassifier,0.7475,0.2818131446838379
RadiusNeighborsClassifier,,
KNeighborsClassifier,0.7555,0.003117799758911133
NearestCentroid,0.755,0.0014162063598632812
QuadraticDiscriminantAnalysis,0.755,0.1440739631652832
LinearDiscriminantAnalysis,0.7545,0.27497196197509766
GaussianNB,0.755,0.002441883087158203
BernoulliNB,0.7555,0.357806921005249
MLPClassifier,0.7475,6.219191074371338
ExtraTreeClassifier,0.7485,0.008221864700317383
DecisionTreeClassifier,0.748,0.010189056396484375
LabelSpreading,0.749,1.1739132404327393
LabelPropagation,0.7485,0.6238350868225098
DummyClassifier,0.747,0.0003027915954589844
