classifier,score,time
SVC,0.8360655737704918,0.001692056655883789
SGDClassifier,0.819672131147541,0.0010449886322021484
RidgeClassifierCV,0.8524590163934426,0.0013289451599121094
RidgeClassifier,0.8360655737704918,0.0008370876312255859
Perceptron,0.819672131147541,0.0007500648498535156
PassiveAggressiveClassifier,0.8032786885245902,0.0007281303405761719
LogisticRegressionCV,0.819672131147541,0.0315089225769043
LogisticRegression,0.8360655737704918,0.0012581348419189453
LinearSVC,0.8524590163934426,0.0007529258728027344
RandomForestClassifier,0.819672131147541,0.04742789268493652
HistGradientBoostingClassifier,0.819672131147541,0.25728392601013184
GradientBoostingClassifier,0.8032786885245902,0.0512540340423584
ExtraTreesClassifier,0.8524590163934426,0.037322998046875
AdaBoostClassifier,0.7868852459016393,0.055074214935302734
XGBClassifier,0.819672131147541,0.07758831977844238
LGBMClassifier,0.8360655737704918,0.19790196418762207
CatBoostClassifier,0.8032786885245902,0.15791797637939453
RadiusNeighborsClassifier,,
KNeighborsClassifier,0.8852459016393442,0.0014629364013671875
NearestCentroid,0.8360655737704918,0.0005080699920654297
QuadraticDiscriminantAnalysis,0.7049180327868853,0.0010368824005126953
LinearDiscriminantAnalysis,0.8360655737704918,0.0009908676147460938
GaussianNB,0.7540983606557377,0.0005440711975097656
BernoulliNB,0.8032786885245902,0.0007388591766357422
MLPClassifier,0.8360655737704918,0.9463286399841309
ExtraTreeClassifier,0.8360655737704918,0.0006940364837646484
DecisionTreeClassifier,0.7213114754098361,0.0018858909606933594
LabelSpreading,0.8524590163934426,0.0014679431915283203
LabelPropagation,0.8524590163934426,0.0008912086486816406
DummyClassifier,0.5737704918032787,9.083747863769531e-05
