classifier,score,time
SVC,0.9635036496350365,0.004252910614013672
SGDClassifier,0.9416058394160584,0.0014700889587402344
RidgeClassifierCV,0.9708029197080292,0.45717310905456543
RidgeClassifier,0.9635036496350365,0.06778216361999512
Perceptron,0.9416058394160584,0.0047419071197509766
PassiveAggressiveClassifier,0.948905109489051,0.009425878524780273
LogisticRegressionCV,0.948905109489051,0.06509804725646973
LogisticRegression,0.9635036496350365,0.0019969940185546875
LinearSVC,0.9416058394160584,0.0011126995086669922
RandomForestClassifier,0.9562043795620438,0.08165287971496582
HistGradientBoostingClassifier,0.9562043795620438,0.521198034286499
GradientBoostingClassifier,0.9416058394160584,0.07973718643188477
ExtraTreesClassifier,0.9562043795620438,0.04157900810241699
AdaBoostClassifier,0.9343065693430657,0.06991791725158691
XGBClassifier,0.9562043795620438,0.0578608512878418
LGBMClassifier,0.948905109489051,0.32849717140197754
CatBoostClassifier,0.948905109489051,0.11421918869018555
RadiusNeighborsClassifier,,
KNeighborsClassifier,0.9708029197080292,0.0016319751739501953
NearestCentroid,0.9635036496350365,0.0007212162017822266
QuadraticDiscriminantAnalysis,0.9416058394160584,0.004066944122314453
LinearDiscriminantAnalysis,0.9416058394160584,0.02683091163635254
GaussianNB,0.948905109489051,0.0008611679077148438
BernoulliNB,0.9781021897810219,0.0010378360748291016
MLPClassifier,0.9562043795620438,0.5318098068237305
ExtraTreeClassifier,0.927007299270073,0.0023491382598876953
DecisionTreeClassifier,0.8905109489051095,0.004085063934326172
LabelSpreading,0.9708029197080292,0.008691072463989258
LabelPropagation,0.9708029197080292,0.00795888900756836
DummyClassifier,0.635036496350365,0.0002758502960205078
