classifier,score,time
SVC,0.8442622950819673,0.010886907577514648
SGDClassifier,0.819672131147541,0.003943920135498047
RidgeClassifierCV,0.819672131147541,0.29543209075927734
RidgeClassifier,0.8278688524590164,0.00765681266784668
Perceptron,0.8688524590163934,0.001603841781616211
PassiveAggressiveClassifier,0.7295081967213115,0.0015339851379394531
LogisticRegressionCV,0.7868852459016393,0.7382781505584717
LogisticRegression,0.7868852459016393,0.07792496681213379
LinearSVC,0.8278688524590164,0.002073049545288086
RandomForestClassifier,0.9508196721311475,0.15432190895080566
HistGradientBoostingClassifier,0.9344262295081968,1.0357780456542969
GradientBoostingClassifier,0.9344262295081968,0.1624009609222412
ExtraTreesClassifier,0.9508196721311475,0.11295104026794434
AdaBoostClassifier,0.8934426229508197,0.11980271339416504
XGBClassifier,0.9508196721311475,0.09949111938476562
LGBMClassifier,0.9344262295081968,0.40123629570007324
CatBoostClassifier,0.9426229508196722,0.1586318016052246
RadiusNeighborsClassifier,,
KNeighborsClassifier,0.8688524590163934,0.0009598731994628906
NearestCentroid,0.7868852459016393,0.0008656978607177734
QuadraticDiscriminantAnalysis,0.8114754098360656,0.0016398429870605469
LinearDiscriminantAnalysis,0.8278688524590164,0.014339208602905273
GaussianNB,0.8114754098360656,0.0016651153564453125
BernoulliNB,0.7704918032786885,0.003013134002685547
MLPClassifier,0.9426229508196722,14.823995113372803
ExtraTreeClassifier,0.9180327868852459,0.002131938934326172
DecisionTreeClassifier,0.9180327868852459,0.00325775146484375
LabelSpreading,0.9262295081967213,0.024295806884765625
LabelPropagation,0.9262295081967213,0.012984991073608398
DummyClassifier,0.5573770491803278,0.0002307891845703125
