classifier,score,time
SVC,0.9709302325581395,0.18368101119995117
SGDClassifier,0.9767441860465116,0.029806852340698242
RidgeClassifierCV,0.9709302325581395,1.111063003540039
RidgeClassifier,0.9709302325581395,0.45862603187561035
Perceptron,0.9767441860465116,0.08096003532409668
PassiveAggressiveClassifier,0.9709302325581395,0.192763090133667
LogisticRegressionCV,0.9709302325581395,2.868265151977539
LogisticRegression,0.9709302325581395,0.16095590591430664
LinearSVC,0.9709302325581395,0.03362417221069336
RandomForestClassifier,0.9709302325581395,0.18189501762390137
HistGradientBoostingClassifier,0.9651162790697675,3.3195669651031494
GradientBoostingClassifier,0.9709302325581395,0.5870037078857422
ExtraTreesClassifier,0.9709302325581395,0.1117398738861084
AdaBoostClassifier,0.9709302325581395,0.417266845703125
XGBClassifier,0.9709302325581395,0.4537081718444824
LGBMClassifier,,
CatBoostClassifier,0.9709302325581395,0.31667304039001465
RadiusNeighborsClassifier,,
KNeighborsClassifier,0.9709302325581395,0.0073621273040771484
NearestCentroid,0.6162790697674418,0.009536027908325195
QuadraticDiscriminantAnalysis,0.9186046511627907,3.7547109127044678
LinearDiscriminantAnalysis,0.9709302325581395,2.663282871246338
GaussianNB,0.48255813953488375,0.0675957202911377
BernoulliNB,0.9709302325581395,0.05776405334472656
MLPClassifier,0.9709302325581395,23.561209201812744
ExtraTreeClassifier,0.9709302325581395,0.0056247711181640625
DecisionTreeClassifier,0.9709302325581395,0.048970937728881836
LabelSpreading,0.9651162790697675,0.09241795539855957
LabelPropagation,0.9593023255813954,0.06680083274841309
DummyClassifier,0.9709302325581395,0.0008730888366699219
