classifier,score,time
SVC,0.8524590163934426,0.001750946044921875
SGDClassifier,0.8524590163934426,0.0012557506561279297
RidgeClassifierCV,0.9016393442622951,0.0013701915740966797
RidgeClassifier,0.9016393442622951,0.0008611679077148438
Perceptron,0.8524590163934426,0.0007617473602294922
PassiveAggressiveClassifier,0.8360655737704918,0.0007200241088867188
LogisticRegressionCV,0.9016393442622951,0.03295302391052246
LogisticRegression,0.9016393442622951,0.0012748241424560547
LinearSVC,0.8852459016393442,0.0007631778717041016
RandomForestClassifier,0.8524590163934426,0.04627490043640137
HistGradientBoostingClassifier,0.8032786885245902,0.23577189445495605
GradientBoostingClassifier,0.8032786885245902,0.05150794982910156
ExtraTreesClassifier,0.8524590163934426,0.03692007064819336
AdaBoostClassifier,0.7868852459016393,0.054969072341918945
XGBClassifier,0.8032786885245902,0.0645148754119873
LGBMClassifier,0.8032786885245902,0.17741990089416504
CatBoostClassifier,0.8360655737704918,0.15613293647766113
RadiusNeighborsClassifier,,
KNeighborsClassifier,0.8688524590163934,0.0005538463592529297
NearestCentroid,0.9180327868852459,0.000518798828125
QuadraticDiscriminantAnalysis,0.7049180327868853,0.0010628700256347656
LinearDiscriminantAnalysis,0.8688524590163934,0.0010120868682861328
GaussianNB,0.7540983606557377,0.0005497932434082031
BernoulliNB,0.9344262295081968,0.0007410049438476562
MLPClassifier,0.8360655737704918,0.8721139430999756
ExtraTreeClassifier,0.7213114754098361,0.0007021427154541016
DecisionTreeClassifier,0.7540983606557377,0.001032114028930664
LabelSpreading,0.8360655737704918,0.0014553070068359375
LabelPropagation,0.8360655737704918,0.0008902549743652344
DummyClassifier,0.5081967213114754,8.606910705566406e-05
