classifier,score,time
SVC,0.9649122807017544,0.01651477813720703
SGDClassifier,0.9473684210526315,0.0028181076049804688
RidgeClassifierCV,0.9269005847953217,0.4916810989379883
RidgeClassifier,0.9298245614035088,0.04713916778564453
Perceptron,0.9590643274853801,0.0025780200958251953
PassiveAggressiveClassifier,0.9532163742690059,0.0019519329071044922
LogisticRegressionCV,0.9590643274853801,1.3663969039916992
LogisticRegression,0.9415204678362573,0.08556008338928223
LinearSVC,0.956140350877193,0.002557039260864258
RandomForestClassifier,0.9824561403508771,0.3226590156555176
HistGradientBoostingClassifier,0.9853801169590644,1.0020339488983154
GradientBoostingClassifier,0.9912280701754386,0.9591579437255859
ExtraTreesClassifier,0.9883040935672515,0.0676579475402832
AdaBoostClassifier,0.9883040935672515,0.38585495948791504
XGBClassifier,0.9883040935672515,0.11408805847167969
LGBMClassifier,0.9883040935672515,0.37692999839782715
CatBoostClassifier,0.9883040935672515,0.1860661506652832
RadiusNeighborsClassifier,0.8099415204678363,0.0008928775787353516
KNeighborsClassifier,0.9122807017543859,0.0009627342224121094
NearestCentroid,0.935672514619883,0.0006737709045410156
QuadraticDiscriminantAnalysis,0.9649122807017544,0.022015094757080078
LinearDiscriminantAnalysis,0.9239766081871345,0.028093814849853516
GaussianNB,0.9444444444444444,0.0028438568115234375
BernoulliNB,0.6403508771929824,0.0008771419525146484
MLPClassifier,0.9824561403508771,28.06412696838379
ExtraTreeClassifier,0.9444444444444444,0.0024917125701904297
DecisionTreeClassifier,0.9619883040935673,0.04745173454284668
LabelSpreading,0.9415204678362573,0.0729060173034668
LabelPropagation,0.9327485380116959,0.03500795364379883
DummyClassifier,0.6403508771929824,0.00017881393432617188
