classifier,score,time
SVC,0.6333333333333333,0.0023000240325927734
SGDClassifier,0.6666666666666666,0.001795053482055664
RidgeClassifierCV,0.6833333333333333,0.1993710994720459
RidgeClassifier,0.6833333333333333,0.07218813896179199
Perceptron,0.7,0.0010750293731689453
PassiveAggressiveClassifier,0.7,0.002321958541870117
LogisticRegressionCV,0.65,0.5893709659576416
LogisticRegression,0.7,0.06221485137939453
LinearSVC,0.65,0.0044078826904296875
RandomForestClassifier,0.8,0.09953713417053223
HistGradientBoostingClassifier,0.8166666666666667,0.28835415840148926
GradientBoostingClassifier,0.85,0.07570099830627441
ExtraTreesClassifier,0.7333333333333333,0.07326197624206543
AdaBoostClassifier,0.7666666666666667,0.07259702682495117
XGBClassifier,0.8,0.0722038745880127
LGBMClassifier,0.8333333333333334,0.20717096328735352
CatBoostClassifier,0.8333333333333334,0.17423105239868164
RadiusNeighborsClassifier,,
KNeighborsClassifier,0.6,0.0007231235504150391
NearestCentroid,0.65,0.0006661415100097656
QuadraticDiscriminantAnalysis,0.6333333333333333,0.14834094047546387
LinearDiscriminantAnalysis,0.6833333333333333,0.2741069793701172
GaussianNB,0.7,0.0007560253143310547
BernoulliNB,0.6333333333333333,0.0009090900421142578
MLPClassifier,0.75,1.1111950874328613
ExtraTreeClassifier,0.7,0.0007839202880859375
DecisionTreeClassifier,0.7666666666666667,0.0015339851379394531
LabelSpreading,0.6666666666666666,0.001748800277709961
LabelPropagation,0.6666666666666666,0.0010099411010742188
DummyClassifier,0.55,8.678436279296875e-05
