classifier,score,time
SVC,1.0,0.0006067752838134766
SGDClassifier,1.0,0.0005371570587158203
RidgeClassifierCV,1.0,0.0010380744934082031
RidgeClassifier,1.0,0.0007498264312744141
Perceptron,1.0,0.0005369186401367188
PassiveAggressiveClassifier,1.0,0.0004279613494873047
LogisticRegressionCV,1.0,0.01977229118347168
LogisticRegression,1.0,0.0007491111755371094
LinearSVC,1.0,0.00045800209045410156
RandomForestClassifier,1.0,0.03808093070983887
HistGradientBoostingClassifier,0.4444444444444444,0.034540653228759766
GradientBoostingClassifier,1.0,0.01638007164001465
ExtraTreesClassifier,1.0,0.027184009552001953
AdaBoostClassifier,1.0,0.001111745834350586
XGBClassifier,1.0,0.02481222152709961
LGBMClassifier,0.4444444444444444,0.00802302360534668
CatBoostClassifier,1.0,0.07044816017150879
RadiusNeighborsClassifier,0.6666666666666666,0.0006902217864990234
KNeighborsClassifier,1.0,0.0004208087921142578
NearestCentroid,0.6666666666666666,0.00038886070251464844
QuadraticDiscriminantAnalysis,0.5555555555555556,0.0006411075592041016
LinearDiscriminantAnalysis,1.0,0.0006299018859863281
GaussianNB,0.6666666666666666,0.00045800209045410156
BernoulliNB,0.6666666666666666,0.0006158351898193359
MLPClassifier,1.0,0.04557204246520996
ExtraTreeClassifier,1.0,0.0004551410675048828
DecisionTreeClassifier,1.0,0.00039768218994140625
LabelSpreading,1.0,0.0004990100860595703
LabelPropagation,1.0,0.00044918060302734375
DummyClassifier,0.4444444444444444,7.796287536621094e-05
