classifier,score,time
SVC,0.7833333333333333,0.0014688968658447266
SGDClassifier,0.75,0.0009341239929199219
RidgeClassifierCV,0.7833333333333333,0.0013337135314941406
RidgeClassifier,0.7833333333333333,0.0008420944213867188
Perceptron,0.7833333333333333,0.0007610321044921875
PassiveAggressiveClassifier,0.55,0.0005750656127929688
LogisticRegressionCV,0.7833333333333333,0.0326228141784668
LogisticRegression,0.8333333333333334,0.0015239715576171875
LinearSVC,0.7666666666666667,0.0006690025329589844
RandomForestClassifier,0.9166666666666666,0.048768043518066406
HistGradientBoostingClassifier,0.8333333333333334,0.2284867763519287
GradientBoostingClassifier,0.8333333333333334,0.05107307434082031
ExtraTreesClassifier,0.8,0.038084983825683594
AdaBoostClassifier,0.8,0.0551297664642334
XGBClassifier,0.8,0.06826400756835938
LGBMClassifier,0.8166666666666667,0.11906790733337402
CatBoostClassifier,0.9,0.13598084449768066
RadiusNeighborsClassifier,,
KNeighborsClassifier,0.7,0.00043582916259765625
NearestCentroid,0.65,0.0004801750183105469
QuadraticDiscriminantAnalysis,0.55,0.0007889270782470703
LinearDiscriminantAnalysis,0.7833333333333333,0.0021991729736328125
GaussianNB,0.7666666666666667,0.0017840862274169922
BernoulliNB,0.6333333333333333,0.0007467269897460938
MLPClassifier,0.8,0.7394759654998779
ExtraTreeClassifier,0.7333333333333333,0.0006368160247802734
DecisionTreeClassifier,0.8166666666666667,0.0009911060333251953
LabelSpreading,0.7166666666666667,0.0033867359161376953
LabelPropagation,0.7166666666666667,0.0008437633514404297
DummyClassifier,0.6833333333333333,8.58306884765625e-05
