classifier,score,time
SVC,0.6666666666666666,0.0035719871520996094
SGDClassifier,0.6666666666666666,0.0012350082397460938
RidgeClassifierCV,0.6837606837606838,0.0012331008911132812
RidgeClassifier,0.6837606837606838,0.0009028911590576172
Perceptron,0.6666666666666666,0.0009207725524902344
PassiveAggressiveClassifier,0.6153846153846154,0.0007560253143310547
LogisticRegressionCV,0.6666666666666666,0.04156208038330078
LogisticRegression,0.6837606837606838,0.0014050006866455078
LinearSVC,0.6837606837606838,0.0011091232299804688
RandomForestClassifier,0.6324786324786325,0.06743812561035156
HistGradientBoostingClassifier,0.6410256410256411,0.5275182723999023
GradientBoostingClassifier,0.6752136752136753,0.0785531997680664
ExtraTreesClassifier,0.6666666666666666,0.051364898681640625
AdaBoostClassifier,0.7094017094017094,0.06724810600280762
XGBClassifier,0.6153846153846154,0.05321192741394043
LGBMClassifier,0.6666666666666666,0.30328822135925293
CatBoostClassifier,0.6752136752136753,0.10127520561218262
RadiusNeighborsClassifier,0.6666666666666666,0.0007429122924804688
KNeighborsClassifier,0.5811965811965812,0.00047206878662109375
NearestCentroid,0.5811965811965812,0.0004112720489501953
QuadraticDiscriminantAnalysis,0.49572649572649574,0.0007500648498535156
LinearDiscriminantAnalysis,0.6495726495726496,0.0007579326629638672
GaussianNB,0.5213675213675214,0.0005030632019042969
BernoulliNB,0.6666666666666666,0.0006580352783203125
MLPClassifier,0.6837606837606838,0.5308289527893066
ExtraTreeClassifier,0.5897435897435898,0.0010058879852294922
DecisionTreeClassifier,0.6153846153846154,0.0035440921783447266
LabelSpreading,0.6752136752136753,0.0063321590423583984
LabelPropagation,0.6752136752136753,0.007972002029418945
DummyClassifier,0.6666666666666666,0.00010824203491210938
