classifier,score,time
SVC,0.7597402597402597,0.004025936126708984
SGDClassifier,0.7792207792207793,0.0016760826110839844
RidgeClassifierCV,0.7337662337662337,0.0011801719665527344
RidgeClassifier,0.7337662337662337,0.0008029937744140625
Perceptron,0.7532467532467533,0.0007750988006591797
PassiveAggressiveClassifier,0.7207792207792207,0.0007390975952148438
LogisticRegressionCV,0.7337662337662337,0.02210402488708496
LogisticRegression,0.7337662337662337,0.0009601116180419922
LinearSVC,0.7337662337662337,0.0007731914520263672
RandomForestClassifier,0.7337662337662337,0.06845903396606445
HistGradientBoostingClassifier,0.7207792207792207,0.4712519645690918
GradientBoostingClassifier,0.7337662337662337,0.08654212951660156
ExtraTreesClassifier,0.7207792207792207,0.05050086975097656
AdaBoostClassifier,0.7727272727272727,0.06921601295471191
XGBClassifier,0.7077922077922078,0.05377507209777832
LGBMClassifier,0.7077922077922078,0.28711795806884766
CatBoostClassifier,0.7467532467532467,0.10461091995239258
RadiusNeighborsClassifier,0.6038961038961039,0.0007731914520263672
KNeighborsClassifier,0.7272727272727273,0.0004820823669433594
NearestCentroid,0.7337662337662337,0.00040602684020996094
QuadraticDiscriminantAnalysis,0.7402597402597403,0.0005166530609130859
LinearDiscriminantAnalysis,0.7402597402597403,0.0007288455963134766
GaussianNB,0.7207792207792207,0.00047278404235839844
BernoulliNB,0.6168831168831169,0.0006661415100097656
MLPClassifier,0.7532467532467533,0.4487881660461426
ExtraTreeClassifier,0.6623376623376623,0.0006711483001708984
DecisionTreeClassifier,0.6558441558441559,0.0020139217376708984
LabelSpreading,0.7142857142857143,0.010169029235839844
LabelPropagation,0.7142857142857143,0.002743244171142578
DummyClassifier,0.6038961038961039,9.489059448242188e-05
