classifier,score,time
SVC,,
SGDClassifier,,
RidgeClassifierCV,1.0,1.0462689399719238
RidgeClassifier,1.0,0.3182492256164551
Perceptron,,
PassiveAggressiveClassifier,,
LogisticRegressionCV,,
LogisticRegression,,
LinearSVC,,
RandomForestClassifier,1.0,0.16823196411132812
HistGradientBoostingClassifier,1.0,0.10042119026184082
GradientBoostingClassifier,,
ExtraTreesClassifier,1.0,0.03369402885437012
AdaBoostClassifier,1.0,0.00469517707824707
XGBClassifier,,
LGBMClassifier,,
CatBoostClassifier,,
RadiusNeighborsClassifier,,
KNeighborsClassifier,1.0,0.003958940505981445
NearestCentroid,,
QuadraticDiscriminantAnalysis,,
LinearDiscriminantAnalysis,1.0,0.5378990173339844
GaussianNB,1.0,0.17113089561462402
BernoulliNB,1.0,0.0426790714263916
MLPClassifier,1.0,3.270861864089966
ExtraTreeClassifier,1.0,0.0038862228393554688
DecisionTreeClassifier,1.0,0.002585172653198242
LabelSpreading,1.0,0.07646417617797852
LabelPropagation,1.0,0.05687713623046875
DummyClassifier,1.0,0.0001900196075439453
