classifier,score,time
SVC,0.9074074074074074,0.0017249584197998047
SGDClassifier,0.7592592592592593,0.0010919570922851562
RidgeClassifierCV,0.9444444444444444,0.003619670867919922
RidgeClassifier,0.9629629629629629,0.0010149478912353516
Perceptron,0.7777777777777778,0.0007276535034179688
PassiveAggressiveClassifier,0.7962962962962963,0.0008478164672851562
LogisticRegressionCV,0.8888888888888888,0.0874030590057373
LogisticRegression,0.9444444444444444,0.0018754005432128906
LinearSVC,0.9259259259259259,0.0008399486541748047
RandomForestClassifier,0.9074074074074074,0.07073783874511719
HistGradientBoostingClassifier,0.9074074074074074,0.3333151340484619
GradientBoostingClassifier,0.8888888888888888,0.051486968994140625
ExtraTreesClassifier,0.9074074074074074,0.03790616989135742
AdaBoostClassifier,0.8148148148148148,0.07198071479797363
XGBClassifier,0.8703703703703703,0.0791771411895752
LGBMClassifier,0.8518518518518519,0.17662310600280762
CatBoostClassifier,0.9074074074074074,0.10459232330322266
RadiusNeighborsClassifier,,
KNeighborsClassifier,0.9259259259259259,0.0006170272827148438
NearestCentroid,0.9259259259259259,0.0009009838104248047
QuadraticDiscriminantAnalysis,0.6481481481481481,0.0008370876312255859
LinearDiscriminantAnalysis,0.9444444444444444,0.001232147216796875
GaussianNB,0.7037037037037037,0.0008382797241210938
BernoulliNB,0.9074074074074074,0.0008261203765869141
MLPClassifier,0.8888888888888888,5.862838983535767
ExtraTreeClassifier,0.8148148148148148,0.0006449222564697266
DecisionTreeClassifier,0.7407407407407407,0.0009300708770751953
LabelSpreading,0.8888888888888888,0.0011069774627685547
LabelPropagation,0.8888888888888888,0.013305902481079102
DummyClassifier,0.6111111111111112,0.0004050731658935547
