classifier,score,time
SVC,0.8804347826086957,0.007599830627441406
SGDClassifier,0.8532608695652174,0.0021178722381591797
RidgeClassifierCV,0.875,0.18676304817199707
RidgeClassifier,0.8804347826086957,0.025543928146362305
Perceptron,0.75,0.0023620128631591797
PassiveAggressiveClassifier,0.8641304347826086,0.002264738082885742
LogisticRegressionCV,0.875,0.12785911560058594
LogisticRegression,0.8641304347826086,0.002074003219604492
LinearSVC,0.8695652173913043,0.0011630058288574219
RandomForestClassifier,0.8804347826086957,0.11620402336120605
HistGradientBoostingClassifier,0.8804347826086957,0.636415958404541
GradientBoostingClassifier,0.8804347826086957,0.14948487281799316
ExtraTreesClassifier,0.8478260869565217,0.06167101860046387
AdaBoostClassifier,0.8478260869565217,0.06808686256408691
XGBClassifier,0.875,0.0781862735748291
LGBMClassifier,0.8858695652173914,0.3531959056854248
CatBoostClassifier,0.9021739130434783,0.1687030792236328
RadiusNeighborsClassifier,,
KNeighborsClassifier,0.8586956521739131,0.0006721019744873047
NearestCentroid,0.8369565217391305,0.0006148815155029297
QuadraticDiscriminantAnalysis,0.8043478260869565,0.04423189163208008
LinearDiscriminantAnalysis,0.8804347826086957,0.16915512084960938
GaussianNB,0.8586956521739131,0.002023935317993164
BernoulliNB,0.8586956521739131,0.002500772476196289
MLPClassifier,0.8641304347826086,3.6035242080688477
ExtraTreeClassifier,0.7880434782608695,0.0008182525634765625
DecisionTreeClassifier,0.8369565217391305,0.002107858657836914
LabelSpreading,0.8478260869565217,0.016445159912109375
LabelPropagation,0.8478260869565217,0.007941007614135742
DummyClassifier,0.5271739130434783,0.00011110305786132812
