classifier,score,time
SVC,0.7804878048780488,0.0010380744934082031
SGDClassifier,0.8292682926829268,0.0007998943328857422
RidgeClassifierCV,0.7804878048780488,0.001177072525024414
RidgeClassifier,0.7804878048780488,0.0008041858673095703
Perceptron,0.7317073170731707,0.0006537437438964844
PassiveAggressiveClassifier,0.7804878048780488,0.0005741119384765625
LogisticRegressionCV,0.7317073170731707,0.031458139419555664
LogisticRegression,0.7560975609756098,0.0012018680572509766
LinearSVC,0.7317073170731707,0.0006191730499267578
RandomForestClassifier,0.7317073170731707,0.04225802421569824
HistGradientBoostingClassifier,0.7073170731707317,0.13152623176574707
GradientBoostingClassifier,0.7804878048780488,0.039849042892456055
ExtraTreesClassifier,0.7317073170731707,0.03315925598144531
AdaBoostClassifier,0.7317073170731707,0.050379037857055664
XGBClassifier,0.7073170731707317,0.07806181907653809
LGBMClassifier,0.6829268292682927,0.12705183029174805
CatBoostClassifier,0.7317073170731707,0.14705705642700195
RadiusNeighborsClassifier,,
KNeighborsClassifier,0.7317073170731707,0.001405954360961914
NearestCentroid,0.5853658536585366,0.0004839897155761719
QuadraticDiscriminantAnalysis,0.7804878048780488,0.0008521080017089844
LinearDiscriminantAnalysis,0.7560975609756098,0.0008058547973632812
GaussianNB,0.7317073170731707,0.0005140304565429688
BernoulliNB,0.7073170731707317,0.0006878376007080078
MLPClassifier,0.7560975609756098,0.35772013664245605
ExtraTreeClassifier,0.6341463414634146,0.0022351741790771484
DecisionTreeClassifier,0.7317073170731707,0.0020322799682617188
LabelSpreading,0.7804878048780488,0.0035300254821777344
LabelPropagation,0.7804878048780488,0.0013892650604248047
DummyClassifier,0.7804878048780488,8.869171142578125e-05
