classifier,score,time
SVC,0.9016393442622951,0.0022249221801757812
SGDClassifier,0.7540983606557377,0.0014691352844238281
RidgeClassifierCV,0.8688524590163934,0.0017960071563720703
RidgeClassifier,0.8524590163934426,0.0013301372528076172
Perceptron,0.8360655737704918,0.0008931159973144531
PassiveAggressiveClassifier,0.7049180327868853,0.0009148120880126953
LogisticRegressionCV,0.8688524590163934,0.042607784271240234
LogisticRegression,0.8524590163934426,0.002012968063354492
LinearSVC,0.8360655737704918,0.0009529590606689453
RandomForestClassifier,0.8852459016393442,0.10352897644042969
HistGradientBoostingClassifier,0.8360655737704918,0.478853702545166
GradientBoostingClassifier,0.7868852459016393,0.062368154525756836
ExtraTreesClassifier,0.8688524590163934,0.04179096221923828
AdaBoostClassifier,0.7540983606557377,0.0630650520324707
XGBClassifier,0.8688524590163934,0.08466887474060059
LGBMClassifier,0.8360655737704918,0.13933420181274414
CatBoostClassifier,0.8688524590163934,0.1594829559326172
RadiusNeighborsClassifier,,
KNeighborsClassifier,0.8852459016393442,0.0005791187286376953
NearestCentroid,0.8852459016393442,0.0009770393371582031
QuadraticDiscriminantAnalysis,0.5409836065573771,0.0017271041870117188
LinearDiscriminantAnalysis,0.8360655737704918,0.0014810562133789062
GaussianNB,0.5081967213114754,0.0011398792266845703
BernoulliNB,0.8688524590163934,0.0013949871063232422
MLPClassifier,0.8524590163934426,6.6437668800354
ExtraTreeClassifier,0.819672131147541,0.0007929801940917969
DecisionTreeClassifier,0.7704918032786885,0.0009889602661132812
LabelSpreading,0.8360655737704918,0.006724834442138672
LabelPropagation,0.8360655737704918,0.00643467903137207
DummyClassifier,0.5245901639344263,0.0001347064971923828
