classifier,score,time
SVC,0.6296296296296297,0.0012068748474121094
SGDClassifier,0.7592592592592593,0.0008609294891357422
RidgeClassifierCV,0.6296296296296297,0.0010709762573242188
RidgeClassifier,0.6296296296296297,0.0007879734039306641
Perceptron,0.48148148148148145,0.0006530284881591797
PassiveAggressiveClassifier,0.6296296296296297,0.0004782676696777344
LogisticRegressionCV,0.6296296296296297,0.02285289764404297
LogisticRegression,0.6296296296296297,0.0009531974792480469
LinearSVC,0.6296296296296297,0.0005156993865966797
RandomForestClassifier,0.6481481481481481,0.0470128059387207
HistGradientBoostingClassifier,0.6481481481481481,0.20773983001708984
GradientBoostingClassifier,0.6296296296296297,0.036238908767700195
ExtraTreesClassifier,0.6296296296296297,0.03638625144958496
AdaBoostClassifier,0.5925925925925926,0.054515838623046875
XGBClassifier,0.6296296296296297,0.08488178253173828
LGBMClassifier,0.6296296296296297,0.13198518753051758
CatBoostClassifier,0.5925925925925926,0.07962703704833984
RadiusNeighborsClassifier,0.5370370370370371,0.001458883285522461
KNeighborsClassifier,0.6481481481481481,0.00043392181396484375
NearestCentroid,0.5370370370370371,0.00039505958557128906
QuadraticDiscriminantAnalysis,0.4074074074074074,0.0006611347198486328
LinearDiscriminantAnalysis,0.6296296296296297,0.0006358623504638672
GaussianNB,0.5370370370370371,0.0004489421844482422
BernoulliNB,0.5370370370370371,0.0006132125854492188
MLPClassifier,0.6296296296296297,0.1193380355834961
ExtraTreeClassifier,0.5185185185185185,0.0005669593811035156
DecisionTreeClassifier,0.6296296296296297,0.0006580352783203125
LabelSpreading,0.6666666666666666,0.0011620521545410156
LabelPropagation,0.6481481481481481,0.0007300376892089844
DummyClassifier,0.6296296296296297,8.487701416015625e-05
