classifier,score,time
SVC,0.6524390243902439,0.11122298240661621
SGDClassifier,0.6067073170731707,0.007606029510498047
RidgeClassifierCV,0.6067073170731707,0.06295490264892578
RidgeClassifier,0.6067073170731707,0.0011620521545410156
Perceptron,0.5990853658536586,0.0021262168884277344
PassiveAggressiveClassifier,0.40396341463414637,0.0013849735260009766
LogisticRegressionCV,0.6067073170731707,0.30106401443481445
LogisticRegression,0.6067073170731707,0.0025370121002197266
LinearSVC,0.6067073170731707,0.0018308162689208984
RandomForestClassifier,0.6615853658536586,0.5948672294616699
HistGradientBoostingClassifier,0.6371951219512195,0.8043651580810547
GradientBoostingClassifier,0.6371951219512195,0.5863561630249023
ExtraTreesClassifier,0.6615853658536586,0.1865253448486328
AdaBoostClassifier,0.6112804878048781,0.25746703147888184
XGBClassifier,0.6265243902439024,0.10999608039855957
LGBMClassifier,0.649390243902439,0.36562275886535645
CatBoostClassifier,0.6737804878048781,0.17210078239440918
RadiusNeighborsClassifier,0.6067073170731707,0.0013382434844970703
KNeighborsClassifier,0.6082317073170732,0.0010988712310791016
NearestCentroid,0.5228658536585366,0.0006601810455322266
QuadraticDiscriminantAnalysis,0.6112804878048781,0.0010039806365966797
LinearDiscriminantAnalysis,0.6067073170731707,0.0246427059173584
GaussianNB,0.5945121951219512,0.0008189678192138672
BernoulliNB,0.6067073170731707,0.0009121894836425781
MLPClassifier,0.6524390243902439,5.323728799819946
ExtraTreeClassifier,0.5365853658536586,0.0022101402282714844
DecisionTreeClassifier,0.5655487804878049,0.03752493858337402
LabelSpreading,0.6112804878048781,0.2032163143157959
LabelPropagation,0.6112804878048781,0.1869189739227295
DummyClassifier,0.6067073170731707,0.00018310546875
