classifier,score,time
SVC,0.8360655737704918,0.0018367767333984375
SGDClassifier,0.8032786885245902,0.0008080005645751953
RidgeClassifierCV,0.8524590163934426,0.0012898445129394531
RidgeClassifier,0.8360655737704918,0.0008859634399414062
Perceptron,0.7868852459016393,0.0009219646453857422
PassiveAggressiveClassifier,0.8032786885245902,0.0010209083557128906
LogisticRegressionCV,0.8524590163934426,0.03183317184448242
LogisticRegression,0.8524590163934426,0.0015060901641845703
LinearSVC,0.8524590163934426,0.0007650852203369141
RandomForestClassifier,0.8032786885245902,0.04806017875671387
HistGradientBoostingClassifier,0.8032786885245902,0.42638421058654785
GradientBoostingClassifier,0.8032786885245902,0.052934885025024414
ExtraTreesClassifier,0.8032786885245902,0.03696012496948242
AdaBoostClassifier,0.7704918032786885,0.055860042572021484
XGBClassifier,0.8032786885245902,0.07469415664672852
LGBMClassifier,0.7868852459016393,0.19347190856933594
CatBoostClassifier,0.8032786885245902,0.11031913757324219
RadiusNeighborsClassifier,,
KNeighborsClassifier,0.8360655737704918,0.0005679130554199219
NearestCentroid,0.8360655737704918,0.00047397613525390625
QuadraticDiscriminantAnalysis,0.639344262295082,0.0013930797576904297
LinearDiscriminantAnalysis,0.8360655737704918,0.0010297298431396484
GaussianNB,0.819672131147541,0.0005679130554199219
BernoulliNB,0.8360655737704918,0.0007190704345703125
MLPClassifier,0.8032786885245902,4.91004490852356
ExtraTreeClassifier,0.7704918032786885,0.0019199848175048828
DecisionTreeClassifier,0.7868852459016393,0.0024650096893310547
LabelSpreading,0.8032786885245902,0.016438961029052734
LabelPropagation,0.8032786885245902,0.016354084014892578
DummyClassifier,0.5245901639344263,0.0001399517059326172
