classifier,score,time
SVC,,
SGDClassifier,,
RidgeClassifierCV,1.0,0.35215091705322266
RidgeClassifier,1.0,0.003011941909790039
Perceptron,,
PassiveAggressiveClassifier,,
LogisticRegressionCV,,
LogisticRegression,,
LinearSVC,,
RandomForestClassifier,1.0,0.06977486610412598
HistGradientBoostingClassifier,1.0,0.21434688568115234
GradientBoostingClassifier,,
ExtraTreesClassifier,1.0,0.027966976165771484
AdaBoostClassifier,1.0,0.0010280609130859375
XGBClassifier,1.0,0.03759002685546875
LGBMClassifier,1.0,0.004480600357055664
CatBoostClassifier,,
RadiusNeighborsClassifier,,
KNeighborsClassifier,1.0,0.0013580322265625
NearestCentroid,,
QuadraticDiscriminantAnalysis,,
LinearDiscriminantAnalysis,1.0,0.034494876861572266
GaussianNB,1.0,0.0006079673767089844
BernoulliNB,1.0,0.026643991470336914
MLPClassifier,1.0,1.3183066844940186
ExtraTreeClassifier,1.0,0.0005741119384765625
DecisionTreeClassifier,1.0,0.00047588348388671875
LabelSpreading,1.0,0.0704813003540039
LabelPropagation,1.0,0.010277986526489258
DummyClassifier,1.0,0.0002422332763671875
