classifier,score,time
SVC,0.685,0.23489713668823242
SGDClassifier,0.64,0.025995969772338867
RidgeClassifierCV,0.6875,0.6691241264343262
RidgeClassifier,0.6875,0.025075912475585938
Perceptron,0.62,0.0054569244384765625
PassiveAggressiveClassifier,0.6175,0.01205301284790039
LogisticRegressionCV,0.6975,2.4477360248565674
LogisticRegression,0.6875,0.10394692420959473
LinearSVC,0.6875,0.026072025299072266
RandomForestClassifier,0.65,0.24186396598815918
HistGradientBoostingClassifier,0.6575,1.253918170928955
GradientBoostingClassifier,0.6425,0.31910204887390137
ExtraTreesClassifier,0.66,0.15677189826965332
AdaBoostClassifier,0.6925,0.1677238941192627
XGBClassifier,0.6775,0.1909809112548828
LGBMClassifier,,
CatBoostClassifier,0.6725,0.18297386169433594
RadiusNeighborsClassifier,,
KNeighborsClassifier,0.63,0.001405954360961914
NearestCentroid,0.6925,0.0014820098876953125
QuadraticDiscriminantAnalysis,0.5025,0.25821781158447266
LinearDiscriminantAnalysis,0.6875,0.2433910369873047
GaussianNB,0.57,0.0021200180053710938
BernoulliNB,0.6975,0.17301082611083984
MLPClassifier,0.64,23.293933153152466
ExtraTreeClassifier,0.5875,0.0023407936096191406
DecisionTreeClassifier,0.6425,0.028133153915405273
LabelSpreading,0.605,0.09102797508239746
LabelPropagation,0.6025,0.049514055252075195
DummyClassifier,0.5625,0.00017905235290527344
