classifier,score,time
SVC,0.54,0.05251884460449219
SGDClassifier,0.49,0.0037088394165039062
RidgeClassifierCV,0.4875,0.07097220420837402
RidgeClassifier,0.485,0.00809025764465332
Perceptron,0.4725,0.013019800186157227
PassiveAggressiveClassifier,0.5175,0.0047092437744140625
LogisticRegressionCV,0.485,0.4667038917541504
LogisticRegression,0.485,0.03686690330505371
LinearSVC,0.485,0.0032830238342285156
RandomForestClassifier,0.585,0.18540191650390625
HistGradientBoostingClassifier,0.575,1.1576769351959229
GradientBoostingClassifier,0.54,0.09089803695678711
ExtraTreesClassifier,0.59,0.10557389259338379
AdaBoostClassifier,0.4925,0.0762178897857666
XGBClassifier,0.5725,0.22206330299377441
LGBMClassifier,0.57,0.32730603218078613
CatBoostClassifier,0.5425,0.05419492721557617
RadiusNeighborsClassifier,0.5375,0.0020949840545654297
KNeighborsClassifier,0.5025,0.0008273124694824219
NearestCentroid,0.495,0.0006461143493652344
QuadraticDiscriminantAnalysis,0.475,0.0028760433197021484
LinearDiscriminantAnalysis,0.485,0.0025870800018310547
GaussianNB,0.505,0.0009300708770751953
BernoulliNB,0.5125,0.0008780956268310547
MLPClassifier,0.56,28.794395923614502
ExtraTreeClassifier,0.59,0.0013880729675292969
DecisionTreeClassifier,0.5575,0.0037717819213867188
LabelSpreading,0.535,0.0560297966003418
LabelPropagation,0.535,0.03185701370239258
DummyClassifier,0.495,0.00015616416931152344
