classifier,score,time
SVC,0.59,0.05573606491088867
SGDClassifier,0.55,0.0051190853118896484
RidgeClassifierCV,0.67,0.15192341804504395
RidgeClassifier,0.66,0.08629107475280762
Perceptron,0.505,0.00503230094909668
PassiveAggressiveClassifier,0.5175,0.0034477710723876953
LogisticRegressionCV,0.6825,0.8465249538421631
LogisticRegression,0.6475,0.12901806831359863
LinearSVC,0.6675,0.004457950592041016
RandomForestClassifier,0.67,0.22224116325378418
HistGradientBoostingClassifier,0.6425,0.9968528747558594
GradientBoostingClassifier,0.7025,0.2382819652557373
ExtraTreesClassifier,0.6225,0.11378812789916992
AdaBoostClassifier,0.7,0.12181615829467773
XGBClassifier,0.6475,0.14646005630493164
LGBMClassifier,0.6625,0.38841915130615234
CatBoostClassifier,0.7075,0.12876009941101074
RadiusNeighborsClassifier,,
KNeighborsClassifier,0.5525,0.0007622241973876953
NearestCentroid,0.625,0.002218008041381836
QuadraticDiscriminantAnalysis,0.5725,0.00849008560180664
LinearDiscriminantAnalysis,0.6875,0.022201061248779297
GaussianNB,0.6025,0.0013780593872070312
BernoulliNB,0.615,0.0009012222290039062
MLPClassifier,0.6425,31.06318712234497
ExtraTreeClassifier,0.5575,0.001531839370727539
DecisionTreeClassifier,0.605,0.006973981857299805
LabelSpreading,0.55,0.06578588485717773
LabelPropagation,0.555,0.04810476303100586
DummyClassifier,0.5075,0.00015473365783691406
