classifier,score,time
SVC,0.8688524590163934,0.0017209053039550781
SGDClassifier,0.6885245901639344,0.0012760162353515625
RidgeClassifierCV,0.8852459016393442,0.0015192031860351562
RidgeClassifier,0.8688524590163934,0.001016855239868164
Perceptron,0.8032786885245902,0.0007810592651367188
PassiveAggressiveClassifier,0.7868852459016393,0.0007390975952148438
LogisticRegressionCV,0.8852459016393442,0.03377223014831543
LogisticRegression,0.9016393442622951,0.0017230510711669922
LinearSVC,0.8852459016393442,0.0007622241973876953
RandomForestClassifier,0.8360655737704918,0.04653310775756836
HistGradientBoostingClassifier,0.8032786885245902,0.22070884704589844
GradientBoostingClassifier,0.819672131147541,0.05882072448730469
ExtraTreesClassifier,0.8852459016393442,0.0452427864074707
AdaBoostClassifier,0.7868852459016393,0.08112788200378418
XGBClassifier,0.7704918032786885,0.05393409729003906
LGBMClassifier,0.7868852459016393,0.18662595748901367
CatBoostClassifier,0.8360655737704918,0.1548910140991211
RadiusNeighborsClassifier,,
KNeighborsClassifier,0.9016393442622951,0.0005340576171875
NearestCentroid,0.8852459016393442,0.0004830360412597656
QuadraticDiscriminantAnalysis,0.7049180327868853,0.002238035202026367
LinearDiscriminantAnalysis,0.8852459016393442,0.0010459423065185547
GaussianNB,0.8524590163934426,0.0005729198455810547
BernoulliNB,0.8524590163934426,0.0007460117340087891
MLPClassifier,0.8032786885245902,1.243474006652832
ExtraTreeClassifier,0.7704918032786885,0.0018260478973388672
DecisionTreeClassifier,0.7213114754098361,0.0011148452758789062
LabelSpreading,0.8524590163934426,0.0020589828491210938
LabelPropagation,0.8524590163934426,0.0009031295776367188
DummyClassifier,0.6065573770491803,8.893013000488281e-05
