classifier,score,time
SVC,0.922077922077922,0.002003908157348633
SGDClassifier,0.8831168831168831,0.0008921623229980469
RidgeClassifierCV,0.935064935064935,0.23851990699768066
RidgeClassifier,0.935064935064935,0.030490875244140625
Perceptron,0.8961038961038961,0.002845287322998047
PassiveAggressiveClassifier,0.8831168831168831,0.004940986633300781
LogisticRegressionCV,0.922077922077922,0.0820317268371582
LogisticRegression,0.935064935064935,0.005487918853759766
LinearSVC,0.8961038961038961,0.003692626953125
RandomForestClassifier,0.935064935064935,0.1377418041229248
HistGradientBoostingClassifier,0.935064935064935,0.2545897960662842
GradientBoostingClassifier,0.948051948051948,0.04908609390258789
ExtraTreesClassifier,0.935064935064935,0.03482794761657715
AdaBoostClassifier,0.8961038961038961,0.055689096450805664
XGBClassifier,0.948051948051948,0.06240391731262207
LGBMClassifier,0.935064935064935,0.22875308990478516
CatBoostClassifier,0.935064935064935,0.22214603424072266
RadiusNeighborsClassifier,,
KNeighborsClassifier,0.8831168831168831,0.0010597705841064453
NearestCentroid,0.8311688311688312,0.0006508827209472656
QuadraticDiscriminantAnalysis,0.8701298701298701,0.008302688598632812
LinearDiscriminantAnalysis,0.922077922077922,0.27472424507141113
GaussianNB,0.8961038961038961,0.0006771087646484375
BernoulliNB,0.8441558441558441,0.0011928081512451172
MLPClassifier,0.8961038961038961,0.5867760181427002
ExtraTreeClassifier,0.9090909090909091,0.0006618499755859375
DecisionTreeClassifier,0.935064935064935,0.0009772777557373047
LabelSpreading,0.9090909090909091,0.006208896636962891
LabelPropagation,0.9090909090909091,0.0012211799621582031
DummyClassifier,0.6883116883116883,8.702278137207031e-05
