classifier,score,time
SVC,0.8524590163934426,0.0018241405487060547
SGDClassifier,0.9672131147540983,0.0008349418640136719
RidgeClassifierCV,0.9672131147540983,0.001524209976196289
RidgeClassifier,0.9672131147540983,0.0009069442749023438
Perceptron,0.9836065573770492,0.0008072853088378906
PassiveAggressiveClassifier,0.9180327868852459,0.0009491443634033203
LogisticRegressionCV,0.9508196721311475,0.03416705131530762
LogisticRegression,0.9016393442622951,0.001383066177368164
LinearSVC,0.9508196721311475,0.0007109642028808594
RandomForestClassifier,1.0,0.04352211952209473
HistGradientBoostingClassifier,0.9836065573770492,0.08610200881958008
GradientBoostingClassifier,1.0,0.028686046600341797
ExtraTreesClassifier,0.8852459016393442,0.03459787368774414
AdaBoostClassifier,1.0,0.0013267993927001953
XGBClassifier,0.9836065573770492,0.030800819396972656
LGBMClassifier,,
CatBoostClassifier,0.9836065573770492,0.15242695808410645
RadiusNeighborsClassifier,,
KNeighborsClassifier,0.8524590163934426,0.0016989707946777344
NearestCentroid,0.8032786885245902,0.0004951953887939453
QuadraticDiscriminantAnalysis,0.8524590163934426,0.0013279914855957031
LinearDiscriminantAnalysis,0.9672131147540983,0.0018157958984375
GaussianNB,0.819672131147541,0.0005857944488525391
BernoulliNB,0.7540983606557377,0.0008790493011474609
MLPClassifier,0.9180327868852459,2.283595085144043
ExtraTreeClassifier,0.7704918032786885,0.0016641616821289062
DecisionTreeClassifier,1.0,0.0006520748138427734
LabelSpreading,0.8524590163934426,0.0014219284057617188
LabelPropagation,0.8524590163934426,0.001508951187133789
DummyClassifier,0.47540983606557374,0.00025582313537597656
