classifier,score,time
SVC,0.64,1.5072357654571533
SGDClassifier,0.6205,0.02090597152709961
RidgeClassifierCV,0.652,0.28328990936279297
RidgeClassifier,0.652,0.006782054901123047
Perceptron,0.6025,0.004693031311035156
PassiveAggressiveClassifier,0.539,0.00721287727355957
LogisticRegressionCV,0.671,0.8021619319915771
LogisticRegression,0.649,0.03756403923034668
LinearSVC,0.652,0.021867990493774414
RandomForestClassifier,0.7235,0.7791149616241455
HistGradientBoostingClassifier,0.731,0.7865879535675049
GradientBoostingClassifier,0.741,1.0073590278625488
ExtraTreesClassifier,0.707,0.47264790534973145
AdaBoostClassifier,0.724,0.43920087814331055
XGBClassifier,0.713,0.09256219863891602
LGBMClassifier,0.7305,0.39870619773864746
CatBoostClassifier,0.728,0.28553295135498047
RadiusNeighborsClassifier,,
KNeighborsClassifier,0.59,0.0011589527130126953
NearestCentroid,0.6035,0.0012941360473632812
QuadraticDiscriminantAnalysis,0.622,0.018327951431274414
LinearDiscriminantAnalysis,0.653,0.06462478637695312
GaussianNB,0.618,0.007005929946899414
BernoulliNB,0.5965,0.14819908142089844
MLPClassifier,0.6585,4.066911935806274
ExtraTreeClassifier,0.6355,0.011304378509521484
DecisionTreeClassifier,0.633,0.06588077545166016
LabelSpreading,0.621,1.061363935470581
LabelPropagation,0.6235,0.5988359451293945
DummyClassifier,0.5245,0.000308990478515625
