classifier,score,time
SVC,0.6774193548387096,0.002149820327758789
SGDClassifier,0.7096774193548387,0.0010190010070800781
RidgeClassifierCV,0.7419354838709677,0.0016412734985351562
RidgeClassifier,0.7419354838709677,0.0031211376190185547
Perceptron,0.6935483870967742,0.00220489501953125
PassiveAggressiveClassifier,0.6612903225806451,0.0012068748474121094
LogisticRegressionCV,0.7419354838709677,0.04989790916442871
LogisticRegression,0.7096774193548387,0.0014810562133789062
LinearSVC,0.7419354838709677,0.0006558895111083984
RandomForestClassifier,0.6612903225806451,0.09270715713500977
HistGradientBoostingClassifier,0.7580645161290323,0.3057081699371338
GradientBoostingClassifier,0.7419354838709677,0.05266094207763672
ExtraTreesClassifier,0.7741935483870968,0.0375211238861084
AdaBoostClassifier,0.6935483870967742,0.0590517520904541
XGBClassifier,0.7096774193548387,0.08226895332336426
LGBMClassifier,0.7741935483870968,0.15697884559631348
CatBoostClassifier,0.7419354838709677,0.06047201156616211
RadiusNeighborsClassifier,0.6612903225806451,0.0005970001220703125
KNeighborsClassifier,0.7580645161290323,0.00043964385986328125
NearestCentroid,0.6935483870967742,0.0005290508270263672
QuadraticDiscriminantAnalysis,0.6935483870967742,0.0007061958312988281
LinearDiscriminantAnalysis,0.7580645161290323,0.001416921615600586
GaussianNB,0.7096774193548387,0.0005791187286376953
BernoulliNB,0.6451612903225806,0.0006728172302246094
MLPClassifier,0.7580645161290323,7.2035088539123535
ExtraTreeClassifier,0.6935483870967742,0.0006220340728759766
DecisionTreeClassifier,0.6774193548387096,0.0010371208190917969
LabelSpreading,0.7258064516129032,0.00680994987487793
LabelPropagation,0.7096774193548387,0.008505821228027344
DummyClassifier,0.6129032258064516,0.00012421607971191406
