classifier,score,time
SVC,0.975,1.149564266204834
SGDClassifier,0.975,0.08967709541320801
RidgeClassifierCV,0.975,2.533658027648926
RidgeClassifier,0.975,0.5338840484619141
Perceptron,0.975,0.13135719299316406
PassiveAggressiveClassifier,0.975,0.24643182754516602
LogisticRegressionCV,0.975,2.4719319343566895
LogisticRegression,0.975,0.19378185272216797
LinearSVC,0.975,0.02771306037902832
RandomForestClassifier,0.975,0.4922459125518799
HistGradientBoostingClassifier,0.9725,5.847452878952026
GradientBoostingClassifier,0.975,1.422318935394287
ExtraTreesClassifier,0.975,0.5631327629089355
AdaBoostClassifier,0.975,1.034095048904419
XGBClassifier,0.9725,0.6765077114105225
LGBMClassifier,0.9725,0.36490297317504883
CatBoostClassifier,0.975,0.2807281017303467
RadiusNeighborsClassifier,,
KNeighborsClassifier,0.975,0.01401209831237793
NearestCentroid,0.4975,0.014980077743530273
QuadraticDiscriminantAnalysis,0.975,11.443773984909058
LinearDiscriminantAnalysis,0.975,7.431286096572876
GaussianNB,0.0525,0.09602999687194824
BernoulliNB,0.975,0.041806936264038086
MLPClassifier,0.975,33.46420502662659
ExtraTreeClassifier,0.9675,0.020441055297851562
DecisionTreeClassifier,0.975,0.2731459140777588
LabelSpreading,0.975,0.17119097709655762
LabelPropagation,0.975,0.1208350658416748
DummyClassifier,0.975,0.00022602081298828125
