classifier,score,time
SVC,0.7758620689655172,0.0020818710327148438
SGDClassifier,0.6551724137931034,0.0013239383697509766
RidgeClassifierCV,0.7931034482758621,0.50071120262146
RidgeClassifier,0.7931034482758621,0.05380392074584961
Perceptron,0.8103448275862069,0.0010559558868408203
PassiveAggressiveClassifier,0.7413793103448276,0.000997781753540039
LogisticRegressionCV,0.7758620689655172,0.13120412826538086
LogisticRegression,0.7931034482758621,0.027781963348388672
LinearSVC,0.7758620689655172,0.0009090900421142578
RandomForestClassifier,0.7586206896551724,0.09875297546386719
HistGradientBoostingClassifier,0.7413793103448276,0.4450571537017822
GradientBoostingClassifier,0.7586206896551724,0.05074572563171387
ExtraTreesClassifier,0.8275862068965517,0.041131019592285156
AdaBoostClassifier,0.7586206896551724,0.06544709205627441
XGBClassifier,0.7758620689655172,0.1042487621307373
LGBMClassifier,,
CatBoostClassifier,0.7586206896551724,0.13392305374145508
RadiusNeighborsClassifier,,
KNeighborsClassifier,0.7586206896551724,0.001232147216796875
NearestCentroid,0.7068965517241379,0.0008540153503417969
QuadraticDiscriminantAnalysis,0.6206896551724138,0.06808805465698242
LinearDiscriminantAnalysis,0.7758620689655172,0.26718616485595703
GaussianNB,0.39655172413793105,0.0009942054748535156
BernoulliNB,0.7586206896551724,0.0007622241973876953
MLPClassifier,0.7758620689655172,7.554648160934448
ExtraTreeClassifier,0.7931034482758621,0.0030150413513183594
DecisionTreeClassifier,0.7758620689655172,0.003743886947631836
LabelSpreading,0.7931034482758621,0.03695106506347656
LabelPropagation,0.7931034482758621,0.002201080322265625
DummyClassifier,0.7586206896551724,0.0004589557647705078
