classifier,score,time
SVC,0.7540983606557377,0.002930164337158203
SGDClassifier,0.7704918032786885,0.0012049674987792969
RidgeClassifierCV,0.8032786885245902,0.0034508705139160156
RidgeClassifier,0.8360655737704918,0.01402592658996582
Perceptron,0.7540983606557377,0.0020689964294433594
PassiveAggressiveClassifier,0.819672131147541,0.0016140937805175781
LogisticRegressionCV,0.8032786885245902,0.0555720329284668
LogisticRegression,0.8032786885245902,0.0022792816162109375
LinearSVC,0.8032786885245902,0.0030002593994140625
RandomForestClassifier,0.7540983606557377,0.10323715209960938
HistGradientBoostingClassifier,0.7868852459016393,0.3467118740081787
GradientBoostingClassifier,0.7868852459016393,0.07970499992370605
ExtraTreesClassifier,0.7540983606557377,0.055722951889038086
AdaBoostClassifier,0.8032786885245902,0.08493590354919434
XGBClassifier,0.7704918032786885,0.0839998722076416
LGBMClassifier,0.7704918032786885,0.19747400283813477
CatBoostClassifier,0.7868852459016393,0.11633110046386719
RadiusNeighborsClassifier,,
KNeighborsClassifier,0.7377049180327869,0.0006570816040039062
NearestCentroid,0.7377049180327869,0.0005929470062255859
QuadraticDiscriminantAnalysis,0.5573770491803278,0.0010380744934082031
LinearDiscriminantAnalysis,0.8360655737704918,0.0023910999298095703
GaussianNB,0.819672131147541,0.0017430782318115234
BernoulliNB,0.7540983606557377,0.0009071826934814453
MLPClassifier,0.7540983606557377,9.438193082809448
ExtraTreeClassifier,0.7213114754098361,0.0009667873382568359
DecisionTreeClassifier,0.6721311475409836,0.0013842582702636719
LabelSpreading,0.7377049180327869,0.01263284683227539
LabelPropagation,0.7377049180327869,0.007946014404296875
DummyClassifier,0.6065573770491803,0.0003418922424316406
