classifier,score,time
SVC,0.8852459016393442,0.0018448829650878906
SGDClassifier,0.7704918032786885,0.0009810924530029297
RidgeClassifierCV,0.8852459016393442,0.0012328624725341797
RidgeClassifier,0.8688524590163934,0.0008339881896972656
Perceptron,0.7377049180327869,0.0007388591766357422
PassiveAggressiveClassifier,0.8360655737704918,0.0007569789886474609
LogisticRegressionCV,0.8360655737704918,0.034996986389160156
LogisticRegression,0.8852459016393442,0.0013210773468017578
LinearSVC,0.8524590163934426,0.0007359981536865234
RandomForestClassifier,0.8852459016393442,0.04769611358642578
HistGradientBoostingClassifier,0.8524590163934426,0.40421104431152344
GradientBoostingClassifier,0.8524590163934426,0.051718950271606445
ExtraTreesClassifier,0.8852459016393442,0.03724503517150879
AdaBoostClassifier,0.7540983606557377,0.05591011047363281
XGBClassifier,0.819672131147541,0.07437491416931152
LGBMClassifier,0.8524590163934426,0.19056010246276855
CatBoostClassifier,0.8360655737704918,0.09730887413024902
RadiusNeighborsClassifier,,
KNeighborsClassifier,0.8852459016393442,0.0005309581756591797
NearestCentroid,0.8524590163934426,0.0004801750183105469
QuadraticDiscriminantAnalysis,0.639344262295082,0.0008318424224853516
LinearDiscriminantAnalysis,0.8360655737704918,0.0009150505065917969
GaussianNB,0.819672131147541,0.0005438327789306641
BernoulliNB,0.8688524590163934,0.0006959438323974609
MLPClassifier,0.8688524590163934,7.372802257537842
ExtraTreeClassifier,0.819672131147541,0.0006380081176757812
DecisionTreeClassifier,0.7868852459016393,0.002276897430419922
LabelSpreading,0.8688524590163934,0.012210845947265625
LabelPropagation,0.8688524590163934,0.011475801467895508
DummyClassifier,0.4918032786885246,0.0003428459167480469
