classifier,score,time
SVC,0.9825,0.010161161422729492
SGDClassifier,0.9825,0.0034160614013671875
RidgeClassifierCV,0.9825,0.29502224922180176
RidgeClassifier,0.9825,0.0014798641204833984
Perceptron,0.785,0.001188039779663086
PassiveAggressiveClassifier,0.98,0.001867055892944336
LogisticRegressionCV,0.9825,0.5908479690551758
LogisticRegression,0.9825,0.0793759822845459
LinearSVC,0.9825,0.001961946487426758
RandomForestClassifier,0.9825,0.15446996688842773
HistGradientBoostingClassifier,0.9775,1.1311309337615967
GradientBoostingClassifier,0.98,0.2014908790588379
ExtraTreesClassifier,0.98,0.062380075454711914
AdaBoostClassifier,0.9825,0.1132669448852539
XGBClassifier,0.98,0.11693000793457031
LGBMClassifier,0.9775,0.3826620578765869
CatBoostClassifier,0.9825,0.12919092178344727
RadiusNeighborsClassifier,,
KNeighborsClassifier,0.98,0.0006840229034423828
NearestCentroid,0.745,0.0006740093231201172
QuadraticDiscriminantAnalysis,0.9825,0.014119863510131836
LinearDiscriminantAnalysis,0.98,0.06986498832702637
GaussianNB,0.28,0.0009429454803466797
BernoulliNB,0.95,0.0009868144989013672
MLPClassifier,0.975,31.93889808654785
ExtraTreeClassifier,0.965,0.0010540485382080078
DecisionTreeClassifier,0.965,0.0032520294189453125
LabelSpreading,0.975,0.10281920433044434
LabelPropagation,0.9725,0.05082273483276367
DummyClassifier,0.9825,0.00015783309936523438
