classifier,score,time
SVC,0.6833333333333333,0.005454301834106445
SGDClassifier,0.6666666666666666,0.0024111270904541016
RidgeClassifierCV,0.8,0.0030770301818847656
RidgeClassifier,0.8,0.001367807388305664
Perceptron,0.7333333333333333,0.001293182373046875
PassiveAggressiveClassifier,0.8,0.001107931137084961
LogisticRegressionCV,0.8333333333333334,0.0940859317779541
LogisticRegression,0.8,0.002766132354736328
LinearSVC,0.8166666666666667,0.001583099365234375
RandomForestClassifier,0.8333333333333334,0.12337708473205566
HistGradientBoostingClassifier,0.8333333333333334,0.37395787239074707
GradientBoostingClassifier,0.8333333333333334,0.09971189498901367
ExtraTreesClassifier,0.8333333333333334,0.06669998168945312
AdaBoostClassifier,0.85,0.09536886215209961
XGBClassifier,0.85,0.11734795570373535
LGBMClassifier,0.8666666666666667,0.19881963729858398
CatBoostClassifier,0.85,0.13282203674316406
RadiusNeighborsClassifier,,
KNeighborsClassifier,0.6333333333333333,0.0007488727569580078
NearestCentroid,0.5666666666666667,0.0008230209350585938
QuadraticDiscriminantAnalysis,0.5333333333333333,0.0010559558868408203
LinearDiscriminantAnalysis,0.7666666666666667,0.0012159347534179688
GaussianNB,0.75,0.0009260177612304688
BernoulliNB,0.5333333333333333,0.0011227130889892578
MLPClassifier,0.8333333333333334,2.553976058959961
ExtraTreeClassifier,0.8,0.001219034194946289
DecisionTreeClassifier,0.8,0.002008676528930664
LabelSpreading,0.7166666666666667,0.005302906036376953
LabelPropagation,0.7333333333333333,0.011885881423950195
DummyClassifier,0.5833333333333334,0.00035881996154785156
