classifier,score,time
SVC,0.8403361344537815,0.01526021957397461
SGDClassifier,0.8277310924369747,0.0031280517578125
RidgeClassifierCV,0.8529411764705882,0.3045921325683594
RidgeClassifier,0.8529411764705882,0.007776021957397461
Perceptron,0.8403361344537815,0.0017321109771728516
PassiveAggressiveClassifier,0.8445378151260504,0.0027611255645751953
LogisticRegressionCV,0.8571428571428571,0.6497390270233154
LogisticRegression,0.8487394957983193,0.0669097900390625
LinearSVC,0.8571428571428571,0.0032868385314941406
RandomForestClassifier,0.8991596638655462,0.13106012344360352
HistGradientBoostingClassifier,0.8949579831932774,1.0014662742614746
GradientBoostingClassifier,0.8823529411764706,0.10482501983642578
ExtraTreesClassifier,0.907563025210084,0.06000709533691406
AdaBoostClassifier,0.8319327731092437,0.0777883529663086
XGBClassifier,0.8949579831932774,0.10480380058288574
LGBMClassifier,0.8823529411764706,0.378338098526001
CatBoostClassifier,0.8949579831932774,0.10986709594726562
RadiusNeighborsClassifier,,
KNeighborsClassifier,0.8319327731092437,0.0005669593811035156
NearestCentroid,0.8529411764705882,0.0006318092346191406
QuadraticDiscriminantAnalysis,0.7100840336134454,0.0022521018981933594
LinearDiscriminantAnalysis,0.8571428571428571,0.01181793212890625
GaussianNB,0.8403361344537815,0.00251007080078125
BernoulliNB,0.8487394957983193,0.0009300708770751953
MLPClassifier,0.8613445378151261,28.335597038269043
ExtraTreeClassifier,0.8697478991596639,0.0008797645568847656
DecisionTreeClassifier,0.8487394957983193,0.002526998519897461
LabelSpreading,0.8823529411764706,0.04618191719055176
LabelPropagation,0.8865546218487395,0.02562117576599121
DummyClassifier,0.5168067226890757,0.00016188621520996094
