classifier,score,time
SVC,0.8361344537815126,0.013132095336914062
SGDClassifier,0.865546218487395,0.0024428367614746094
RidgeClassifierCV,0.8487394957983193,0.14342594146728516
RidgeClassifier,0.8361344537815126,0.09929490089416504
Perceptron,0.8151260504201681,0.07329416275024414
PassiveAggressiveClassifier,0.7857142857142857,0.01580190658569336
LogisticRegressionCV,0.8403361344537815,1.1333749294281006
LogisticRegression,0.8445378151260504,0.05665087699890137
LinearSVC,0.8403361344537815,0.0016050338745117188
RandomForestClassifier,0.9369747899159664,0.12320303916931152
HistGradientBoostingClassifier,0.9285714285714286,1.0214629173278809
GradientBoostingClassifier,0.8907563025210085,0.10620999336242676
ExtraTreesClassifier,0.9327731092436975,0.061708927154541016
AdaBoostClassifier,0.8739495798319328,0.0788261890411377
XGBClassifier,0.9201680672268907,0.1549842357635498
LGBMClassifier,0.9243697478991597,0.543363094329834
CatBoostClassifier,0.907563025210084,0.11277985572814941
RadiusNeighborsClassifier,,
KNeighborsClassifier,0.8403361344537815,0.0005450248718261719
NearestCentroid,0.8277310924369747,0.000644683837890625
QuadraticDiscriminantAnalysis,0.453781512605042,0.0019009113311767578
LinearDiscriminantAnalysis,0.8361344537815126,0.07887721061706543
GaussianNB,0.7478991596638656,0.0013551712036132812
BernoulliNB,0.8571428571428571,0.002585172653198242
MLPClassifier,0.8571428571428571,35.839850664138794
ExtraTreeClassifier,0.9201680672268907,0.000997304916381836
DecisionTreeClassifier,0.8949579831932774,0.0076580047607421875
LabelSpreading,0.8781512605042017,0.052104949951171875
LabelPropagation,0.8823529411764706,0.012974977493286133
DummyClassifier,0.5546218487394958,0.0003190040588378906
