classifier,score,time
SVC,0.9781021897810219,0.004683971405029297
SGDClassifier,0.9343065693430657,0.0017271041870117188
RidgeClassifierCV,0.9781021897810219,0.511307954788208
RidgeClassifier,0.9708029197080292,0.011234045028686523
Perceptron,0.9343065693430657,0.0017139911651611328
PassiveAggressiveClassifier,0.9124087591240876,0.0033910274505615234
LogisticRegressionCV,0.9708029197080292,0.10678601264953613
LogisticRegression,0.9708029197080292,0.007253170013427734
LinearSVC,0.927007299270073,0.001165151596069336
RandomForestClassifier,0.9781021897810219,0.10682487487792969
HistGradientBoostingClassifier,0.9781021897810219,0.5485119819641113
GradientBoostingClassifier,0.9635036496350365,0.07998228073120117
ExtraTreesClassifier,0.9708029197080292,0.0419621467590332
AdaBoostClassifier,0.9635036496350365,0.0700218677520752
XGBClassifier,0.9635036496350365,0.05955910682678223
LGBMClassifier,0.9781021897810219,0.3198122978210449
CatBoostClassifier,0.9781021897810219,0.11387109756469727
RadiusNeighborsClassifier,,
KNeighborsClassifier,0.9708029197080292,0.0007402896881103516
NearestCentroid,0.9708029197080292,0.0006587505340576172
QuadraticDiscriminantAnalysis,0.9781021897810219,0.048066139221191406
LinearDiscriminantAnalysis,0.9635036496350365,0.2743709087371826
GaussianNB,0.9708029197080292,0.002579212188720703
BernoulliNB,0.9781021897810219,0.01858997344970703
MLPClassifier,0.9635036496350365,0.6230549812316895
ExtraTreeClassifier,0.927007299270073,0.0023250579833984375
DecisionTreeClassifier,0.948905109489051,0.0018649101257324219
LabelSpreading,0.9562043795620438,0.003951072692871094
LabelPropagation,0.9562043795620438,0.0027129650115966797
DummyClassifier,0.6642335766423357,0.00010013580322265625
