classifier,score,time
SVC,,
SGDClassifier,,
RidgeClassifierCV,1.0,0.0017218589782714844
RidgeClassifier,1.0,0.0009069442749023438
Perceptron,,
PassiveAggressiveClassifier,,
LogisticRegressionCV,,
LogisticRegression,,
LinearSVC,,
RandomForestClassifier,1.0,0.08853793144226074
HistGradientBoostingClassifier,1.0,0.13745594024658203
GradientBoostingClassifier,,
ExtraTreesClassifier,1.0,0.02778172492980957
AdaBoostClassifier,1.0,0.00128173828125
XGBClassifier,,
LGBMClassifier,1.0,0.002460002899169922
CatBoostClassifier,,
RadiusNeighborsClassifier,,
KNeighborsClassifier,1.0,0.0006010532379150391
NearestCentroid,,
QuadraticDiscriminantAnalysis,,
LinearDiscriminantAnalysis,1.0,0.023020029067993164
GaussianNB,1.0,0.0007128715515136719
BernoulliNB,1.0,0.0006830692291259766
MLPClassifier,1.0,0.8248038291931152
ExtraTreeClassifier,1.0,0.0006589889526367188
DecisionTreeClassifier,1.0,0.011419057846069336
LabelSpreading,1.0,0.002513885498046875
LabelPropagation,1.0,0.0010302066802978516
DummyClassifier,1.0,9.512901306152344e-05
