classifier,score,time
SVC,,
SGDClassifier,,
RidgeClassifierCV,1.0,0.14865612983703613
RidgeClassifier,1.0,0.007656097412109375
Perceptron,,
PassiveAggressiveClassifier,,
LogisticRegressionCV,,
LogisticRegression,,
LinearSVC,,
RandomForestClassifier,1.0,0.11295270919799805
HistGradientBoostingClassifier,1.0,0.05600714683532715
GradientBoostingClassifier,,
ExtraTreesClassifier,1.0,0.027827978134155273
AdaBoostClassifier,1.0,0.0012159347534179688
XGBClassifier,1.0,0.0311737060546875
LGBMClassifier,1.0,0.004394054412841797
CatBoostClassifier,,
RadiusNeighborsClassifier,,
KNeighborsClassifier,1.0,0.0005059242248535156
NearestCentroid,,
QuadraticDiscriminantAnalysis,,
LinearDiscriminantAnalysis,1.0,0.001476287841796875
GaussianNB,1.0,0.0005669593811035156
BernoulliNB,1.0,0.025621891021728516
MLPClassifier,1.0,0.342832088470459
ExtraTreeClassifier,1.0,0.0005400180816650391
DecisionTreeClassifier,1.0,0.0004611015319824219
LabelSpreading,1.0,0.008583307266235352
LabelPropagation,1.0,0.012814998626708984
DummyClassifier,1.0,0.0002751350402832031
