classifier,score,time
SVC,0.8166666666666667,0.0022618770599365234
SGDClassifier,0.7333333333333333,0.001580953598022461
RidgeClassifierCV,0.8166666666666667,0.17195892333984375
RidgeClassifier,0.8166666666666667,0.06172990798950195
Perceptron,0.7333333333333333,0.0010952949523925781
PassiveAggressiveClassifier,0.85,0.02629876136779785
LogisticRegressionCV,0.7666666666666667,0.2496321201324463
LogisticRegression,0.8166666666666667,0.0026721954345703125
LinearSVC,0.8,0.0012447834014892578
RandomForestClassifier,0.85,0.08221793174743652
HistGradientBoostingClassifier,0.9,0.23883914947509766
GradientBoostingClassifier,0.8166666666666667,0.06858992576599121
ExtraTreesClassifier,0.8666666666666667,0.04154372215270996
AdaBoostClassifier,0.8,0.062361955642700195
XGBClassifier,0.9166666666666666,0.06211996078491211
LGBMClassifier,0.9,0.19550204277038574
CatBoostClassifier,0.8666666666666667,0.17322587966918945
RadiusNeighborsClassifier,,
KNeighborsClassifier,0.7833333333333333,0.0016529560089111328
NearestCentroid,0.7333333333333333,0.0005981922149658203
QuadraticDiscriminantAnalysis,0.6166666666666667,0.003648042678833008
LinearDiscriminantAnalysis,0.8166666666666667,0.31139397621154785
GaussianNB,0.6166666666666667,0.002978801727294922
BernoulliNB,0.7166666666666667,0.0025501251220703125
MLPClassifier,0.8166666666666667,0.8427889347076416
ExtraTreeClassifier,0.5833333333333334,0.0007951259613037109
DecisionTreeClassifier,0.8333333333333334,0.001455068588256836
LabelSpreading,0.7,0.0015070438385009766
LabelPropagation,0.7,0.0027277469635009766
DummyClassifier,0.7166666666666667,0.0002460479736328125
