classifier,score,time
SVC,0.825,0.0009708404541015625
SGDClassifier,0.8,0.0006797313690185547
RidgeClassifierCV,0.8,0.0010340213775634766
RidgeClassifier,0.825,0.0007879734039306641
Perceptron,0.325,0.0006897449493408203
PassiveAggressiveClassifier,0.775,0.01334691047668457
LogisticRegressionCV,0.775,0.057852745056152344
LogisticRegression,0.825,0.0012102127075195312
LinearSVC,0.875,0.0006079673767089844
RandomForestClassifier,0.8,0.07155680656433105
HistGradientBoostingClassifier,0.7,0.23973727226257324
GradientBoostingClassifier,0.75,0.0430757999420166
ExtraTreesClassifier,0.8,0.03519487380981445
AdaBoostClassifier,0.7,0.052243947982788086
XGBClassifier,0.75,0.09528493881225586
LGBMClassifier,,
CatBoostClassifier,0.825,0.09087467193603516
RadiusNeighborsClassifier,,
KNeighborsClassifier,0.775,0.0004799365997314453
NearestCentroid,0.75,0.0005171298980712891
QuadraticDiscriminantAnalysis,0.75,0.0005807876586914062
LinearDiscriminantAnalysis,0.85,0.0006649494171142578
GaussianNB,0.75,0.0004909038543701172
BernoulliNB,0.8,0.0006272792816162109
MLPClassifier,0.875,4.052958250045776
ExtraTreeClassifier,0.725,0.0009989738464355469
DecisionTreeClassifier,0.675,0.0008230209350585938
LabelSpreading,0.8,0.001129150390625
LabelPropagation,0.775,0.001024007797241211
DummyClassifier,0.75,0.00021600723266601562
