classifier,score,time
SVC,0.6175,0.12563109397888184
SGDClassifier,0.5475,0.007581949234008789
RidgeClassifierCV,0.6375,0.17630815505981445
RidgeClassifier,0.6375,0.05664515495300293
Perceptron,0.62,0.0037577152252197266
PassiveAggressiveClassifier,0.5075,0.0024890899658203125
LogisticRegressionCV,0.635,1.146385908126831
LogisticRegression,0.6425,0.08328604698181152
LinearSVC,0.6375,0.0033779144287109375
RandomForestClassifier,0.7225,0.27148890495300293
HistGradientBoostingClassifier,0.725,1.5233449935913086
GradientBoostingClassifier,0.7175,0.2743191719055176
ExtraTreesClassifier,0.695,0.13961482048034668
AdaBoostClassifier,0.73,0.12249279022216797
XGBClassifier,0.6975,0.18915081024169922
LGBMClassifier,0.7125,0.5112037658691406
CatBoostClassifier,0.7325,0.1463930606842041
RadiusNeighborsClassifier,,
KNeighborsClassifier,0.5725,0.0008029937744140625
NearestCentroid,0.605,0.0008821487426757812
QuadraticDiscriminantAnalysis,0.615,0.015681982040405273
LinearDiscriminantAnalysis,0.6375,0.020914077758789062
GaussianNB,0.6175,0.002123117446899414
BernoulliNB,0.595,0.0011281967163085938
MLPClassifier,0.61,27.63313627243042
ExtraTreeClassifier,0.6275,0.0033631324768066406
DecisionTreeClassifier,0.6325,0.013549089431762695
LabelSpreading,0.5775,0.09007620811462402
LabelPropagation,0.5725,0.032353878021240234
DummyClassifier,0.5175,0.00018978118896484375
