classifier,score,time
SVC,0.9574468085106383,0.00380706787109375
SGDClassifier,0.9468085106382979,0.0014619827270507812
RidgeClassifierCV,0.9468085106382979,0.08727288246154785
RidgeClassifier,0.9361702127659575,0.10716390609741211
Perceptron,0.9574468085106383,0.0014312267303466797
PassiveAggressiveClassifier,0.9574468085106383,0.0024309158325195312
LogisticRegressionCV,0.9468085106382979,0.1015620231628418
LogisticRegression,0.9468085106382979,0.0027468204498291016
LinearSVC,0.9574468085106383,0.002880096435546875
RandomForestClassifier,0.9468085106382979,0.05345892906188965
HistGradientBoostingClassifier,0.9361702127659575,0.3747220039367676
GradientBoostingClassifier,0.9361702127659575,0.06498193740844727
ExtraTreesClassifier,0.9361702127659575,0.03824901580810547
AdaBoostClassifier,0.9574468085106383,0.06279611587524414
XGBClassifier,0.925531914893617,0.06342196464538574
LGBMClassifier,0.9468085106382979,0.23750996589660645
CatBoostClassifier,0.9361702127659575,0.1068880558013916
RadiusNeighborsClassifier,,
KNeighborsClassifier,0.9148936170212766,0.0006890296936035156
NearestCentroid,0.9361702127659575,0.0006890296936035156
QuadraticDiscriminantAnalysis,0.925531914893617,0.02089381217956543
LinearDiscriminantAnalysis,0.925531914893617,0.268233060836792
GaussianNB,0.9468085106382979,0.0007894039154052734
BernoulliNB,0.9361702127659575,0.0009799003601074219
MLPClassifier,0.9574468085106383,0.494312047958374
ExtraTreeClassifier,0.8936170212765957,0.0007750988006591797
DecisionTreeClassifier,0.9042553191489362,0.0013670921325683594
LabelSpreading,0.9148936170212766,0.0048868656158447266
LabelPropagation,0.9148936170212766,0.0026597976684570312
DummyClassifier,0.5319148936170213,9.679794311523438e-05
