classifier,score,time
SVC,0.992,0.05817222595214844
SGDClassifier,0.992,0.00787663459777832
RidgeClassifierCV,0.992,0.4362008571624756
RidgeClassifier,0.992,0.0925149917602539
Perceptron,0.992,0.003674745559692383
PassiveAggressiveClassifier,0.9465,0.0037689208984375
LogisticRegressionCV,0.992,0.5458598136901855
LogisticRegression,0.991,0.010603904724121094
LinearSVC,0.992,0.014745950698852539
RandomForestClassifier,0.9875,0.27593111991882324
HistGradientBoostingClassifier,0.9905,0.8292069435119629
GradientBoostingClassifier,0.9915,0.44106602668762207
ExtraTreesClassifier,0.987,0.16490602493286133
AdaBoostClassifier,0.991,0.24648404121398926
XGBClassifier,0.9905,0.07786417007446289
LGBMClassifier,0.99,0.40305089950561523
CatBoostClassifier,0.9915,0.2656819820404053
RadiusNeighborsClassifier,,
KNeighborsClassifier,0.991,0.0013799667358398438
NearestCentroid,0.953,0.0014209747314453125
QuadraticDiscriminantAnalysis,0.907,0.036537885665893555
LinearDiscriminantAnalysis,0.9405,0.26821112632751465
GaussianNB,0.9445,0.005880117416381836
BernoulliNB,0.9565,0.22691702842712402
MLPClassifier,0.9915,2.2212579250335693
ExtraTreeClassifier,0.987,0.00232696533203125
DecisionTreeClassifier,0.9855,0.015069007873535156
LabelSpreading,0.991,1.1014721393585205
LabelPropagation,0.991,0.5976979732513428
DummyClassifier,0.992,0.0003139972686767578
