classifier,score,time
SVC,0.9575,0.026274919509887695
SGDClassifier,0.9475,0.0036668777465820312
RidgeClassifierCV,0.955,0.16715002059936523
RidgeClassifier,0.955,0.008384943008422852
Perceptron,0.9575,0.0010800361633300781
PassiveAggressiveClassifier,0.9575,0.0012102127075195312
LogisticRegressionCV,0.96,0.7609598636627197
LogisticRegression,0.955,0.019728899002075195
LinearSVC,0.96,0.0015230178833007812
RandomForestClassifier,0.9775,0.1439061164855957
HistGradientBoostingClassifier,0.975,1.0178158283233643
GradientBoostingClassifier,0.9775,0.12520074844360352
ExtraTreesClassifier,0.96,0.07098221778869629
AdaBoostClassifier,0.97,0.09011411666870117
XGBClassifier,0.9725,0.12224102020263672
LGBMClassifier,0.9725,0.38710808753967285
CatBoostClassifier,0.9775,0.0482020378112793
RadiusNeighborsClassifier,,
KNeighborsClassifier,0.9475,0.0007078647613525391
NearestCentroid,0.815,0.000637054443359375
QuadraticDiscriminantAnalysis,0.5825,0.014054059982299805
LinearDiscriminantAnalysis,0.9575,0.009099006652832031
GaussianNB,0.8875,0.005575895309448242
BernoulliNB,0.8925,0.0008568763732910156
MLPClassifier,0.96,13.26954698562622
ExtraTreeClassifier,0.9375,0.002439260482788086
DecisionTreeClassifier,0.9325,0.005223989486694336
LabelSpreading,0.9475,0.06005525588989258
LabelPropagation,0.95,0.03763580322265625
DummyClassifier,0.9325,0.00014591217041015625
