classifier,score,time
SVC,,
SGDClassifier,,
RidgeClassifierCV,1.0,0.0009589195251464844
RidgeClassifier,1.0,0.0007328987121582031
Perceptron,,
PassiveAggressiveClassifier,,
LogisticRegressionCV,,
LogisticRegression,,
LinearSVC,,
RandomForestClassifier,1.0,0.08361196517944336
HistGradientBoostingClassifier,1.0,0.14632892608642578
GradientBoostingClassifier,,
ExtraTreesClassifier,1.0,0.028911113739013672
AdaBoostClassifier,1.0,0.0010581016540527344
XGBClassifier,1.0,0.07342100143432617
LGBMClassifier,1.0,0.002496004104614258
CatBoostClassifier,,
RadiusNeighborsClassifier,,
KNeighborsClassifier,1.0,0.0005698204040527344
NearestCentroid,,
QuadraticDiscriminantAnalysis,,
LinearDiscriminantAnalysis,1.0,0.0010879039764404297
GaussianNB,1.0,0.0005400180816650391
BernoulliNB,1.0,0.0005590915679931641
MLPClassifier,1.0,0.025950908660888672
ExtraTreeClassifier,1.0,0.000560760498046875
DecisionTreeClassifier,1.0,0.0004711151123046875
LabelSpreading,1.0,0.0005662441253662109
LabelPropagation,1.0,0.0004987716674804688
DummyClassifier,1.0,9.179115295410156e-05
