classifier,score,time
SVC,0.8148148148148148,0.0014297962188720703
SGDClassifier,0.6666666666666666,0.0009961128234863281
RidgeClassifierCV,0.8888888888888888,0.0012929439544677734
RidgeClassifier,0.8703703703703703,0.0008342266082763672
Perceptron,0.7777777777777778,0.0007150173187255859
PassiveAggressiveClassifier,0.7407407407407407,0.0006582736968994141
LogisticRegressionCV,0.8888888888888888,0.028227806091308594
LogisticRegression,0.8888888888888888,0.0010552406311035156
LinearSVC,0.8888888888888888,0.0007221698760986328
RandomForestClassifier,0.8148148148148148,0.045326948165893555
HistGradientBoostingClassifier,0.8148148148148148,0.1782989501953125
GradientBoostingClassifier,0.7962962962962963,0.04837393760681152
ExtraTreesClassifier,0.7962962962962963,0.035730838775634766
AdaBoostClassifier,0.7777777777777778,0.05380702018737793
XGBClassifier,0.7777777777777778,0.06272315979003906
LGBMClassifier,0.7962962962962963,0.1768019199371338
CatBoostClassifier,0.8148148148148148,0.1521298885345459
RadiusNeighborsClassifier,,
KNeighborsClassifier,0.8148148148148148,0.001483917236328125
NearestCentroid,0.8333333333333334,0.0005102157592773438
QuadraticDiscriminantAnalysis,0.7222222222222222,0.0009698867797851562
LinearDiscriminantAnalysis,0.8703703703703703,0.0009300708770751953
GaussianNB,0.8333333333333334,0.0005397796630859375
BernoulliNB,0.8518518518518519,0.0007319450378417969
MLPClassifier,0.7777777777777778,0.5336918830871582
ExtraTreeClassifier,0.6851851851851852,0.0006132125854492188
DecisionTreeClassifier,0.7592592592592593,0.0008978843688964844
LabelSpreading,0.7222222222222222,0.002134084701538086
LabelPropagation,0.7222222222222222,0.0025060176849365234
DummyClassifier,0.5740740740740741,0.00022864341735839844
