classifier,score,time
SVC,0.7,0.0014998912811279297
SGDClassifier,0.6333333333333333,0.0008959770202636719
RidgeClassifierCV,0.6166666666666667,0.0011191368103027344
RidgeClassifier,0.6166666666666667,0.0009720325469970703
Perceptron,0.6666666666666666,0.0008411407470703125
PassiveAggressiveClassifier,0.6333333333333333,0.0006351470947265625
LogisticRegressionCV,0.6166666666666667,0.07922887802124023
LogisticRegression,0.7,0.0014910697937011719
LinearSVC,0.6333333333333333,0.0008697509765625
RandomForestClassifier,0.6666666666666666,0.09149384498596191
HistGradientBoostingClassifier,0.7,0.30382680892944336
GradientBoostingClassifier,0.6833333333333333,0.05220198631286621
ExtraTreesClassifier,0.6833333333333333,0.04335808753967285
AdaBoostClassifier,0.65,0.0557861328125
XGBClassifier,0.7166666666666667,0.08846497535705566
LGBMClassifier,0.7333333333333333,0.1507430076599121
CatBoostClassifier,0.6166666666666667,0.08789992332458496
RadiusNeighborsClassifier,,
KNeighborsClassifier,0.6666666666666666,0.00043702125549316406
NearestCentroid,0.45,0.0005230903625488281
QuadraticDiscriminantAnalysis,0.6666666666666666,0.0006499290466308594
LinearDiscriminantAnalysis,0.6,0.0007202625274658203
GaussianNB,0.6833333333333333,0.0006098747253417969
BernoulliNB,0.6166666666666667,0.0006730556488037109
MLPClassifier,0.6,7.679822206497192
ExtraTreeClassifier,0.6166666666666667,0.0013217926025390625
DecisionTreeClassifier,0.6333333333333333,0.0025620460510253906
LabelSpreading,0.6,0.030740976333618164
LabelPropagation,0.6,0.0074498653411865234
DummyClassifier,0.7166666666666667,0.0002110004425048828
