classifier,score,time
SVC,1.0,0.0006473064422607422
SGDClassifier,1.0,0.0005521774291992188
RidgeClassifierCV,0.75,0.0010290145874023438
RidgeClassifier,0.75,0.0007948875427246094
Perceptron,0.75,0.0005638599395751953
PassiveAggressiveClassifier,0.75,0.00048089027404785156
LogisticRegressionCV,0.75,0.019852161407470703
LogisticRegression,1.0,0.0007810592651367188
LinearSVC,0.75,0.00047206878662109375
RandomForestClassifier,0.75,0.03793811798095703
HistGradientBoostingClassifier,1.0,0.040511131286621094
GradientBoostingClassifier,1.0,0.017934083938598633
ExtraTreesClassifier,1.0,0.027263879776000977
AdaBoostClassifier,1.0,0.04366707801818848
XGBClassifier,1.0,0.028385162353515625
LGBMClassifier,1.0,0.007942914962768555
CatBoostClassifier,1.0,0.08735203742980957
RadiusNeighborsClassifier,,
KNeighborsClassifier,1.0,0.0013310909271240234
NearestCentroid,0.75,0.0004470348358154297
QuadraticDiscriminantAnalysis,1.0,0.0007009506225585938
LinearDiscriminantAnalysis,1.0,0.0006830692291259766
GaussianNB,0.25,0.00048804283142089844
BernoulliNB,0.75,0.0006458759307861328
MLPClassifier,0.75,0.02930903434753418
ExtraTreeClassifier,0.5,0.0004820823669433594
DecisionTreeClassifier,1.0,0.0004210472106933594
LabelSpreading,0.75,0.0005137920379638672
LabelPropagation,0.75,0.0004630088806152344
DummyClassifier,1.0,7.772445678710938e-05
