classifier,score,time
SVC,,
SGDClassifier,,
RidgeClassifierCV,1.0,0.1009521484375
RidgeClassifier,1.0,0.0268399715423584
Perceptron,,
PassiveAggressiveClassifier,,
LogisticRegressionCV,,
LogisticRegression,,
LinearSVC,,
RandomForestClassifier,1.0,0.10799384117126465
HistGradientBoostingClassifier,1.0,0.06905913352966309
GradientBoostingClassifier,,
ExtraTreesClassifier,1.0,0.027627944946289062
AdaBoostClassifier,1.0,0.0012001991271972656
XGBClassifier,1.0,0.055979013442993164
LGBMClassifier,1.0,0.0043718814849853516
CatBoostClassifier,,
RadiusNeighborsClassifier,1.0,0.0006527900695800781
KNeighborsClassifier,1.0,0.0007607936859130859
NearestCentroid,,
QuadraticDiscriminantAnalysis,,
LinearDiscriminantAnalysis,1.0,0.0013802051544189453
GaussianNB,1.0,0.0005698204040527344
BernoulliNB,1.0,0.03478693962097168
MLPClassifier,1.0,0.32150793075561523
ExtraTreeClassifier,1.0,0.0005352497100830078
DecisionTreeClassifier,1.0,0.0004639625549316406
LabelSpreading,1.0,0.002613067626953125
LabelPropagation,1.0,0.004560947418212891
DummyClassifier,1.0,0.00026917457580566406
