classifier,score,time
SVC,0.85,0.0016131401062011719
SGDClassifier,0.8166666666666667,0.0008461475372314453
RidgeClassifierCV,0.8666666666666667,0.0013470649719238281
RidgeClassifier,0.8666666666666667,0.0008456707000732422
Perceptron,0.8333333333333334,0.000659942626953125
PassiveAggressiveClassifier,0.8,0.0006351470947265625
LogisticRegressionCV,0.8333333333333334,0.03189992904663086
LogisticRegression,0.8666666666666667,0.0014576911926269531
LinearSVC,0.8333333333333334,0.0007512569427490234
RandomForestClassifier,0.8166666666666667,0.046294212341308594
HistGradientBoostingClassifier,0.8333333333333334,0.25267601013183594
GradientBoostingClassifier,0.8,0.050978899002075195
ExtraTreesClassifier,0.8333333333333334,0.03640913963317871
AdaBoostClassifier,0.8,0.05459475517272949
XGBClassifier,0.8,0.08309507369995117
LGBMClassifier,0.8333333333333334,0.17621302604675293
CatBoostClassifier,0.8,0.152360200881958
RadiusNeighborsClassifier,,
KNeighborsClassifier,0.8,0.0005130767822265625
NearestCentroid,0.85,0.0005860328674316406
QuadraticDiscriminantAnalysis,0.8,0.0010650157928466797
LinearDiscriminantAnalysis,0.8666666666666667,0.0009748935699462891
GaussianNB,0.85,0.0005471706390380859
BernoulliNB,0.8166666666666667,0.0007390975952148438
MLPClassifier,0.8,1.146131992340088
ExtraTreeClassifier,0.8,0.0006339550018310547
DecisionTreeClassifier,0.6833333333333333,0.0009148120880126953
LabelSpreading,0.7666666666666667,0.003940105438232422
LabelPropagation,0.7833333333333333,0.003618955612182617
DummyClassifier,0.5833333333333334,9.131431579589844e-05
