classifier,score,time
SVC,0.6796116504854369,0.042585134506225586
SGDClassifier,0.6407766990291263,0.014473915100097656
RidgeClassifierCV,0.6796116504854369,0.6285209655761719
RidgeClassifier,0.6990291262135923,0.30976009368896484
Perceptron,0.6116504854368932,0.010154962539672852
PassiveAggressiveClassifier,0.6796116504854369,0.015599966049194336
LogisticRegressionCV,0.7087378640776699,1.1085350513458252
LogisticRegression,0.6699029126213593,0.08341002464294434
LinearSVC,0.7087378640776699,0.0028040409088134766
RandomForestClassifier,1.0,0.09478998184204102
HistGradientBoostingClassifier,1.0,0.3981051445007324
GradientBoostingClassifier,1.0,0.05777382850646973
ExtraTreesClassifier,0.9902912621359223,0.10556387901306152
AdaBoostClassifier,1.0,0.002809286117553711
XGBClassifier,,
LGBMClassifier,,
CatBoostClassifier,1.0,0.17112398147583008
RadiusNeighborsClassifier,,
KNeighborsClassifier,0.8252427184466019,0.0018067359924316406
NearestCentroid,0.6601941747572816,0.0023453235626220703
QuadraticDiscriminantAnalysis,0.5048543689320388,0.3522982597351074
LinearDiscriminantAnalysis,0.5242718446601942,0.5435798168182373
GaussianNB,0.9902912621359223,0.0023040771484375
BernoulliNB,1.0,0.050488948822021484
MLPClassifier,0.6796116504854369,8.265197038650513
ExtraTreeClassifier,1.0,0.0026230812072753906
DecisionTreeClassifier,1.0,0.0019500255584716797
LabelSpreading,0.6990291262135923,0.040930986404418945
LabelPropagation,0.6990291262135923,0.02795886993408203
DummyClassifier,0.6116504854368932,0.000141143798828125
