classifier,score,time
SVC,0.985,0.12280797958374023
SGDClassifier,0.9835,0.011435985565185547
RidgeClassifierCV,0.983,0.45761609077453613
RidgeClassifier,0.983,0.07899713516235352
Perceptron,0.981,0.006646156311035156
PassiveAggressiveClassifier,0.982,0.012286186218261719
LogisticRegressionCV,0.985,0.3644399642944336
LogisticRegression,0.984,0.013496875762939453
LinearSVC,0.984,0.0231020450592041
RandomForestClassifier,0.981,0.2852511405944824
HistGradientBoostingClassifier,0.9815,0.8594200611114502
GradientBoostingClassifier,0.982,0.47130799293518066
ExtraTreesClassifier,0.979,0.2272930145263672
AdaBoostClassifier,0.983,0.26318907737731934
XGBClassifier,0.9825,0.08266711235046387
LGBMClassifier,0.9835,0.41551899909973145
CatBoostClassifier,0.984,0.2930159568786621
RadiusNeighborsClassifier,,
KNeighborsClassifier,0.9845,0.0014650821685791016
NearestCentroid,0.8745,0.001463174819946289
QuadraticDiscriminantAnalysis,0.7425,0.011477947235107422
LinearDiscriminantAnalysis,0.965,0.2773628234863281
GaussianNB,0.5925,0.009958982467651367
BernoulliNB,0.9475,0.20539593696594238
MLPClassifier,0.9855,3.538884162902832
ExtraTreeClassifier,0.972,0.007498979568481445
DecisionTreeClassifier,0.972,0.014000177383422852
LabelSpreading,0.9825,1.05289888381958
LabelPropagation,0.982,0.5926158428192139
DummyClassifier,0.9835,0.0003693103790283203
