classifier,score,time
SVC,0.95,0.003144979476928711
SGDClassifier,0.8166666666666667,0.0022530555725097656
RidgeClassifierCV,0.9333333333333333,0.004292964935302734
RidgeClassifier,0.9166666666666666,0.003216981887817383
Perceptron,0.7333333333333333,0.0007011890411376953
PassiveAggressiveClassifier,0.85,0.0006320476531982422
LogisticRegressionCV,0.8333333333333334,0.03184986114501953
LogisticRegression,0.9166666666666666,0.0013518333435058594
LinearSVC,0.9166666666666666,0.0014009475708007812
RandomForestClassifier,0.8833333333333333,0.04835200309753418
HistGradientBoostingClassifier,0.8666666666666667,0.19778871536254883
GradientBoostingClassifier,0.8833333333333333,0.05094194412231445
ExtraTreesClassifier,0.9,0.037174224853515625
AdaBoostClassifier,0.8833333333333333,0.055444955825805664
XGBClassifier,0.8333333333333334,0.06706881523132324
LGBMClassifier,0.8833333333333333,0.19861412048339844
CatBoostClassifier,0.8666666666666667,0.18181276321411133
RadiusNeighborsClassifier,,
KNeighborsClassifier,0.95,0.00146484375
NearestCentroid,0.9166666666666666,0.0019199848175048828
QuadraticDiscriminantAnalysis,0.8333333333333334,0.006101846694946289
LinearDiscriminantAnalysis,0.9166666666666666,0.0016062259674072266
GaussianNB,0.8666666666666667,0.0005600452423095703
BernoulliNB,0.9,0.0007510185241699219
MLPClassifier,0.9166666666666666,0.6309380531311035
ExtraTreeClassifier,0.7666666666666667,0.0006380081176757812
DecisionTreeClassifier,0.8,0.0009350776672363281
LabelSpreading,0.8333333333333334,0.004243373870849609
LabelPropagation,0.8333333333333334,0.00185394287109375
DummyClassifier,0.5333333333333333,9.393692016601562e-05
