classifier,score,time
SVC,0.8518518518518519,0.0014200210571289062
SGDClassifier,0.7962962962962963,0.0007979869842529297
RidgeClassifierCV,0.8703703703703703,0.001280069351196289
RidgeClassifier,0.8888888888888888,0.0008540153503417969
Perceptron,0.8333333333333334,0.000720977783203125
PassiveAggressiveClassifier,0.5555555555555556,0.0006589889526367188
LogisticRegressionCV,0.8703703703703703,0.029629230499267578
LogisticRegression,0.8703703703703703,0.0014269351959228516
LinearSVC,0.8888888888888888,0.0007989406585693359
RandomForestClassifier,0.8148148148148148,0.045588016510009766
HistGradientBoostingClassifier,0.8333333333333334,0.18368935585021973
GradientBoostingClassifier,0.7962962962962963,0.04775500297546387
ExtraTreesClassifier,0.8518518518518519,0.035453081130981445
AdaBoostClassifier,0.8148148148148148,0.05535101890563965
XGBClassifier,0.8148148148148148,0.06732606887817383
LGBMClassifier,0.7962962962962963,0.1531050205230713
CatBoostClassifier,0.8518518518518519,0.1512761116027832
RadiusNeighborsClassifier,,
KNeighborsClassifier,0.8518518518518519,0.0014662742614746094
NearestCentroid,0.7962962962962963,0.0005621910095214844
QuadraticDiscriminantAnalysis,0.7222222222222222,0.0016548633575439453
LinearDiscriminantAnalysis,0.8888888888888888,0.0009808540344238281
GaussianNB,0.8518518518518519,0.0005469322204589844
BernoulliNB,0.7777777777777778,0.0007410049438476562
MLPClassifier,0.8518518518518519,0.9143550395965576
ExtraTreeClassifier,0.7407407407407407,0.0006308555603027344
DecisionTreeClassifier,0.7222222222222222,0.0009479522705078125
LabelSpreading,0.8333333333333334,0.006234169006347656
LabelPropagation,0.8333333333333334,0.0030159950256347656
DummyClassifier,0.46296296296296297,0.00023293495178222656
