classifier,score,time
SVC,1.0,0.0005791187286376953
SGDClassifier,1.0,0.0005199909210205078
RidgeClassifierCV,1.0,0.0009150505065917969
RidgeClassifier,1.0,0.0007419586181640625
Perceptron,1.0,0.00057220458984375
PassiveAggressiveClassifier,1.0,0.0015659332275390625
LogisticRegressionCV,1.0,0.043671607971191406
LogisticRegression,1.0,0.0008308887481689453
LinearSVC,1.0,0.0005450248718261719
RandomForestClassifier,1.0,0.06476402282714844
HistGradientBoostingClassifier,1.0,0.2711801528930664
GradientBoostingClassifier,1.0,0.021825075149536133
ExtraTreesClassifier,1.0,0.02810502052307129
AdaBoostClassifier,1.0,0.0011279582977294922
XGBClassifier,1.0,0.03513908386230469
LGBMClassifier,1.0,0.05470681190490723
CatBoostClassifier,1.0,0.03678703308105469
RadiusNeighborsClassifier,1.0,0.000705718994140625
KNeighborsClassifier,1.0,0.0004410743713378906
NearestCentroid,1.0,0.0004410743713378906
QuadraticDiscriminantAnalysis,0.29411764705882354,0.0005042552947998047
LinearDiscriminantAnalysis,0.8235294117647058,0.0006451606750488281
GaussianNB,1.0,0.0004718303680419922
BernoulliNB,1.0,0.0006000995635986328
MLPClassifier,1.0,0.7182610034942627
ExtraTreeClassifier,1.0,0.0005068778991699219
DecisionTreeClassifier,1.0,0.002031087875366211
LabelSpreading,1.0,0.0025310516357421875
LabelPropagation,1.0,0.002508878707885742
DummyClassifier,0.7058823529411765,0.00010275840759277344
