classifier,score,time
SVC,0.75,0.0006241798400878906
SGDClassifier,0.5,0.0005900859832763672
RidgeClassifierCV,0.75,0.001280069351196289
RidgeClassifier,0.75,0.0008800029754638672
Perceptron,0.75,0.0006468296051025391
PassiveAggressiveClassifier,0.5,0.00048804283142089844
LogisticRegressionCV,0.75,0.028016090393066406
LogisticRegression,0.75,0.00109100341796875
LinearSVC,0.75,0.0008828639984130859
RandomForestClassifier,0.75,0.07120990753173828
HistGradientBoostingClassifier,0.75,0.03995490074157715
GradientBoostingClassifier,0.75,0.022387981414794922
ExtraTreesClassifier,0.75,0.03044295310974121
AdaBoostClassifier,0.75,0.0012879371643066406
XGBClassifier,0.75,0.03782987594604492
LGBMClassifier,0.75,0.0075490474700927734
CatBoostClassifier,0.75,0.14768481254577637
RadiusNeighborsClassifier,,
KNeighborsClassifier,0.75,0.0007867813110351562
NearestCentroid,0.5,0.0004563331604003906
QuadraticDiscriminantAnalysis,0.75,0.0014662742614746094
LinearDiscriminantAnalysis,0.625,0.0007879734039306641
GaussianNB,0.75,0.0005459785461425781
BernoulliNB,0.75,0.0008029937744140625
MLPClassifier,0.625,0.05347800254821777
ExtraTreeClassifier,0.75,0.0006668567657470703
DecisionTreeClassifier,0.75,0.0005049705505371094
LabelSpreading,0.625,0.0005986690521240234
LabelPropagation,0.625,0.0013439655303955078
DummyClassifier,0.75,0.00016927719116210938
