classifier,score,time
SVC,0.8852459016393442,0.0017108917236328125
SGDClassifier,0.8524590163934426,0.000827789306640625
RidgeClassifierCV,0.8360655737704918,0.0015490055084228516
RidgeClassifier,0.819672131147541,0.0008571147918701172
Perceptron,0.639344262295082,0.0007801055908203125
PassiveAggressiveClassifier,0.819672131147541,0.0006542205810546875
LogisticRegressionCV,0.8524590163934426,0.03250408172607422
LogisticRegression,0.819672131147541,0.0015919208526611328
LinearSVC,0.8360655737704918,0.000720977783203125
RandomForestClassifier,0.8524590163934426,0.048358917236328125
HistGradientBoostingClassifier,0.8688524590163934,0.2189640998840332
GradientBoostingClassifier,0.8032786885245902,0.05849909782409668
ExtraTreesClassifier,0.8688524590163934,0.039858102798461914
AdaBoostClassifier,0.7868852459016393,0.058442115783691406
XGBClassifier,0.8524590163934426,0.08907818794250488
LGBMClassifier,,
CatBoostClassifier,0.8688524590163934,0.15439629554748535
RadiusNeighborsClassifier,,
KNeighborsClassifier,0.8032786885245902,0.0004773139953613281
NearestCentroid,0.819672131147541,0.0004620552062988281
QuadraticDiscriminantAnalysis,0.7213114754098361,0.003000020980834961
LinearDiscriminantAnalysis,0.819672131147541,0.002670764923095703
GaussianNB,0.819672131147541,0.0006918907165527344
BernoulliNB,0.8360655737704918,0.000782012939453125
MLPClassifier,0.8360655737704918,1.7917249202728271
ExtraTreeClassifier,0.7377049180327869,0.0020668506622314453
DecisionTreeClassifier,0.7213114754098361,0.0044710636138916016
LabelSpreading,0.8360655737704918,0.007422924041748047
LabelPropagation,0.8360655737704918,0.010538816452026367
DummyClassifier,0.5737704918032787,0.00034880638122558594
