classifier,score,time
SVC,0.819672131147541,0.0019800662994384766
SGDClassifier,0.8032786885245902,0.0010480880737304688
RidgeClassifierCV,0.8360655737704918,0.002019166946411133
RidgeClassifier,0.819672131147541,0.0009479522705078125
Perceptron,0.7868852459016393,0.0011429786682128906
PassiveAggressiveClassifier,0.6557377049180327,0.0015039443969726562
LogisticRegressionCV,0.8360655737704918,0.031327009201049805
LogisticRegression,0.819672131147541,0.0011830329895019531
LinearSVC,0.819672131147541,0.0007901191711425781
RandomForestClassifier,0.7868852459016393,0.07202005386352539
HistGradientBoostingClassifier,0.8032786885245902,0.26482677459716797
GradientBoostingClassifier,0.7540983606557377,0.06162714958190918
ExtraTreesClassifier,0.819672131147541,0.045809268951416016
AdaBoostClassifier,0.7868852459016393,0.06401824951171875
XGBClassifier,0.8032786885245902,0.056982994079589844
LGBMClassifier,0.7868852459016393,0.1501920223236084
CatBoostClassifier,0.8032786885245902,0.16308999061584473
RadiusNeighborsClassifier,,
KNeighborsClassifier,0.8524590163934426,0.0006580352783203125
NearestCentroid,0.9180327868852459,0.0005838871002197266
QuadraticDiscriminantAnalysis,0.5737704918032787,0.0024449825286865234
LinearDiscriminantAnalysis,0.8360655737704918,0.0026040077209472656
GaussianNB,0.8524590163934426,0.0018169879913330078
BernoulliNB,0.8524590163934426,0.006822824478149414
MLPClassifier,0.8360655737704918,2.7871007919311523
ExtraTreeClassifier,0.819672131147541,0.0008959770202636719
DecisionTreeClassifier,0.7704918032786885,0.0010170936584472656
LabelSpreading,0.8360655737704918,0.00392603874206543
LabelPropagation,0.819672131147541,0.0009186267852783203
DummyClassifier,0.5573770491803278,8.797645568847656e-05
