classifier,score,time
SVC,0.9701492537313433,0.00189208984375
SGDClassifier,0.9701492537313433,0.0023801326751708984
RidgeClassifierCV,1.0,0.26966404914855957
RidgeClassifier,1.0,0.013078927993774414
Perceptron,1.0,0.00090789794921875
PassiveAggressiveClassifier,1.0,0.0023741722106933594
LogisticRegressionCV,1.0,0.06302809715270996
LogisticRegression,0.9850746268656716,0.032591819763183594
LinearSVC,1.0,0.0029540061950683594
RandomForestClassifier,0.9850746268656716,0.0902090072631836
HistGradientBoostingClassifier,0.9402985074626866,0.4237668514251709
GradientBoostingClassifier,1.0,0.062185049057006836
ExtraTreesClassifier,1.0,0.03509712219238281
AdaBoostClassifier,1.0,0.0597681999206543
XGBClassifier,0.9701492537313433,0.05613207817077637
LGBMClassifier,0.9402985074626866,0.20905303955078125
CatBoostClassifier,1.0,0.10424494743347168
RadiusNeighborsClassifier,,
KNeighborsClassifier,0.8656716417910447,0.0011200904846191406
NearestCentroid,0.9402985074626866,0.0005049705505371094
QuadraticDiscriminantAnalysis,0.9552238805970149,0.0010008811950683594
LinearDiscriminantAnalysis,1.0,0.00878000259399414
GaussianNB,1.0,0.0016791820526123047
BernoulliNB,0.9701492537313433,0.0007398128509521484
MLPClassifier,1.0,2.7088019847869873
ExtraTreeClassifier,0.835820895522388,0.0006561279296875
DecisionTreeClassifier,0.9552238805970149,0.007746219635009766
LabelSpreading,0.7910447761194029,0.004319906234741211
LabelPropagation,0.7910447761194029,0.006762981414794922
DummyClassifier,0.5522388059701493,0.00012683868408203125
