classifier,score,time
SVC,0.4796116504854369,0.08372187614440918
SGDClassifier,0.4621359223300971,0.004264116287231445
RidgeClassifierCV,0.47378640776699027,0.02789306640625
RidgeClassifier,0.46990291262135925,0.0012059211730957031
Perceptron,0.5281553398058253,0.0014672279357910156
PassiveAggressiveClassifier,0.4970873786407767,0.0012059211730957031
LogisticRegressionCV,0.47766990291262135,0.34162116050720215
LogisticRegression,0.47378640776699027,0.003412008285522461
LinearSVC,0.46990291262135925,0.0013737678527832031
RandomForestClassifier,0.5242718446601942,0.18359875679016113
HistGradientBoostingClassifier,0.5203883495145631,0.7021722793579102
GradientBoostingClassifier,0.516504854368932,0.11164283752441406
ExtraTreesClassifier,0.5067961165048543,0.13077211380004883
AdaBoostClassifier,0.49902912621359224,0.08425283432006836
XGBClassifier,0.5359223300970873,0.06102108955383301
LGBMClassifier,0.5320388349514563,0.3295578956604004
CatBoostClassifier,0.5339805825242718,0.12253499031066895
RadiusNeighborsClassifier,0.5029126213592233,0.0011348724365234375
KNeighborsClassifier,0.49902912621359224,0.0008261203765869141
NearestCentroid,0.4854368932038835,0.0008199214935302734
QuadraticDiscriminantAnalysis,0.45048543689320386,0.002483844757080078
LinearDiscriminantAnalysis,0.46990291262135925,0.010822057723999023
GaussianNB,0.47766990291262135,0.03089594841003418
BernoulliNB,0.49514563106796117,0.0011048316955566406
MLPClassifier,0.4893203883495146,2.5915791988372803
ExtraTreeClassifier,0.5281553398058253,0.001512289047241211
DecisionTreeClassifier,0.541747572815534,0.005250215530395508
LabelSpreading,0.516504854368932,0.07702994346618652
LabelPropagation,0.5009708737864078,0.03451704978942871
DummyClassifier,0.49514563106796117,0.0001590251922607422
