classifier,score,time
SVC,0.6166666666666667,0.0014660358428955078
SGDClassifier,0.65,0.0009188652038574219
RidgeClassifierCV,0.6166666666666667,0.0011217594146728516
RidgeClassifier,0.6166666666666667,0.0007770061492919922
Perceptron,0.6833333333333333,0.0006709098815917969
PassiveAggressiveClassifier,0.5666666666666667,0.0005991458892822266
LogisticRegressionCV,0.6166666666666667,0.028527021408081055
LogisticRegression,0.6,0.0011730194091796875
LinearSVC,0.6,0.0006079673767089844
RandomForestClassifier,0.7166666666666667,0.04834270477294922
HistGradientBoostingClassifier,0.65,0.21732711791992188
GradientBoostingClassifier,0.6833333333333333,0.04764294624328613
ExtraTreesClassifier,0.6833333333333333,0.04093742370605469
AdaBoostClassifier,0.75,0.0566411018371582
XGBClassifier,0.6666666666666666,0.06588482856750488
LGBMClassifier,0.65,0.1313939094543457
CatBoostClassifier,0.6833333333333333,0.13890814781188965
RadiusNeighborsClassifier,,
KNeighborsClassifier,0.6333333333333333,0.0013730525970458984
NearestCentroid,0.5166666666666667,0.00045013427734375
QuadraticDiscriminantAnalysis,0.31666666666666665,0.0008151531219482422
LinearDiscriminantAnalysis,0.6,0.0007748603820800781
GaussianNB,0.65,0.0005061626434326172
BernoulliNB,0.5833333333333334,0.0006871223449707031
MLPClassifier,0.6666666666666666,0.4357478618621826
ExtraTreeClassifier,0.6666666666666666,0.0006399154663085938
DecisionTreeClassifier,0.6166666666666667,0.0011281967163085938
LabelSpreading,0.6166666666666667,0.0012521743774414062
LabelPropagation,0.6333333333333333,0.0008289813995361328
DummyClassifier,0.7,8.511543273925781e-05
