classifier,score,time
SVC,0.9341317365269461,0.004132270812988281
SGDClassifier,0.9041916167664671,0.0017998218536376953
RidgeClassifierCV,0.9341317365269461,0.5982069969177246
RidgeClassifier,0.9341317365269461,0.0026149749755859375
Perceptron,0.9401197604790419,0.0013797283172607422
PassiveAggressiveClassifier,0.9341317365269461,0.001560211181640625
LogisticRegressionCV,0.9461077844311377,0.6995959281921387
LogisticRegression,0.9580838323353293,0.07065415382385254
LinearSVC,0.9341317365269461,0.0023529529571533203
RandomForestClassifier,0.9401197604790419,0.09705400466918945
HistGradientBoostingClassifier,0.9221556886227545,0.7959160804748535
GradientBoostingClassifier,0.9461077844311377,0.08615612983703613
ExtraTreesClassifier,0.9461077844311377,0.046588897705078125
AdaBoostClassifier,0.9221556886227545,0.07362818717956543
XGBClassifier,0.9221556886227545,0.1048119068145752
LGBMClassifier,,
CatBoostClassifier,0.9341317365269461,0.15186405181884766
RadiusNeighborsClassifier,,
KNeighborsClassifier,0.9281437125748503,0.0007507801055908203
NearestCentroid,0.9101796407185628,0.0007691383361816406
QuadraticDiscriminantAnalysis,0.8622754491017964,0.04712104797363281
LinearDiscriminantAnalysis,0.9281437125748503,0.3555939197540283
GaussianNB,0.16167664670658682,0.004076957702636719
BernoulliNB,0.8802395209580839,0.04097175598144531
MLPClassifier,0.9341317365269461,9.828237056732178
ExtraTreeClassifier,0.9161676646706587,0.0009410381317138672
DecisionTreeClassifier,0.9341317365269461,0.0019390583038330078
LabelSpreading,0.9401197604790419,0.04055190086364746
LabelPropagation,0.9341317365269461,0.018245935440063477
DummyClassifier,0.9221556886227545,0.0001308917999267578
