classifier,score,time
SVC,1.0,0.0005619525909423828
SGDClassifier,0.75,0.0005197525024414062
RidgeClassifierCV,0.75,0.0009500980377197266
RidgeClassifier,1.0,0.0007550716400146484
Perceptron,1.0,0.0006070137023925781
PassiveAggressiveClassifier,0.75,0.0004699230194091797
LogisticRegressionCV,1.0,0.02247762680053711
LogisticRegression,1.0,0.0018346309661865234
LinearSVC,0.75,0.0005240440368652344
RandomForestClassifier,0.75,0.04088187217712402
HistGradientBoostingClassifier,1.0,0.046181678771972656
GradientBoostingClassifier,1.0,0.017679214477539062
ExtraTreesClassifier,0.75,0.02896404266357422
AdaBoostClassifier,1.0,0.04641604423522949
XGBClassifier,1.0,0.03724813461303711
LGBMClassifier,1.0,0.00870823860168457
CatBoostClassifier,0.75,0.02640676498413086
RadiusNeighborsClassifier,,
KNeighborsClassifier,1.0,0.00048089027404785156
NearestCentroid,0.75,0.00041294097900390625
QuadraticDiscriminantAnalysis,0.0,0.0004987716674804688
LinearDiscriminantAnalysis,1.0,0.0006108283996582031
GaussianNB,0.0,0.0004699230194091797
BernoulliNB,1.0,0.0006668567657470703
MLPClassifier,0.75,0.026630878448486328
ExtraTreeClassifier,0.75,0.0005970001220703125
DecisionTreeClassifier,1.0,0.00044798851013183594
LabelSpreading,0.75,0.0005350112915039062
LabelPropagation,0.75,0.0004558563232421875
DummyClassifier,1.0,8.702278137207031e-05
