classifier,score,time
SVC,0.8070175438596491,0.0016810894012451172
SGDClassifier,0.5614035087719298,0.0011129379272460938
RidgeClassifierCV,0.7719298245614035,0.13938307762145996
RidgeClassifier,0.6842105263157895,0.010026931762695312
Perceptron,0.42105263157894735,0.0021982192993164062
PassiveAggressiveClassifier,0.5964912280701754,0.0022530555725097656
LogisticRegressionCV,0.7543859649122807,0.1458110809326172
LogisticRegression,0.7192982456140351,0.004197120666503906
LinearSVC,0.6666666666666666,0.0007679462432861328
RandomForestClassifier,0.6666666666666666,0.052342891693115234
HistGradientBoostingClassifier,0.7719298245614035,0.2006058692932129
GradientBoostingClassifier,0.7017543859649122,0.03802490234375
ExtraTreesClassifier,0.6666666666666666,0.03843402862548828
AdaBoostClassifier,0.6666666666666666,0.050694942474365234
XGBClassifier,0.6140350877192983,0.08886194229125977
LGBMClassifier,0.7192982456140351,0.1816728115081787
CatBoostClassifier,0.7719298245614035,0.1419847011566162
RadiusNeighborsClassifier,,
KNeighborsClassifier,0.7017543859649122,0.0014641284942626953
NearestCentroid,0.8070175438596491,0.0005121231079101562
QuadraticDiscriminantAnalysis,0.3508771929824561,0.0014209747314453125
LinearDiscriminantAnalysis,0.6842105263157895,0.030433177947998047
GaussianNB,0.38596491228070173,0.000598907470703125
BernoulliNB,0.7894736842105263,0.0007581710815429688
MLPClassifier,0.631578947368421,0.8161811828613281
ExtraTreeClassifier,0.6491228070175439,0.0015926361083984375
DecisionTreeClassifier,0.6140350877192983,0.0009081363677978516
LabelSpreading,0.631578947368421,0.0013070106506347656
LabelPropagation,0.6491228070175439,0.0027709007263183594
DummyClassifier,0.7543859649122807,0.00024127960205078125
