classifier,score,time
SVC,0.8688524590163934,0.001728057861328125
SGDClassifier,0.8524590163934426,0.0010080337524414062
RidgeClassifierCV,0.9180327868852459,0.0013427734375
RidgeClassifier,0.9180327868852459,0.0008680820465087891
Perceptron,0.6721311475409836,0.0007312297821044922
PassiveAggressiveClassifier,0.8032786885245902,0.0006968975067138672
LogisticRegressionCV,0.9180327868852459,0.03100275993347168
LogisticRegression,0.9180327868852459,0.0011370182037353516
LinearSVC,0.9180327868852459,0.0007510185241699219
RandomForestClassifier,0.8852459016393442,0.046894073486328125
HistGradientBoostingClassifier,0.9180327868852459,0.18927216529846191
GradientBoostingClassifier,0.8688524590163934,0.05146217346191406
ExtraTreesClassifier,0.819672131147541,0.0371248722076416
AdaBoostClassifier,0.8688524590163934,0.05547380447387695
XGBClassifier,0.8688524590163934,0.06486201286315918
LGBMClassifier,0.9016393442622951,0.20169687271118164
CatBoostClassifier,0.9344262295081968,0.15209603309631348
RadiusNeighborsClassifier,,
KNeighborsClassifier,0.8852459016393442,0.0014579296112060547
NearestCentroid,0.8524590163934426,0.0004780292510986328
QuadraticDiscriminantAnalysis,0.7049180327868853,0.002949237823486328
LinearDiscriminantAnalysis,0.9344262295081968,0.002081155776977539
GaussianNB,0.8524590163934426,0.0005800724029541016
BernoulliNB,0.8688524590163934,0.0007781982421875
MLPClassifier,0.8688524590163934,0.589756965637207
ExtraTreeClassifier,0.8360655737704918,0.0006668567657470703
DecisionTreeClassifier,0.7540983606557377,0.0009641647338867188
LabelSpreading,0.8032786885245902,0.0013649463653564453
LabelPropagation,0.7868852459016393,0.0008940696716308594
DummyClassifier,0.5245901639344263,8.511543273925781e-05
