classifier,score,time
SVC,0.8586956521739131,0.007007122039794922
SGDClassifier,0.8315217391304348,0.0028159618377685547
RidgeClassifierCV,0.875,0.08350896835327148
RidgeClassifier,0.8804347826086957,0.012455224990844727
Perceptron,0.7445652173913043,0.0010950565338134766
PassiveAggressiveClassifier,0.5434782608695652,0.0009429454803466797
LogisticRegressionCV,0.8858695652173914,0.407818078994751
LogisticRegression,0.875,0.0017242431640625
LinearSVC,0.875,0.0023658275604248047
RandomForestClassifier,0.8858695652173914,0.12677311897277832
HistGradientBoostingClassifier,0.842391304347826,0.6450998783111572
GradientBoostingClassifier,0.8532608695652174,0.09313821792602539
ExtraTreesClassifier,0.8804347826086957,0.057168006896972656
AdaBoostClassifier,0.8369565217391305,0.07757210731506348
XGBClassifier,0.8315217391304348,0.07080507278442383
LGBMClassifier,0.8478260869565217,0.3865931034088135
CatBoostClassifier,0.8913043478260869,0.1657090187072754
RadiusNeighborsClassifier,,
KNeighborsClassifier,0.8586956521739131,0.0006682872772216797
NearestCentroid,0.8641304347826086,0.0006048679351806641
QuadraticDiscriminantAnalysis,0.8369565217391305,0.002868175506591797
LinearDiscriminantAnalysis,0.8804347826086957,0.12775206565856934
GaussianNB,0.8478260869565217,0.0007181167602539062
BernoulliNB,0.8695652173913043,0.0008358955383300781
MLPClassifier,0.8695652173913043,9.02005410194397
ExtraTreeClassifier,0.7880434782608695,0.0008130073547363281
DecisionTreeClassifier,0.8152173913043478,0.0020890235900878906
LabelSpreading,0.8586956521739131,0.011696815490722656
LabelPropagation,0.8586956521739131,0.009020090103149414
DummyClassifier,0.5706521739130435,0.00011587142944335938
