classifier,score,time
SVC,,
SGDClassifier,,
RidgeClassifierCV,1.0,0.16126799583435059
RidgeClassifier,1.0,0.10847783088684082
Perceptron,,
PassiveAggressiveClassifier,,
LogisticRegressionCV,,
LogisticRegression,,
LinearSVC,,
RandomForestClassifier,1.0,0.05696606636047363
HistGradientBoostingClassifier,1.0,0.05187082290649414
GradientBoostingClassifier,,
ExtraTreesClassifier,1.0,0.0278780460357666
AdaBoostClassifier,1.0,0.0012471675872802734
XGBClassifier,1.0,0.030321121215820312
LGBMClassifier,1.0,0.004275798797607422
CatBoostClassifier,,
RadiusNeighborsClassifier,,
KNeighborsClassifier,1.0,0.0004949569702148438
NearestCentroid,,
QuadraticDiscriminantAnalysis,,
LinearDiscriminantAnalysis,1.0,0.16894316673278809
GaussianNB,1.0,0.0006330013275146484
BernoulliNB,1.0,0.03135323524475098
MLPClassifier,1.0,0.33216190338134766
ExtraTreeClassifier,1.0,0.0014579296112060547
DecisionTreeClassifier,1.0,0.0010428428649902344
LabelSpreading,1.0,0.012130975723266602
LabelPropagation,1.0,0.004981040954589844
DummyClassifier,1.0,0.0002849102020263672
