classifier,score,time
SVC,0.8524590163934426,0.0016388893127441406
SGDClassifier,0.7049180327868853,0.0008950233459472656
RidgeClassifierCV,0.819672131147541,0.00133514404296875
RidgeClassifier,0.819672131147541,0.0008487701416015625
Perceptron,0.6885245901639344,0.0006821155548095703
PassiveAggressiveClassifier,0.7704918032786885,0.0006129741668701172
LogisticRegressionCV,0.819672131147541,0.031954050064086914
LogisticRegression,0.819672131147541,0.0011491775512695312
LinearSVC,0.8032786885245902,0.0007050037384033203
RandomForestClassifier,0.819672131147541,0.04537820816040039
HistGradientBoostingClassifier,0.7049180327868853,0.21262907981872559
GradientBoostingClassifier,0.7049180327868853,0.05179309844970703
ExtraTreesClassifier,0.8360655737704918,0.03658771514892578
AdaBoostClassifier,0.7049180327868853,0.05516815185546875
XGBClassifier,0.7540983606557377,0.06614017486572266
LGBMClassifier,0.7704918032786885,0.19775605201721191
CatBoostClassifier,0.8032786885245902,0.15902996063232422
RadiusNeighborsClassifier,,
KNeighborsClassifier,0.819672131147541,0.0014650821685791016
NearestCentroid,0.8360655737704918,0.0005400180816650391
QuadraticDiscriminantAnalysis,0.6885245901639344,0.0010399818420410156
LinearDiscriminantAnalysis,0.8032786885245902,0.0010139942169189453
GaussianNB,0.6885245901639344,0.0005631446838378906
BernoulliNB,0.7868852459016393,0.0007331371307373047
MLPClassifier,0.8524590163934426,0.6627650260925293
ExtraTreeClassifier,0.7704918032786885,0.0020008087158203125
DecisionTreeClassifier,0.6885245901639344,0.0024518966674804688
LabelSpreading,0.8032786885245902,0.0013549327850341797
LabelPropagation,0.8032786885245902,0.000885009765625
DummyClassifier,0.5245901639344263,8.821487426757812e-05
