classifier,score,time
SVC,0.4795,1.948275089263916
SGDClassifier,0.495,0.027518033981323242
RidgeClassifierCV,0.5255,0.2664508819580078
RidgeClassifier,0.5265,0.012701988220214844
Perceptron,0.5125,0.02123284339904785
PassiveAggressiveClassifier,0.501,0.014138221740722656
LogisticRegressionCV,0.5035,0.19668006896972656
LogisticRegression,0.526,0.006251096725463867
LinearSVC,0.526,0.007150173187255859
RandomForestClassifier,0.4925,0.5664942264556885
HistGradientBoostingClassifier,0.4985,0.7337338924407959
GradientBoostingClassifier,0.4895,0.7037191390991211
ExtraTreesClassifier,0.4805,0.6542198657989502
AdaBoostClassifier,0.51,0.3191721439361572
XGBClassifier,0.497,0.08801484107971191
LGBMClassifier,0.4965,0.3614308834075928
CatBoostClassifier,0.496,0.26674985885620117
RadiusNeighborsClassifier,,
KNeighborsClassifier,0.4925,0.0011551380157470703
NearestCentroid,0.5135,0.0011930465698242188
QuadraticDiscriminantAnalysis,0.5165,0.011321306228637695
LinearDiscriminantAnalysis,0.526,0.26939916610717773
GaussianNB,0.519,0.006901979446411133
BernoulliNB,0.524,0.23301410675048828
MLPClassifier,0.486,16.97142195701599
ExtraTreeClassifier,0.4945,0.0077800750732421875
DecisionTreeClassifier,0.4955,0.04553079605102539
LabelSpreading,0.491,1.2976291179656982
LabelPropagation,0.5005,0.6561300754547119
DummyClassifier,0.497,0.0003058910369873047
