classifier,score,time
SVC,0.8,0.13335585594177246
SGDClassifier,0.745,0.014550924301147461
RidgeClassifierCV,0.7825,0.6026668548583984
RidgeClassifier,0.785,0.05105996131896973
Perceptron,0.6675,0.011343002319335938
PassiveAggressiveClassifier,0.7175,0.012731790542602539
LogisticRegressionCV,0.785,2.2215757369995117
LogisticRegression,0.7875,0.05051589012145996
LinearSVC,0.78,0.01917123794555664
RandomForestClassifier,0.7825,0.21434807777404785
HistGradientBoostingClassifier,0.7675,1.5279998779296875
GradientBoostingClassifier,0.795,0.3641178607940674
ExtraTreesClassifier,0.785,0.164902925491333
AdaBoostClassifier,0.7975,0.20797514915466309
XGBClassifier,,
LGBMClassifier,,
CatBoostClassifier,0.78,0.21548175811767578
RadiusNeighborsClassifier,,
KNeighborsClassifier,0.73,0.0021102428436279297
NearestCentroid,0.78,0.0016160011291503906
QuadraticDiscriminantAnalysis,0.5025,0.2939188480377197
LinearDiscriminantAnalysis,0.785,0.35210299491882324
GaussianNB,0.715,0.00832986831665039
BernoulliNB,0.785,0.20300507545471191
MLPClassifier,0.78,18.2627010345459
ExtraTreeClassifier,0.6775,0.004494905471801758
DecisionTreeClassifier,0.7075,0.023183107376098633
LabelSpreading,0.6775,0.08132290840148926
LabelPropagation,0.6775,0.06053924560546875
DummyClassifier,0.4975,0.00015592575073242188
