classifier,score,time
SVC,0.7540983606557377,0.0019521713256835938
SGDClassifier,0.7049180327868853,0.0008018016815185547
RidgeClassifierCV,0.7704918032786885,0.009460926055908203
RidgeClassifier,0.7868852459016393,0.0010280609130859375
Perceptron,0.819672131147541,0.0007519721984863281
PassiveAggressiveClassifier,0.8360655737704918,0.0006659030914306641
LogisticRegressionCV,0.7868852459016393,0.0672450065612793
LogisticRegression,0.8032786885245902,0.010994195938110352
LinearSVC,0.819672131147541,0.002229928970336914
RandomForestClassifier,0.7704918032786885,0.0811471939086914
HistGradientBoostingClassifier,0.7213114754098361,0.962367057800293
GradientBoostingClassifier,0.7049180327868853,0.05259275436401367
ExtraTreesClassifier,0.7868852459016393,0.03717613220214844
AdaBoostClassifier,0.6557377049180327,0.06060290336608887
XGBClassifier,0.7049180327868853,0.07996201515197754
LGBMClassifier,0.7213114754098361,0.16143393516540527
CatBoostClassifier,0.7377049180327869,0.09714293479919434
RadiusNeighborsClassifier,,
KNeighborsClassifier,0.8032786885245902,0.0005350112915039062
NearestCentroid,0.819672131147541,0.0004978179931640625
QuadraticDiscriminantAnalysis,0.5245901639344263,0.0009319782257080078
LinearDiscriminantAnalysis,0.7868852459016393,0.0010440349578857422
GaussianNB,0.7377049180327869,0.0005650520324707031
BernoulliNB,0.7704918032786885,0.0007202625274658203
MLPClassifier,0.8032786885245902,9.8456871509552
ExtraTreeClassifier,0.6557377049180327,0.0006520748138427734
DecisionTreeClassifier,0.6557377049180327,0.0010869503021240234
LabelSpreading,0.7377049180327869,0.015758991241455078
LabelPropagation,0.7377049180327869,0.005204200744628906
DummyClassifier,0.45901639344262296,0.00010824203491210938
