classifier,score,time
SVC,0.465,0.03754115104675293
SGDClassifier,0.445,0.006764888763427734
RidgeClassifierCV,0.495,0.3126699924468994
RidgeClassifier,0.495,0.006521940231323242
Perceptron,0.57,0.0016591548919677734
PassiveAggressiveClassifier,0.445,0.001725912094116211
LogisticRegressionCV,0.41,0.6957910060882568
LogisticRegression,0.49,0.0017130374908447266
LinearSVC,0.495,0.0018718242645263672
RandomForestClassifier,0.495,0.15635085105895996
HistGradientBoostingClassifier,0.54,1.106783151626587
GradientBoostingClassifier,0.495,0.11401009559631348
ExtraTreesClassifier,0.465,0.08545303344726562
AdaBoostClassifier,0.505,0.07773900032043457
XGBClassifier,0.575,0.13022398948669434
LGBMClassifier,0.52,0.31595611572265625
CatBoostClassifier,0.47,0.10800600051879883
RadiusNeighborsClassifier,,
KNeighborsClassifier,0.49,0.0005970001220703125
NearestCentroid,0.45,0.0012993812561035156
QuadraticDiscriminantAnalysis,0.53,0.02249908447265625
LinearDiscriminantAnalysis,0.495,0.278958797454834
GaussianNB,0.47,0.010963916778564453
BernoulliNB,0.455,0.001032114028930664
MLPClassifier,0.47,17.643383026123047
ExtraTreeClassifier,0.46,0.0030548572540283203
DecisionTreeClassifier,0.515,0.006288051605224609
LabelSpreading,0.54,0.03692221641540527
LabelPropagation,0.54,0.017667055130004883
DummyClassifier,0.415,0.0004069805145263672
