classifier,score,time
SVC,0.8575,0.07972598075866699
SGDClassifier,0.8575,0.0075740814208984375
RidgeClassifierCV,0.855,0.29090189933776855
RidgeClassifier,0.86,0.0021560192108154297
Perceptron,0.78,0.0037229061126708984
PassiveAggressiveClassifier,0.8575,0.0036559104919433594
LogisticRegressionCV,0.865,0.5274879932403564
LogisticRegression,0.855,0.10708284378051758
LinearSVC,0.86,0.010488033294677734
RandomForestClassifier,0.8625,0.1995682716369629
HistGradientBoostingClassifier,0.8375,1.4258849620819092
GradientBoostingClassifier,0.8525,0.209763765335083
ExtraTreesClassifier,0.8375,0.09372401237487793
AdaBoostClassifier,0.85,0.11562895774841309
XGBClassifier,0.8225,0.1511831283569336
LGBMClassifier,0.835,0.3958091735839844
CatBoostClassifier,0.86,0.12838506698608398
RadiusNeighborsClassifier,,
KNeighborsClassifier,0.825,0.0007302761077880859
NearestCentroid,0.6,0.0006830692291259766
QuadraticDiscriminantAnalysis,0.505,0.005857706069946289
LinearDiscriminantAnalysis,0.8525,0.01258087158203125
GaussianNB,0.8375,0.00892019271850586
BernoulliNB,0.8275,0.0009829998016357422
MLPClassifier,0.83,43.19757699966431
ExtraTreeClassifier,0.7625,0.0028221607208251953
DecisionTreeClassifier,0.7625,0.024442195892333984
LabelSpreading,0.835,0.06080484390258789
LabelPropagation,0.8425,0.04308176040649414
DummyClassifier,0.8575,0.00015616416931152344
