classifier,score,time
SVC,0.9389312977099237,0.0021970272064208984
SGDClassifier,0.9389312977099237,0.0008881092071533203
RidgeClassifierCV,0.9389312977099237,0.0012369155883789062
RidgeClassifier,0.9389312977099237,0.0008063316345214844
Perceptron,0.9389312977099237,0.0007359981536865234
PassiveAggressiveClassifier,0.9083969465648855,0.0005679130554199219
LogisticRegressionCV,0.9389312977099237,0.027651071548461914
LogisticRegression,0.9312977099236641,0.00121307373046875
LinearSVC,0.9312977099236641,0.0007021427154541016
RandomForestClassifier,0.8931297709923665,0.05550813674926758
HistGradientBoostingClassifier,0.8778625954198473,0.43414878845214844
GradientBoostingClassifier,0.8778625954198473,0.07129192352294922
ExtraTreesClassifier,0.8854961832061069,0.03935098648071289
AdaBoostClassifier,0.8931297709923665,0.06459784507751465
XGBClassifier,0.8702290076335878,0.0567018985748291
LGBMClassifier,0.8931297709923665,0.2995281219482422
CatBoostClassifier,0.8854961832061069,0.10214710235595703
RadiusNeighborsClassifier,0.9389312977099237,0.0008881092071533203
KNeighborsClassifier,0.8854961832061069,0.00051116943359375
NearestCentroid,0.7862595419847328,0.0004467964172363281
QuadraticDiscriminantAnalysis,0.8702290076335878,0.0007460117340087891
LinearDiscriminantAnalysis,0.9007633587786259,0.0007541179656982422
GaussianNB,0.8015267175572519,0.0005037784576416016
BernoulliNB,0.9312977099236641,0.0006568431854248047
MLPClassifier,0.9083969465648855,0.3493168354034424
ExtraTreeClassifier,0.8854961832061069,0.0006070137023925781
DecisionTreeClassifier,0.816793893129771,0.0013070106506347656
LabelSpreading,0.9312977099236641,0.009076833724975586
LabelPropagation,0.9312977099236641,0.006635189056396484
DummyClassifier,0.9389312977099237,0.00024509429931640625
