classifier,score,time
SVC,,
SGDClassifier,,
RidgeClassifierCV,1.0,3.426032304763794
RidgeClassifier,1.0,0.8153550624847412
Perceptron,,
PassiveAggressiveClassifier,,
LogisticRegressionCV,,
LogisticRegression,,
LinearSVC,,
RandomForestClassifier,1.0,0.07336616516113281
HistGradientBoostingClassifier,1.0,0.9462199211120605
GradientBoostingClassifier,,
ExtraTreesClassifier,1.0,0.06181812286376953
AdaBoostClassifier,1.0,0.04192996025085449
XGBClassifier,,
LGBMClassifier,1.0,0.24522995948791504
CatBoostClassifier,,
RadiusNeighborsClassifier,,
KNeighborsClassifier,1.0,0.05759882926940918
NearestCentroid,,
QuadraticDiscriminantAnalysis,,
LinearDiscriminantAnalysis,1.0,17.16275405883789
GaussianNB,1.0,0.2862520217895508
BernoulliNB,1.0,0.10084986686706543
MLPClassifier,1.0,9.610637664794922
ExtraTreeClassifier,1.0,0.05691695213317871
DecisionTreeClassifier,1.0,0.05294299125671387
LabelSpreading,1.0,0.46794581413269043
LabelPropagation,1.0,0.4237511157989502
DummyClassifier,1.0,0.0005021095275878906
