classifier,score,time
SVC,0.74,0.07088994979858398
SGDClassifier,0.675,0.007931232452392578
RidgeClassifierCV,0.7325,0.16774678230285645
RidgeClassifier,0.7325,0.04515576362609863
Perceptron,0.485,0.003683805465698242
PassiveAggressiveClassifier,0.5925,0.003355741500854492
LogisticRegressionCV,0.7275,0.7036318778991699
LogisticRegression,0.73,0.10590696334838867
LinearSVC,0.735,0.005438089370727539
RandomForestClassifier,0.875,0.1953721046447754
HistGradientBoostingClassifier,0.8275,0.997096061706543
GradientBoostingClassifier,0.7875,0.16372084617614746
ExtraTreesClassifier,0.8775,0.09527111053466797
AdaBoostClassifier,0.7225,0.09872794151306152
XGBClassifier,0.8525,0.13555192947387695
LGBMClassifier,0.8375,0.3864419460296631
CatBoostClassifier,0.7875,0.09574604034423828
RadiusNeighborsClassifier,,
KNeighborsClassifier,0.7625,0.0010700225830078125
NearestCentroid,0.725,0.0006418228149414062
QuadraticDiscriminantAnalysis,0.6325,0.03696894645690918
LinearDiscriminantAnalysis,0.73,0.041491031646728516
GaussianNB,0.71,0.0021829605102539062
BernoulliNB,0.73,0.0045969486236572266
MLPClassifier,0.79,35.32049798965454
ExtraTreeClassifier,0.82,0.0012919902801513672
DecisionTreeClassifier,0.8,0.007122039794921875
LabelSpreading,0.81,0.05141305923461914
LabelPropagation,0.805,0.03301215171813965
DummyClassifier,0.59,0.0001742839813232422
