classifier,score,time
SVC,0.9458413926499033,0.04995989799499512
SGDClassifier,0.9458413926499033,0.008516073226928711
RidgeClassifierCV,0.9458413926499033,0.47489500045776367
RidgeClassifier,0.9458413926499033,0.02172994613647461
Perceptron,0.9516441005802708,0.0026743412017822266
PassiveAggressiveClassifier,0.3481624758220503,0.003721952438354492
LogisticRegressionCV,0.9458413926499033,0.3735239505767822
LogisticRegression,0.9458413926499033,0.015785932540893555
LinearSVC,0.9458413926499033,0.009677886962890625
RandomForestClassifier,0.9477756286266924,0.20845603942871094
HistGradientBoostingClassifier,0.9477756286266924,0.8438689708709717
GradientBoostingClassifier,0.9381044487427466,0.3838200569152832
ExtraTreesClassifier,0.941972920696325,0.1132962703704834
AdaBoostClassifier,0.9381044487427466,0.16547918319702148
XGBClassifier,0.9458413926499033,0.1223301887512207
LGBMClassifier,0.9381044487427466,0.41895389556884766
CatBoostClassifier,0.9439071566731141,0.20637798309326172
RadiusNeighborsClassifier,,
KNeighborsClassifier,0.9458413926499033,0.0009291172027587891
NearestCentroid,0.6924564796905223,0.0007510185241699219
QuadraticDiscriminantAnalysis,0.0735009671179884,0.1974489688873291
LinearDiscriminantAnalysis,0.9439071566731141,0.2719137668609619
GaussianNB,0.06769825918762089,0.003348112106323242
BernoulliNB,0.8181818181818182,0.003947019577026367
MLPClassifier,0.9284332688588007,5.145594835281372
ExtraTreeClassifier,0.90715667311412,0.0016171932220458984
DecisionTreeClassifier,0.8820116054158608,0.008919954299926758
LabelSpreading,0.9361702127659575,0.08283495903015137
LabelPropagation,0.9361702127659575,0.038017988204956055
DummyClassifier,0.9458413926499033,0.00014591217041015625
