classifier,score,time
SVC,0.7753623188405797,0.005189180374145508
SGDClassifier,0.7608695652173914,0.0014841556549072266
RidgeClassifierCV,0.782608695652174,0.0014140605926513672
RidgeClassifier,0.782608695652174,0.0009560585021972656
Perceptron,0.7753623188405797,0.0015141963958740234
PassiveAggressiveClassifier,0.6521739130434783,0.0008969306945800781
LogisticRegressionCV,0.7608695652173914,0.04517817497253418
LogisticRegression,0.7971014492753623,0.0020830631256103516
LinearSVC,0.782608695652174,0.0010831356048583984
RandomForestClassifier,0.7898550724637681,0.09570980072021484
HistGradientBoostingClassifier,0.7318840579710145,0.5629031658172607
GradientBoostingClassifier,0.7536231884057971,0.10320186614990234
ExtraTreesClassifier,0.7753623188405797,0.05313611030578613
AdaBoostClassifier,0.6811594202898551,0.07644486427307129
XGBClassifier,0.7246376811594203,0.0648958683013916
LGBMClassifier,,
CatBoostClassifier,0.7753623188405797,0.12571501731872559
RadiusNeighborsClassifier,0.6231884057971014,0.000823974609375
KNeighborsClassifier,0.7028985507246377,0.0005457401275634766
NearestCentroid,0.6884057971014492,0.00048613548278808594
QuadraticDiscriminantAnalysis,0.6521739130434783,0.0008800029754638672
LinearDiscriminantAnalysis,0.7898550724637681,0.0009059906005859375
GaussianNB,0.7028985507246377,0.0005457401275634766
BernoulliNB,0.5652173913043478,0.0007350444793701172
MLPClassifier,0.7318840579710145,2.3089451789855957
ExtraTreeClassifier,0.6304347826086957,0.0007922649383544922
DecisionTreeClassifier,0.7391304347826086,0.0024671554565429688
LabelSpreading,0.6884057971014492,0.0051500797271728516
LabelPropagation,0.6884057971014492,0.003023862838745117
DummyClassifier,0.5362318840579711,9.918212890625e-05
