classifier,score,time
SVC,,
SGDClassifier,,
RidgeClassifierCV,1.0,0.2030470371246338
RidgeClassifier,1.0,0.05345606803894043
Perceptron,,
PassiveAggressiveClassifier,,
LogisticRegressionCV,,
LogisticRegression,,
LinearSVC,,
RandomForestClassifier,1.0,0.06122994422912598
HistGradientBoostingClassifier,1.0,0.04961705207824707
GradientBoostingClassifier,,
ExtraTreesClassifier,1.0,0.02813100814819336
AdaBoostClassifier,1.0,0.001277923583984375
XGBClassifier,1.0,0.03276515007019043
LGBMClassifier,1.0,0.00443577766418457
CatBoostClassifier,,
RadiusNeighborsClassifier,1.0,0.0006589889526367188
KNeighborsClassifier,1.0,0.00047469139099121094
NearestCentroid,,
QuadraticDiscriminantAnalysis,,
LinearDiscriminantAnalysis,1.0,0.16103887557983398
GaussianNB,1.0,0.0006470680236816406
BernoulliNB,1.0,0.049616098403930664
MLPClassifier,1.0,0.374086856842041
ExtraTreeClassifier,1.0,0.0005431175231933594
DecisionTreeClassifier,1.0,0.00046825408935546875
LabelSpreading,1.0,0.013082027435302734
LabelPropagation,1.0,0.0017709732055664062
DummyClassifier,1.0,9.489059448242188e-05
