classifier,score,time
SVC,0.7068965517241379,0.0017447471618652344
SGDClassifier,0.7586206896551724,0.001596212387084961
RidgeClassifierCV,0.6551724137931034,0.13466405868530273
RidgeClassifier,0.6551724137931034,0.012501955032348633
Perceptron,0.7241379310344828,0.003062009811401367
PassiveAggressiveClassifier,0.7758620689655172,0.0020651817321777344
LogisticRegressionCV,0.6724137931034483,0.1741797924041748
LogisticRegression,0.7068965517241379,0.06871819496154785
LinearSVC,0.6724137931034483,0.0008111000061035156
RandomForestClassifier,0.7586206896551724,0.10239267349243164
HistGradientBoostingClassifier,0.7068965517241379,0.47536516189575195
GradientBoostingClassifier,0.6724137931034483,0.03968405723571777
ExtraTreesClassifier,0.7241379310344828,0.03876018524169922
AdaBoostClassifier,0.6724137931034483,0.05134010314941406
XGBClassifier,0.6896551724137931,0.10238480567932129
LGBMClassifier,0.7068965517241379,0.16284584999084473
CatBoostClassifier,0.7241379310344828,0.09692811965942383
RadiusNeighborsClassifier,,
KNeighborsClassifier,0.8103448275862069,0.0005748271942138672
NearestCentroid,0.6551724137931034,0.0004899501800537109
QuadraticDiscriminantAnalysis,0.4482758620689655,0.019626855850219727
LinearDiscriminantAnalysis,0.6379310344827587,0.22730088233947754
GaussianNB,0.46551724137931033,0.0005650520324707031
BernoulliNB,0.6551724137931034,0.0006988048553466797
MLPClassifier,0.6896551724137931,5.31938099861145
ExtraTreeClassifier,0.6896551724137931,0.0016832351684570312
DecisionTreeClassifier,0.6551724137931034,0.001840829849243164
LabelSpreading,0.7758620689655172,0.0052280426025390625
LabelPropagation,0.7931034482758621,0.009896039962768555
DummyClassifier,0.7413793103448276,0.00013685226440429688
