classifier,score,time
SVC,,
SGDClassifier,,
RidgeClassifierCV,1.0,0.7524747848510742
RidgeClassifier,1.0,0.41552305221557617
Perceptron,,
PassiveAggressiveClassifier,,
LogisticRegressionCV,,
LogisticRegression,,
LinearSVC,,
RandomForestClassifier,1.0,0.14526104927062988
HistGradientBoostingClassifier,1.0,0.10290408134460449
GradientBoostingClassifier,,
ExtraTreesClassifier,1.0,0.03279423713684082
AdaBoostClassifier,1.0,0.005833864212036133
XGBClassifier,,
LGBMClassifier,,
CatBoostClassifier,,
RadiusNeighborsClassifier,,
KNeighborsClassifier,1.0,0.003826141357421875
NearestCentroid,,
QuadraticDiscriminantAnalysis,,
LinearDiscriminantAnalysis,1.0,0.4588959217071533
GaussianNB,1.0,0.08242321014404297
BernoulliNB,1.0,0.11675596237182617
MLPClassifier,1.0,3.274211883544922
ExtraTreeClassifier,1.0,0.0027358531951904297
DecisionTreeClassifier,1.0,0.007134914398193359
LabelSpreading,1.0,0.0801229476928711
LabelPropagation,1.0,0.0807352066040039
DummyClassifier,1.0,0.0001761913299560547
