classifier,score,time
SVC,0.6,0.0006010532379150391
SGDClassifier,1.0,0.0005640983581542969
RidgeClassifierCV,0.8,0.0010819435119628906
RidgeClassifier,1.0,0.0007958412170410156
Perceptron,0.8,0.0005891323089599609
PassiveAggressiveClassifier,1.0,0.00047087669372558594
LogisticRegressionCV,1.0,0.020261049270629883
LogisticRegression,1.0,0.0007910728454589844
LinearSVC,1.0,0.0004839897155761719
RandomForestClassifier,1.0,0.03750491142272949
HistGradientBoostingClassifier,0.6,0.031219959259033203
GradientBoostingClassifier,1.0,0.021253108978271484
ExtraTreesClassifier,1.0,0.02759408950805664
AdaBoostClassifier,1.0,0.04398012161254883
XGBClassifier,0.4,0.041578054428100586
LGBMClassifier,0.6,0.007784128189086914
CatBoostClassifier,1.0,0.08404421806335449
RadiusNeighborsClassifier,,
KNeighborsClassifier,0.8,0.0013937950134277344
NearestCentroid,0.8,0.0005171298980712891
QuadraticDiscriminantAnalysis,0.8,0.0007431507110595703
LinearDiscriminantAnalysis,1.0,0.0007097721099853516
GaussianNB,0.8,0.0005002021789550781
BernoulliNB,1.0,0.0006768703460693359
MLPClassifier,1.0,0.03692984580993652
ExtraTreeClassifier,0.6,0.0004911422729492188
DecisionTreeClassifier,1.0,0.00044798851013183594
LabelSpreading,1.0,0.0005350112915039062
LabelPropagation,1.0,0.0004780292510986328
DummyClassifier,0.6,7.677078247070312e-05
