classifier,score,time
SVC,0.9824561403508771,0.031248807907104492
SGDClassifier,0.8538011695906432,0.0036509037017822266
RidgeClassifierCV,0.935672514619883,0.31422996520996094
RidgeClassifier,0.935672514619883,0.006865978240966797
Perceptron,0.9269005847953217,0.0018610954284667969
PassiveAggressiveClassifier,0.9444444444444444,0.002543926239013672
LogisticRegressionCV,0.9649122807017544,1.311467170715332
LogisticRegression,0.9502923976608187,0.03496813774108887
LinearSVC,0.9590643274853801,0.0077588558197021484
RandomForestClassifier,0.9883040935672515,0.32031726837158203
HistGradientBoostingClassifier,0.9883040935672515,1.2666590213775635
GradientBoostingClassifier,0.9853801169590644,1.0568130016326904
ExtraTreesClassifier,0.9912280701754386,0.07078409194946289
AdaBoostClassifier,0.9853801169590644,0.39800095558166504
XGBClassifier,0.9853801169590644,0.08781623840332031
LGBMClassifier,0.9853801169590644,0.37596893310546875
CatBoostClassifier,0.9853801169590644,0.19603586196899414
RadiusNeighborsClassifier,0.847953216374269,0.0007529258728027344
KNeighborsClassifier,0.9239766081871345,0.0006489753723144531
NearestCentroid,0.9502923976608187,0.0007960796356201172
QuadraticDiscriminantAnalysis,0.9707602339181286,0.06576323509216309
LinearDiscriminantAnalysis,0.935672514619883,0.26851987838745117
GaussianNB,0.9502923976608187,0.004383087158203125
BernoulliNB,0.6169590643274854,0.0031762123107910156
MLPClassifier,0.9736842105263158,38.179436922073364
ExtraTreeClassifier,0.9385964912280702,0.009052753448486328
DecisionTreeClassifier,0.9444444444444444,0.028705835342407227
LabelSpreading,0.9298245614035088,0.10807013511657715
LabelPropagation,0.9298245614035088,0.03321194648742676
DummyClassifier,0.6169590643274854,0.00028514862060546875
