classifier,score,time
SVC,0.9642857142857143,0.010236024856567383
SGDClassifier,0.9404761904761905,0.0042781829833984375
RidgeClassifierCV,0.9642857142857143,0.36047887802124023
RidgeClassifier,0.9642857142857143,0.024301767349243164
Perceptron,0.9583333333333334,0.002276182174682617
PassiveAggressiveClassifier,0.8035714285714286,0.0038521289825439453
LogisticRegressionCV,0.9642857142857143,0.7377278804779053
LogisticRegression,0.9642857142857143,0.019536972045898438
LinearSVC,0.9642857142857143,0.0044286251068115234
RandomForestClassifier,0.9523809523809523,0.15119600296020508
HistGradientBoostingClassifier,0.9583333333333334,1.530669927597046
GradientBoostingClassifier,0.9642857142857143,0.19068694114685059
ExtraTreesClassifier,0.9345238095238095,0.10265493392944336
AdaBoostClassifier,0.9345238095238095,0.128554105758667
XGBClassifier,0.9642857142857143,0.11211395263671875
LGBMClassifier,0.9583333333333334,0.641387939453125
CatBoostClassifier,0.9702380952380952,0.1775801181793213
RadiusNeighborsClassifier,,
KNeighborsClassifier,0.9642857142857143,0.0009286403656005859
NearestCentroid,0.6369047619047619,0.0018110275268554688
QuadraticDiscriminantAnalysis,0.9642857142857143,0.020891904830932617
LinearDiscriminantAnalysis,0.9464285714285714,0.3286290168762207
GaussianNB,0.2619047619047619,0.004221200942993164
BernoulliNB,0.9345238095238095,0.0018689632415771484
MLPClassifier,0.9642857142857143,14.654469013214111
ExtraTreeClassifier,0.9404761904761905,0.0025310516357421875
DecisionTreeClassifier,0.9523809523809523,0.002974987030029297
LabelSpreading,0.9642857142857143,0.027433156967163086
LabelPropagation,0.9642857142857143,0.017779827117919922
DummyClassifier,0.9642857142857143,0.00033092498779296875
