classifier,score,time
SVC,0.7586206896551724,0.0018711090087890625
SGDClassifier,0.7241379310344828,0.006721973419189453
RidgeClassifierCV,0.6896551724137931,0.34381580352783203
RidgeClassifier,0.7068965517241379,0.010053873062133789
Perceptron,0.5517241379310345,0.004133939743041992
PassiveAggressiveClassifier,0.5689655172413793,0.0010459423065185547
LogisticRegressionCV,0.7413793103448276,0.6214897632598877
LogisticRegression,0.7241379310344828,0.033682823181152344
LinearSVC,0.7241379310344828,0.0008797645568847656
RandomForestClassifier,0.7241379310344828,0.08256268501281738
HistGradientBoostingClassifier,0.7413793103448276,0.42536401748657227
GradientBoostingClassifier,0.7068965517241379,0.044023990631103516
ExtraTreesClassifier,0.6896551724137931,0.04102492332458496
AdaBoostClassifier,0.6896551724137931,0.05488300323486328
XGBClassifier,0.6551724137931034,0.09139609336853027
LGBMClassifier,0.7068965517241379,0.16268682479858398
CatBoostClassifier,0.7586206896551724,0.0935969352722168
RadiusNeighborsClassifier,,
KNeighborsClassifier,0.6724137931034483,0.0005826950073242188
NearestCentroid,0.7758620689655172,0.0010139942169189453
QuadraticDiscriminantAnalysis,0.27586206896551724,0.04404711723327637
LinearDiscriminantAnalysis,0.7241379310344828,0.015549898147583008
GaussianNB,0.2413793103448276,0.021279096603393555
BernoulliNB,0.7758620689655172,0.002446889877319336
MLPClassifier,0.6206896551724138,6.530077934265137
ExtraTreeClassifier,0.6379310344827587,0.0008308887481689453
DecisionTreeClassifier,0.7241379310344828,0.001112222671508789
LabelSpreading,0.6724137931034483,0.0050199031829833984
LabelPropagation,0.6724137931034483,0.009298324584960938
DummyClassifier,0.7413793103448276,0.000308990478515625
