classifier,score,time
SVC,0.86,0.044139862060546875
SGDClassifier,0.835,0.010071039199829102
RidgeClassifierCV,0.8575,0.3919792175292969
RidgeClassifier,0.8575,0.023257017135620117
Perceptron,0.8025,0.016078948974609375
PassiveAggressiveClassifier,0.6675,0.0035071372985839844
LogisticRegressionCV,0.855,1.5409271717071533
LogisticRegression,0.855,0.0877523422241211
LinearSVC,0.8575,0.006237983703613281
RandomForestClassifier,0.89,0.167586088180542
HistGradientBoostingClassifier,0.8875,1.9645698070526123
GradientBoostingClassifier,0.8875,0.12667274475097656
ExtraTreesClassifier,0.875,0.09225702285766602
AdaBoostClassifier,0.8575,0.09284615516662598
XGBClassifier,0.8925,0.13409781455993652
LGBMClassifier,0.8875,0.40060901641845703
CatBoostClassifier,0.89,0.1242530345916748
RadiusNeighborsClassifier,,
KNeighborsClassifier,0.8625,0.0008802413940429688
NearestCentroid,0.81,0.0007967948913574219
QuadraticDiscriminantAnalysis,0.575,0.05517721176147461
LinearDiscriminantAnalysis,0.8575,0.28815364837646484
GaussianNB,0.505,0.05356168746948242
BernoulliNB,0.835,0.004007816314697266
MLPClassifier,0.8825,18.262497901916504
ExtraTreeClassifier,0.85,0.003047943115234375
DecisionTreeClassifier,0.87,0.003556966781616211
LabelSpreading,0.8625,0.05266404151916504
LabelPropagation,0.8625,0.03093099594116211
DummyClassifier,0.5475,0.00016117095947265625
