classifier,score,time
SVC,0.9302325581395349,0.0010318756103515625
SGDClassifier,0.8372093023255814,0.0007619857788085938
RidgeClassifierCV,0.9302325581395349,0.0012700557708740234
RidgeClassifier,0.9302325581395349,0.0008370876312255859
Perceptron,0.8837209302325582,0.011820077896118164
PassiveAggressiveClassifier,0.8604651162790697,0.002460002899169922
LogisticRegressionCV,0.9069767441860465,0.06356358528137207
LogisticRegression,0.9302325581395349,0.001100778579711914
LinearSVC,0.9069767441860465,0.003240823745727539
RandomForestClassifier,0.9534883720930233,0.052433013916015625
HistGradientBoostingClassifier,0.9302325581395349,0.19868707656860352
GradientBoostingClassifier,0.9534883720930233,0.04071927070617676
ExtraTreesClassifier,0.9069767441860465,0.03301286697387695
AdaBoostClassifier,0.9069767441860465,0.0519258975982666
XGBClassifier,0.9302325581395349,0.0809941291809082
LGBMClassifier,0.9302325581395349,0.12212610244750977
CatBoostClassifier,0.9534883720930233,0.10019373893737793
RadiusNeighborsClassifier,,
KNeighborsClassifier,0.9069767441860465,0.0008902549743652344
NearestCentroid,0.9302325581395349,0.00057220458984375
QuadraticDiscriminantAnalysis,0.8372093023255814,0.0010180473327636719
LinearDiscriminantAnalysis,0.9302325581395349,0.001007080078125
GaussianNB,0.9069767441860465,0.0005581378936767578
BernoulliNB,0.9302325581395349,0.0007050037384033203
MLPClassifier,0.8837209302325582,3.547229766845703
ExtraTreeClassifier,0.8837209302325582,0.0013818740844726562
DecisionTreeClassifier,0.9302325581395349,0.0007078647613525391
LabelSpreading,0.9069767441860465,0.007660627365112305
LabelPropagation,0.9069767441860465,0.0017671585083007812
DummyClassifier,0.5813953488372093,0.00010800361633300781
