classifier,score,time
SVC,,
SGDClassifier,,
RidgeClassifierCV,1.0,0.0008959770202636719
RidgeClassifier,1.0,0.0006620883941650391
Perceptron,,
PassiveAggressiveClassifier,,
LogisticRegressionCV,,
LogisticRegression,,
LinearSVC,,
RandomForestClassifier,1.0,0.0445399284362793
HistGradientBoostingClassifier,1.0,0.03409099578857422
GradientBoostingClassifier,,
ExtraTreesClassifier,1.0,0.03143906593322754
AdaBoostClassifier,1.0,0.0010118484497070312
XGBClassifier,,
LGBMClassifier,1.0,0.002254009246826172
CatBoostClassifier,,
RadiusNeighborsClassifier,1.0,0.0007193088531494141
KNeighborsClassifier,1.0,0.0006508827209472656
NearestCentroid,,
QuadraticDiscriminantAnalysis,,
LinearDiscriminantAnalysis,1.0,0.0006031990051269531
GaussianNB,1.0,0.0004379749298095703
BernoulliNB,1.0,0.0005040168762207031
MLPClassifier,1.0,2.411297082901001
ExtraTreeClassifier,1.0,0.0008378028869628906
DecisionTreeClassifier,1.0,0.0011739730834960938
LabelSpreading,1.0,0.05689287185668945
LabelPropagation,1.0,0.04038238525390625
DummyClassifier,1.0,0.00017023086547851562
