classifier,score,time
SVC,,
SGDClassifier,,
RidgeClassifierCV,1.0,0.46672892570495605
RidgeClassifier,1.0,0.1303400993347168
Perceptron,,
PassiveAggressiveClassifier,,
LogisticRegressionCV,,
LogisticRegression,,
LinearSVC,,
RandomForestClassifier,1.0,0.10784101486206055
HistGradientBoostingClassifier,1.0,0.18672490119934082
GradientBoostingClassifier,,
ExtraTreesClassifier,1.0,0.036110877990722656
AdaBoostClassifier,1.0,0.0022449493408203125
XGBClassifier,,
LGBMClassifier,,
CatBoostClassifier,,
RadiusNeighborsClassifier,,
KNeighborsClassifier,1.0,0.002502918243408203
NearestCentroid,,
QuadraticDiscriminantAnalysis,,
LinearDiscriminantAnalysis,1.0,0.4481840133666992
GaussianNB,1.0,0.0019011497497558594
BernoulliNB,1.0,0.009758949279785156
MLPClassifier,1.0,0.7142949104309082
ExtraTreeClassifier,1.0,0.0015170574188232422
DecisionTreeClassifier,1.0,0.001445770263671875
LabelSpreading,1.0,0.027373075485229492
LabelPropagation,1.0,0.005105018615722656
DummyClassifier,1.0,0.0001819133758544922
