classifier,score,time
SVC,0.5,0.000637054443359375
SGDClassifier,0.6666666666666666,0.000579833984375
RidgeClassifierCV,0.8333333333333334,0.0011279582977294922
RidgeClassifier,0.8333333333333334,0.0008549690246582031
Perceptron,0.8333333333333334,0.0006189346313476562
PassiveAggressiveClassifier,0.8333333333333334,0.0005271434783935547
LogisticRegressionCV,0.8333333333333334,0.02113509178161621
LogisticRegression,0.8333333333333334,0.0009660720825195312
LinearSVC,0.8333333333333334,0.0005321502685546875
RandomForestClassifier,0.6666666666666666,0.037934064865112305
HistGradientBoostingClassifier,0.5,0.032855987548828125
GradientBoostingClassifier,0.8333333333333334,0.020929813385009766
ExtraTreesClassifier,0.8333333333333334,0.027977943420410156
AdaBoostClassifier,0.8333333333333334,0.04463791847229004
XGBClassifier,0.16666666666666666,0.05322384834289551
LGBMClassifier,0.5,0.008084774017333984
CatBoostClassifier,0.8333333333333334,0.09160614013671875
RadiusNeighborsClassifier,,
KNeighborsClassifier,0.6666666666666666,0.0014781951904296875
NearestCentroid,0.5,0.0004887580871582031
QuadraticDiscriminantAnalysis,0.5,0.0008022785186767578
LinearDiscriminantAnalysis,1.0,0.0007898807525634766
GaussianNB,0.8333333333333334,0.0005340576171875
BernoulliNB,0.8333333333333334,0.0006802082061767578
MLPClassifier,0.6666666666666666,0.031170129776000977
ExtraTreeClassifier,0.8333333333333334,0.0005309581756591797
DecisionTreeClassifier,0.8333333333333334,0.0004940032958984375
LabelSpreading,0.5,0.0005688667297363281
LabelPropagation,0.5,0.0005068778991699219
DummyClassifier,0.5,7.700920104980469e-05
