classifier,score,time
SVC,0.875,0.015285730361938477
SGDClassifier,0.8913043478260869,0.0072062015533447266
RidgeClassifierCV,0.8641304347826086,0.10954880714416504
RidgeClassifier,0.8641304347826086,0.06192588806152344
Perceptron,0.875,0.00439906120300293
PassiveAggressiveClassifier,0.8315217391304348,0.0034508705139160156
LogisticRegressionCV,0.8804347826086957,0.6626229286193848
LogisticRegression,0.8641304347826086,0.057878971099853516
LinearSVC,0.8641304347826086,0.0018870830535888672
RandomForestClassifier,0.8858695652173914,0.12841081619262695
HistGradientBoostingClassifier,0.875,0.849416971206665
GradientBoostingClassifier,0.8695652173913043,0.08837318420410156
ExtraTreesClassifier,0.8967391304347826,0.06330490112304688
AdaBoostClassifier,0.8369565217391305,0.08425402641296387
XGBClassifier,0.8804347826086957,0.09438419342041016
LGBMClassifier,0.875,0.35121607780456543
CatBoostClassifier,0.875,0.10544490814208984
RadiusNeighborsClassifier,,
KNeighborsClassifier,0.8967391304347826,0.0005629062652587891
NearestCentroid,0.8804347826086957,0.0011081695556640625
QuadraticDiscriminantAnalysis,0.8369565217391305,0.0011630058288574219
LinearDiscriminantAnalysis,0.8641304347826086,0.0026721954345703125
GaussianNB,0.8532608695652174,0.0008981227874755859
BernoulliNB,0.8858695652173914,0.00139617919921875
MLPClassifier,0.8586956521739131,25.16860795021057
ExtraTreeClassifier,0.8206521739130435,0.007440805435180664
DecisionTreeClassifier,0.7934782608695652,0.004903316497802734
LabelSpreading,0.9021739130434783,0.009377002716064453
LabelPropagation,0.8967391304347826,0.02299189567565918
DummyClassifier,0.6141304347826086,0.000331878662109375
