classifier,score,time
SVC,0.86,0.045638084411621094
SGDClassifier,0.86,0.0061419010162353516
RidgeClassifierCV,0.86,0.2956879138946533
RidgeClassifier,0.8575,0.0404050350189209
Perceptron,0.6125,0.004939079284667969
PassiveAggressiveClassifier,0.7975,0.021154165267944336
LogisticRegressionCV,0.8575,0.766636848449707
LogisticRegression,0.8575,0.11054372787475586
LinearSVC,0.8575,0.003454923629760742
RandomForestClassifier,0.865,0.22132205963134766
HistGradientBoostingClassifier,0.8425,0.9807848930358887
GradientBoostingClassifier,0.8625,0.20950007438659668
ExtraTreesClassifier,0.86,0.09376001358032227
AdaBoostClassifier,0.8275,0.1156148910522461
XGBClassifier,0.8375,0.16585588455200195
LGBMClassifier,0.8375,0.38817596435546875
CatBoostClassifier,0.86,0.12315917015075684
RadiusNeighborsClassifier,,
KNeighborsClassifier,0.845,0.0007410049438476562
NearestCentroid,0.6325,0.0007002353668212891
QuadraticDiscriminantAnalysis,0.715,0.011744022369384766
LinearDiscriminantAnalysis,0.8475,0.035984039306640625
GaussianNB,0.8475,0.002679109573364258
BernoulliNB,0.825,0.0026886463165283203
MLPClassifier,0.8325,25.336273908615112
ExtraTreeClassifier,0.7925,0.0012919902801513672
DecisionTreeClassifier,0.75,0.0068511962890625
LabelSpreading,0.855,0.05669593811035156
LabelPropagation,0.8575,0.043753862380981445
DummyClassifier,0.8575,0.0001442432403564453
