classifier,score,time
SVC,0.7704918032786885,0.0016160011291503906
SGDClassifier,0.7540983606557377,0.0008797645568847656
RidgeClassifierCV,0.7704918032786885,0.0012841224670410156
RidgeClassifier,0.7704918032786885,0.0008461475372314453
Perceptron,0.7049180327868853,0.0007178783416748047
PassiveAggressiveClassifier,0.7049180327868853,0.000576019287109375
LogisticRegressionCV,0.7704918032786885,0.03022003173828125
LogisticRegression,0.7540983606557377,0.0013420581817626953
LinearSVC,0.7704918032786885,0.0006949901580810547
RandomForestClassifier,0.7377049180327869,0.04572701454162598
HistGradientBoostingClassifier,0.7540983606557377,0.17581486701965332
GradientBoostingClassifier,0.7049180327868853,0.05213809013366699
ExtraTreesClassifier,0.7868852459016393,0.03650689125061035
AdaBoostClassifier,0.7049180327868853,0.05499005317687988
XGBClassifier,0.7868852459016393,0.05952119827270508
LGBMClassifier,0.7377049180327869,0.19187593460083008
CatBoostClassifier,0.7540983606557377,0.15532588958740234
RadiusNeighborsClassifier,,
KNeighborsClassifier,0.7868852459016393,0.001461029052734375
NearestCentroid,0.7868852459016393,0.0004930496215820312
QuadraticDiscriminantAnalysis,0.6885245901639344,0.0010020732879638672
LinearDiscriminantAnalysis,0.7868852459016393,0.0009589195251464844
GaussianNB,0.7540983606557377,0.0005440711975097656
BernoulliNB,0.7704918032786885,0.0007338523864746094
MLPClassifier,0.7377049180327869,0.6898980140686035
ExtraTreeClassifier,0.7377049180327869,0.0011789798736572266
DecisionTreeClassifier,0.7377049180327869,0.0009241104125976562
LabelSpreading,0.7540983606557377,0.0013728141784667969
LabelPropagation,0.7377049180327869,0.0008800029754638672
DummyClassifier,0.6229508196721312,8.487701416015625e-05
