classifier,score,time
SVC,,
SGDClassifier,,
RidgeClassifierCV,1.0,0.0010750293731689453
RidgeClassifier,1.0,0.0007238388061523438
Perceptron,,
PassiveAggressiveClassifier,,
LogisticRegressionCV,,
LogisticRegression,,
LinearSVC,,
RandomForestClassifier,1.0,0.03845405578613281
HistGradientBoostingClassifier,1.0,0.03052377700805664
GradientBoostingClassifier,,
ExtraTreesClassifier,1.0,0.02721381187438965
AdaBoostClassifier,1.0,0.0011510848999023438
XGBClassifier,1.0,0.044734954833984375
LGBMClassifier,1.0,0.004200935363769531
CatBoostClassifier,,
RadiusNeighborsClassifier,1.0,0.0005819797515869141
KNeighborsClassifier,1.0,0.0004200935363769531
NearestCentroid,,
QuadraticDiscriminantAnalysis,,
LinearDiscriminantAnalysis,1.0,0.002302885055541992
GaussianNB,1.0,0.0013952255249023438
BernoulliNB,1.0,0.001561880111694336
MLPClassifier,1.0,0.21124029159545898
ExtraTreeClassifier,1.0,0.00048804283142089844
DecisionTreeClassifier,1.0,0.0004210472106933594
LabelSpreading,1.0,0.009368896484375
LabelPropagation,1.0,0.0009779930114746094
DummyClassifier,1.0,9.179115295410156e-05
