classifier,score,time
SVC,,
SGDClassifier,,
RidgeClassifierCV,1.0,0.38495898246765137
RidgeClassifier,1.0,0.014219999313354492
Perceptron,,
PassiveAggressiveClassifier,,
LogisticRegressionCV,,
LogisticRegression,,
LinearSVC,,
RandomForestClassifier,1.0,0.09539675712585449
HistGradientBoostingClassifier,1.0,0.26204490661621094
GradientBoostingClassifier,,
ExtraTreesClassifier,1.0,0.028385162353515625
AdaBoostClassifier,1.0,0.0017979145050048828
XGBClassifier,,
LGBMClassifier,,
CatBoostClassifier,,
RadiusNeighborsClassifier,,
KNeighborsClassifier,1.0,0.002457857131958008
NearestCentroid,,
QuadraticDiscriminantAnalysis,,
LinearDiscriminantAnalysis,1.0,0.13337111473083496
GaussianNB,1.0,0.005015134811401367
BernoulliNB,1.0,0.019310951232910156
MLPClassifier,1.0,0.6442177295684814
ExtraTreeClassifier,1.0,0.003930807113647461
DecisionTreeClassifier,1.0,0.003075838088989258
LabelSpreading,1.0,0.0034761428833007812
LabelPropagation,1.0,0.0067713260650634766
DummyClassifier,1.0,0.0001518726348876953
