classifier,score,time
SVC,0.7333333333333333,0.0015227794647216797
SGDClassifier,0.7833333333333333,0.0008571147918701172
RidgeClassifierCV,0.8333333333333334,0.0011756420135498047
RidgeClassifier,0.8333333333333334,0.0007967948913574219
Perceptron,0.36666666666666664,0.0006937980651855469
PassiveAggressiveClassifier,0.7666666666666667,0.0005891323089599609
LogisticRegressionCV,0.8166666666666667,0.02999401092529297
LogisticRegression,0.8166666666666667,0.0014362335205078125
LinearSVC,0.8333333333333334,0.0006349086761474609
RandomForestClassifier,0.8666666666666667,0.04863595962524414
HistGradientBoostingClassifier,0.8666666666666667,0.2539198398590088
GradientBoostingClassifier,0.8166666666666667,0.0534670352935791
ExtraTreesClassifier,0.7666666666666667,0.03813982009887695
AdaBoostClassifier,0.8166666666666667,0.05534839630126953
XGBClassifier,0.8166666666666667,0.06738901138305664
LGBMClassifier,0.85,0.1607210636138916
CatBoostClassifier,0.9,0.1415717601776123
RadiusNeighborsClassifier,0.6333333333333333,0.0006611347198486328
KNeighborsClassifier,0.6666666666666666,0.0004489421844482422
NearestCentroid,0.6166666666666667,0.00045108795166015625
QuadraticDiscriminantAnalysis,0.7166666666666667,0.0008182525634765625
LinearDiscriminantAnalysis,0.8166666666666667,0.0007839202880859375
GaussianNB,0.8,0.0005121231079101562
BernoulliNB,0.6166666666666667,0.0006740093231201172
MLPClassifier,0.7666666666666667,0.8163142204284668
ExtraTreeClassifier,0.6166666666666667,0.0006568431854248047
DecisionTreeClassifier,0.7833333333333333,0.0009620189666748047
LabelSpreading,0.7,0.0013608932495117188
LabelPropagation,0.7166666666666667,0.0009989738464355469
DummyClassifier,0.7333333333333333,8.702278137207031e-05
