classifier,score,time
SVC,0.5,0.32532215118408203
SGDClassifier,0.46,0.06422781944274902
RidgeClassifierCV,0.495,0.6477818489074707
RidgeClassifier,0.505,0.27225494384765625
Perceptron,0.505,0.10144901275634766
PassiveAggressiveClassifier,0.5,0.3133859634399414
LogisticRegressionCV,0.535,2.986661911010742
LogisticRegression,0.475,0.12893891334533691
LinearSVC,0.505,0.02597498893737793
RandomForestClassifier,0.505,0.33256101608276367
HistGradientBoostingClassifier,0.5,4.29799485206604
GradientBoostingClassifier,0.465,0.7562999725341797
ExtraTreesClassifier,0.48,0.2635951042175293
AdaBoostClassifier,0.44,0.5069351196289062
XGBClassifier,0.49,0.5923941135406494
LGBMClassifier,,
CatBoostClassifier,0.485,0.32833385467529297
RadiusNeighborsClassifier,,
KNeighborsClassifier,0.49,0.0076558589935302734
NearestCentroid,0.515,0.008056640625
QuadraticDiscriminantAnalysis,0.505,1.904421091079712
LinearDiscriminantAnalysis,0.44,2.5350730419158936
GaussianNB,0.495,0.07103395462036133
BernoulliNB,0.49,0.0451052188873291
MLPClassifier,0.49,1075.5956370830536
ExtraTreeClassifier,0.53,0.014556169509887695
DecisionTreeClassifier,0.475,0.037912845611572266
LabelSpreading,0.49,0.09415817260742188
LabelPropagation,0.495,0.056210994720458984
DummyClassifier,0.525,0.00023102760314941406
