classifier,score,time
SVC,0.7096774193548387,0.002591848373413086
SGDClassifier,0.6021505376344086,0.0009620189666748047
RidgeClassifierCV,0.7419354838709677,0.0011949539184570312
RidgeClassifier,0.7419354838709677,0.0008091926574707031
Perceptron,0.6236559139784946,0.0007350444793701172
PassiveAggressiveClassifier,0.6881720430107527,0.0006427764892578125
LogisticRegressionCV,0.7419354838709677,0.025890111923217773
LogisticRegression,0.7311827956989247,0.0011839866638183594
LinearSVC,0.7419354838709677,0.0006670951843261719
RandomForestClassifier,0.6666666666666666,0.06211495399475098
HistGradientBoostingClassifier,0.6236559139784946,0.36356687545776367
GradientBoostingClassifier,0.6559139784946236,0.08102917671203613
ExtraTreesClassifier,0.6774193548387096,0.04406380653381348
AdaBoostClassifier,0.6774193548387096,0.06652069091796875
XGBClassifier,0.6344086021505376,0.0686042308807373
LGBMClassifier,0.6559139784946236,0.21231412887573242
CatBoostClassifier,0.6451612903225806,0.11235785484313965
RadiusNeighborsClassifier,0.6881720430107527,0.0007491111755371094
KNeighborsClassifier,0.6666666666666666,0.00045418739318847656
NearestCentroid,0.6559139784946236,0.0004038810729980469
QuadraticDiscriminantAnalysis,0.6559139784946236,0.0007410049438476562
LinearDiscriminantAnalysis,0.7634408602150538,0.0007269382476806641
GaussianNB,0.7096774193548387,0.0004949569702148438
BernoulliNB,0.6881720430107527,0.0006399154663085938
MLPClassifier,0.7311827956989247,0.7059800624847412
ExtraTreeClassifier,0.6774193548387096,0.0006468296051025391
DecisionTreeClassifier,0.6774193548387096,0.0017731189727783203
LabelSpreading,0.6774193548387096,0.0056188106536865234
LabelPropagation,0.6774193548387096,0.004246234893798828
DummyClassifier,0.6021505376344086,0.00023293495178222656
