classifier,score,time
SVC,,
SGDClassifier,,
RidgeClassifierCV,1.0,0.18608617782592773
RidgeClassifier,1.0,0.15688180923461914
Perceptron,,
PassiveAggressiveClassifier,,
LogisticRegressionCV,,
LogisticRegression,,
LinearSVC,,
RandomForestClassifier,1.0,0.1166841983795166
HistGradientBoostingClassifier,1.0,0.15705323219299316
GradientBoostingClassifier,,
ExtraTreesClassifier,1.0,0.02856898307800293
AdaBoostClassifier,1.0,0.0014941692352294922
XGBClassifier,,
LGBMClassifier,1.0,0.0042192935943603516
CatBoostClassifier,,
RadiusNeighborsClassifier,,
KNeighborsClassifier,1.0,0.0013418197631835938
NearestCentroid,,
QuadraticDiscriminantAnalysis,,
LinearDiscriminantAnalysis,1.0,0.03837394714355469
GaussianNB,1.0,0.0009000301361083984
BernoulliNB,1.0,0.019691944122314453
MLPClassifier,1.0,1.1058197021484375
ExtraTreeClassifier,1.0,0.0008971691131591797
DecisionTreeClassifier,1.0,0.0010380744934082031
LabelSpreading,1.0,0.004289150238037109
LabelPropagation,1.0,0.010653972625732422
DummyClassifier,1.0,0.0006079673767089844
