classifier,score,time
SVC,0.9714285714285714,0.005910158157348633
SGDClassifier,0.95,0.0022220611572265625
RidgeClassifierCV,0.9714285714285714,0.5675249099731445
RidgeClassifier,0.9571428571428572,0.01460719108581543
Perceptron,0.9428571428571428,0.0019156932830810547
PassiveAggressiveClassifier,0.9428571428571428,0.0035059452056884766
LogisticRegressionCV,0.9642857142857143,0.5134463310241699
LogisticRegression,0.9642857142857143,0.0020248889923095703
LinearSVC,0.95,0.0011210441589355469
RandomForestClassifier,0.9571428571428572,0.10308599472045898
HistGradientBoostingClassifier,0.9642857142857143,1.0295078754425049
GradientBoostingClassifier,0.95,0.08750391006469727
ExtraTreesClassifier,0.95,0.044096946716308594
AdaBoostClassifier,0.95,0.07335519790649414
XGBClassifier,0.9714285714285714,0.12555503845214844
LGBMClassifier,0.9642857142857143,0.3290250301361084
CatBoostClassifier,0.9571428571428572,0.05556488037109375
RadiusNeighborsClassifier,,
KNeighborsClassifier,0.9428571428571428,0.0007681846618652344
NearestCentroid,0.9714285714285714,0.0007851123809814453
QuadraticDiscriminantAnalysis,0.9785714285714285,0.06666684150695801
LinearDiscriminantAnalysis,0.9642857142857143,0.4364471435546875
GaussianNB,0.9642857142857143,0.011432886123657227
BernoulliNB,0.9785714285714285,0.001069784164428711
MLPClassifier,0.9642857142857143,3.7634479999542236
ExtraTreeClassifier,0.8928571428571429,0.0008540153503417969
DecisionTreeClassifier,0.9214285714285714,0.00406193733215332
LabelSpreading,0.95,0.01672673225402832
LabelPropagation,0.95,0.025936126708984375
DummyClassifier,0.6571428571428571,0.0003097057342529297
