classifier,score,time
SVC,,
SGDClassifier,,
RidgeClassifierCV,1.0,4.123308897018433
RidgeClassifier,1.0,1.085258960723877
Perceptron,,
PassiveAggressiveClassifier,,
LogisticRegressionCV,,
LogisticRegression,,
LinearSVC,,
RandomForestClassifier,1.0,0.09160804748535156
HistGradientBoostingClassifier,1.0,1.0529260635375977
GradientBoostingClassifier,,
ExtraTreesClassifier,1.0,0.0877218246459961
AdaBoostClassifier,1.0,0.05989980697631836
XGBClassifier,,
LGBMClassifier,,
CatBoostClassifier,,
RadiusNeighborsClassifier,,
KNeighborsClassifier,1.0,0.0917208194732666
NearestCentroid,,
QuadraticDiscriminantAnalysis,,
LinearDiscriminantAnalysis,1.0,22.46968126296997
GaussianNB,1.0,0.3307619094848633
BernoulliNB,1.0,0.14447784423828125
MLPClassifier,1.0,47.95998001098633
ExtraTreeClassifier,1.0,0.1077420711517334
DecisionTreeClassifier,1.0,0.05565595626831055
LabelSpreading,1.0,0.5221047401428223
LabelPropagation,1.0,0.5623729228973389
DummyClassifier,1.0,0.001068115234375
