classifier,score,time
SVC,0.9375,0.001146078109741211
SGDClassifier,0.925,0.0009291172027587891
RidgeClassifierCV,0.925,0.13022613525390625
RidgeClassifier,0.925,0.011931180953979492
Perceptron,0.9375,0.004755973815917969
PassiveAggressiveClassifier,0.9375,0.006865024566650391
LogisticRegressionCV,0.95,0.15092921257019043
LogisticRegression,0.925,0.0015609264373779297
LinearSVC,0.9375,0.000797271728515625
RandomForestClassifier,1.0,0.06813526153564453
HistGradientBoostingClassifier,1.0,0.3100731372833252
GradientBoostingClassifier,1.0,0.06169605255126953
ExtraTreesClassifier,0.9875,0.03348708152770996
AdaBoostClassifier,0.9875,0.06019783020019531
XGBClassifier,0.9875,0.0494999885559082
LGBMClassifier,1.0,0.25583910942077637
CatBoostClassifier,1.0,0.1111609935760498
RadiusNeighborsClassifier,,
KNeighborsClassifier,0.925,0.0015251636505126953
NearestCentroid,0.8875,0.0005388259887695312
QuadraticDiscriminantAnalysis,0.925,0.011157989501953125
LinearDiscriminantAnalysis,0.925,0.022226333618164062
GaussianNB,0.925,0.0017521381378173828
BernoulliNB,0.9125,0.0023980140686035156
MLPClassifier,0.9375,0.619178056716919
ExtraTreeClassifier,0.9375,0.0006499290466308594
DecisionTreeClassifier,0.975,0.0010521411895751953
LabelSpreading,0.9125,0.0020570755004882812
LabelPropagation,0.9125,0.0011970996856689453
DummyClassifier,0.6,8.58306884765625e-05
