classifier,score,time
SVC,0.9875,0.05736207962036133
SGDClassifier,0.9875,0.01566481590270996
RidgeClassifierCV,0.9875,1.1677520275115967
RidgeClassifier,0.985,0.4044959545135498
Perceptron,0.9875,0.04336881637573242
PassiveAggressiveClassifier,0.9875,0.06598401069641113
LogisticRegressionCV,0.9875,1.438951015472412
LogisticRegression,0.9875,0.08018898963928223
LinearSVC,0.9875,0.008723020553588867
RandomForestClassifier,0.985,0.1626288890838623
HistGradientBoostingClassifier,0.985,3.0936360359191895
GradientBoostingClassifier,0.985,0.4725220203399658
ExtraTreesClassifier,0.9875,0.07269525527954102
AdaBoostClassifier,0.985,0.32227301597595215
XGBClassifier,0.99,0.262786865234375
LGBMClassifier,0.99,0.3343162536621094
CatBoostClassifier,0.9875,0.2087879180908203
RadiusNeighborsClassifier,,
KNeighborsClassifier,0.985,0.003762960433959961
NearestCentroid,0.975,0.004187822341918945
QuadraticDiscriminantAnalysis,0.945,0.960517168045044
LinearDiscriminantAnalysis,0.985,1.4190289974212646
GaussianNB,0.985,0.012653112411499023
BernoulliNB,0.9775,0.05370903015136719
MLPClassifier,0.985,6.328075885772705
ExtraTreeClassifier,0.99,0.0029001235961914062
DecisionTreeClassifier,0.985,0.00993204116821289
LabelSpreading,0.9825,0.10460400581359863
LabelPropagation,0.9825,0.07304692268371582
DummyClassifier,0.985,0.0001850128173828125
