classifier,score,time
SVC,0.8875,0.07080292701721191
SGDClassifier,0.885,0.012681007385253906
RidgeClassifierCV,0.9075,0.2860279083251953
RidgeClassifier,0.9075,0.012423038482666016
Perceptron,0.8825,0.001589059829711914
PassiveAggressiveClassifier,0.875,0.015409231185913086
LogisticRegressionCV,0.9175,1.5966122150421143
LogisticRegression,0.915,0.15183210372924805
LinearSVC,0.915,0.010686874389648438
RandomForestClassifier,0.905,0.1810140609741211
HistGradientBoostingClassifier,0.9075,1.1190869808197021
GradientBoostingClassifier,0.9075,0.17370295524597168
ExtraTreesClassifier,0.8675,0.10204505920410156
AdaBoostClassifier,0.9075,0.10502505302429199
XGBClassifier,0.8975,0.0902869701385498
LGBMClassifier,0.8975,0.4307992458343506
CatBoostClassifier,0.9075,0.1530778408050537
RadiusNeighborsClassifier,,
KNeighborsClassifier,0.86,0.0008146762847900391
NearestCentroid,0.655,0.001010894775390625
QuadraticDiscriminantAnalysis,0.6925,0.11058688163757324
LinearDiscriminantAnalysis,0.91,0.3141660690307617
GaussianNB,0.795,0.027599096298217773
BernoulliNB,0.7625,0.001184701919555664
MLPClassifier,0.895,46.71166920661926
ExtraTreeClassifier,0.8575,0.0018918514251708984
DecisionTreeClassifier,0.83,0.006009817123413086
LabelSpreading,0.86,0.1179358959197998
LabelPropagation,0.8575,0.04813957214355469
DummyClassifier,0.855,0.0002579689025878906
