classifier,score,time
SVC,0.904,0.003495931625366211
SGDClassifier,0.888,0.0024449825286865234
RidgeClassifierCV,0.872,0.2977609634399414
RidgeClassifier,0.872,0.009861946105957031
Perceptron,0.88,0.0008587837219238281
PassiveAggressiveClassifier,0.896,0.0007600784301757812
LogisticRegressionCV,0.896,0.4568169116973877
LogisticRegression,0.896,0.019260168075561523
LinearSVC,0.888,0.0012009143829345703
RandomForestClassifier,0.944,0.09141707420349121
HistGradientBoostingClassifier,0.936,0.7732908725738525
GradientBoostingClassifier,0.936,0.10573911666870117
ExtraTreesClassifier,0.952,0.047745704650878906
AdaBoostClassifier,0.928,0.06356620788574219
XGBClassifier,0.912,0.058537960052490234
LGBMClassifier,0.952,0.279681921005249
CatBoostClassifier,0.928,0.10133981704711914
RadiusNeighborsClassifier,,
KNeighborsClassifier,0.88,0.0006330013275146484
NearestCentroid,0.816,0.0005667209625244141
QuadraticDiscriminantAnalysis,0.224,0.012476205825805664
LinearDiscriminantAnalysis,0.896,0.2170259952545166
GaussianNB,0.688,0.0067288875579833984
BernoulliNB,0.848,0.0027458667755126953
MLPClassifier,0.944,13.46135401725769
ExtraTreeClassifier,0.928,0.0008380413055419922
DecisionTreeClassifier,0.936,0.001360177993774414
LabelSpreading,0.928,0.015674114227294922
LabelPropagation,0.928,0.01738286018371582
DummyClassifier,0.776,0.00045490264892578125
