classifier,score,time
SVC,0.9672131147540983,0.0017192363739013672
SGDClassifier,1.0,0.0007560253143310547
RidgeClassifierCV,1.0,0.0012161731719970703
RidgeClassifier,1.0,0.0008349418640136719
Perceptron,0.9508196721311475,0.002262115478515625
PassiveAggressiveClassifier,0.9836065573770492,0.0024788379669189453
LogisticRegressionCV,1.0,0.049221038818359375
LogisticRegression,1.0,0.001641988754272461
LinearSVC,1.0,0.0007212162017822266
RandomForestClassifier,1.0,0.05373215675354004
HistGradientBoostingClassifier,0.9836065573770492,0.09249210357666016
GradientBoostingClassifier,0.9836065573770492,0.02764892578125
ExtraTreesClassifier,0.9836065573770492,0.035327911376953125
AdaBoostClassifier,0.9836065573770492,0.0011980533599853516
XGBClassifier,1.0,0.039016008377075195
LGBMClassifier,,
CatBoostClassifier,1.0,0.11355996131896973
RadiusNeighborsClassifier,,
KNeighborsClassifier,0.9672131147540983,0.0004730224609375
NearestCentroid,0.8852459016393442,0.0007920265197753906
QuadraticDiscriminantAnalysis,0.5409836065573771,0.0012998580932617188
LinearDiscriminantAnalysis,1.0,0.0013251304626464844
GaussianNB,0.8688524590163934,0.0005929470062255859
BernoulliNB,0.8524590163934426,0.0007538795471191406
MLPClassifier,1.0,3.2585878372192383
ExtraTreeClassifier,0.7704918032786885,0.0007107257843017578
DecisionTreeClassifier,0.9836065573770492,0.0005733966827392578
LabelSpreading,0.9180327868852459,0.005384922027587891
LabelPropagation,0.9180327868852459,0.009761810302734375
DummyClassifier,0.5901639344262295,0.0003490447998046875
