classifier,score,time
SVC,0.6525,1.4931120872497559
SGDClassifier,0.6575,0.11743688583374023
RidgeClassifierCV,0.6825,3.4458770751953125
RidgeClassifier,0.6775,0.6288158893585205
Perceptron,0.615,0.2691841125488281
PassiveAggressiveClassifier,0.67,0.5663528442382812
LogisticRegressionCV,0.6725,3.566784143447876
LogisticRegression,0.67,0.18363189697265625
LinearSVC,0.6775,0.025423049926757812
RandomForestClassifier,0.635,0.8608531951904297
HistGradientBoostingClassifier,0.6425,5.406523942947388
GradientBoostingClassifier,0.6675,1.4038362503051758
ExtraTreesClassifier,0.6375,0.8399040699005127
AdaBoostClassifier,0.6675,0.8897778987884521
XGBClassifier,0.59,0.9622581005096436
LGBMClassifier,0.6475,0.3408629894256592
CatBoostClassifier,0.6525,0.35329484939575195
RadiusNeighborsClassifier,,
KNeighborsClassifier,0.6125,0.011440753936767578
NearestCentroid,0.64,0.012652158737182617
QuadraticDiscriminantAnalysis,0.52,9.610674142837524
LinearDiscriminantAnalysis,0.6425,9.832012176513672
GaussianNB,0.405,0.11625981330871582
BernoulliNB,0.6725,0.037421226501464844
MLPClassifier,0.66,34.74333620071411
ExtraTreeClassifier,0.6325,0.013648271560668945
DecisionTreeClassifier,0.64,0.09345293045043945
LabelSpreading,0.6075,0.20453405380249023
LabelPropagation,0.6075,0.1765141487121582
DummyClassifier,0.595,0.0008246898651123047
