classifier,score,time
SVC,0.819672131147541,0.0016798973083496094
SGDClassifier,0.8032786885245902,0.0012431144714355469
RidgeClassifierCV,0.8032786885245902,0.0013909339904785156
RidgeClassifier,0.8360655737704918,0.0008571147918701172
Perceptron,0.7213114754098361,0.0007481575012207031
PassiveAggressiveClassifier,0.7377049180327869,0.0007951259613037109
LogisticRegressionCV,0.8360655737704918,0.03494405746459961
LogisticRegression,0.8032786885245902,0.0016129016876220703
LinearSVC,0.819672131147541,0.0007758140563964844
RandomForestClassifier,0.7704918032786885,0.046942949295043945
HistGradientBoostingClassifier,0.819672131147541,0.30246806144714355
GradientBoostingClassifier,0.8360655737704918,0.05202317237854004
ExtraTreesClassifier,0.8360655737704918,0.03671908378601074
AdaBoostClassifier,0.8360655737704918,0.05686306953430176
XGBClassifier,0.8032786885245902,0.07067608833312988
LGBMClassifier,0.819672131147541,0.18062806129455566
CatBoostClassifier,0.8032786885245902,0.15468311309814453
RadiusNeighborsClassifier,,
KNeighborsClassifier,0.8032786885245902,0.001920938491821289
NearestCentroid,0.7868852459016393,0.0005040168762207031
QuadraticDiscriminantAnalysis,0.6721311475409836,0.0010428428649902344
LinearDiscriminantAnalysis,0.8360655737704918,0.0009999275207519531
GaussianNB,0.819672131147541,0.0005478858947753906
BernoulliNB,0.7868852459016393,0.0007340908050537109
MLPClassifier,0.819672131147541,1.1227848529815674
ExtraTreeClassifier,0.819672131147541,0.0022110939025878906
DecisionTreeClassifier,0.8524590163934426,0.002666950225830078
LabelSpreading,0.8524590163934426,0.00655674934387207
LabelPropagation,0.8524590163934426,0.0010290145874023438
DummyClassifier,0.5901639344262295,0.00010395050048828125
