classifier,score,time
SVC,0.8032786885245902,0.0024139881134033203
SGDClassifier,0.8524590163934426,0.0015549659729003906
RidgeClassifierCV,0.8688524590163934,0.0020780563354492188
RidgeClassifier,0.8688524590163934,0.0009927749633789062
Perceptron,0.7377049180327869,0.0007829666137695312
PassiveAggressiveClassifier,0.7868852459016393,0.0007791519165039062
LogisticRegressionCV,0.7540983606557377,0.03317904472351074
LogisticRegression,0.8360655737704918,0.0017399787902832031
LinearSVC,0.819672131147541,0.0008759498596191406
RandomForestClassifier,0.8032786885245902,0.04889798164367676
HistGradientBoostingClassifier,0.7868852459016393,0.280195951461792
GradientBoostingClassifier,0.7704918032786885,0.0586092472076416
ExtraTreesClassifier,0.7540983606557377,0.03760790824890137
AdaBoostClassifier,0.7213114754098361,0.060643672943115234
XGBClassifier,0.7540983606557377,0.07198071479797363
LGBMClassifier,,
CatBoostClassifier,0.7704918032786885,0.10926103591918945
RadiusNeighborsClassifier,,
KNeighborsClassifier,0.8032786885245902,0.0025060176849365234
NearestCentroid,0.7868852459016393,0.0006048679351806641
QuadraticDiscriminantAnalysis,0.7213114754098361,0.0009310245513916016
LinearDiscriminantAnalysis,0.8360655737704918,0.0009548664093017578
GaussianNB,0.7868852459016393,0.0005829334259033203
BernoulliNB,0.8032786885245902,0.0010619163513183594
MLPClassifier,0.8032786885245902,9.59111499786377
ExtraTreeClassifier,0.7377049180327869,0.0006570816040039062
DecisionTreeClassifier,0.7049180327868853,0.0011701583862304688
LabelSpreading,0.7377049180327869,0.0076122283935546875
LabelPropagation,0.7377049180327869,0.007873058319091797
DummyClassifier,0.5573770491803278,0.0002429485321044922
