classifier,score,time
SVC,0.8166666666666667,0.002477884292602539
SGDClassifier,0.8166666666666667,0.0012671947479248047
RidgeClassifierCV,0.8166666666666667,0.0045168399810791016
RidgeClassifier,0.8166666666666667,0.002522706985473633
Perceptron,0.8166666666666667,0.001958131790161133
PassiveAggressiveClassifier,0.7333333333333333,0.0008618831634521484
LogisticRegressionCV,0.8166666666666667,0.07569098472595215
LogisticRegression,0.8,0.002312183380126953
LinearSVC,0.8333333333333334,0.00101470947265625
RandomForestClassifier,0.8666666666666667,0.10684895515441895
HistGradientBoostingClassifier,0.8333333333333334,0.5405397415161133
GradientBoostingClassifier,0.85,0.08945202827453613
ExtraTreesClassifier,0.8333333333333334,0.06456995010375977
AdaBoostClassifier,0.8166666666666667,0.09193921089172363
XGBClassifier,0.85,0.07805323600769043
LGBMClassifier,0.8333333333333334,0.19087505340576172
CatBoostClassifier,0.8666666666666667,0.11565923690795898
RadiusNeighborsClassifier,,
KNeighborsClassifier,0.8166666666666667,0.0006737709045410156
NearestCentroid,0.8166666666666667,0.0013859272003173828
QuadraticDiscriminantAnalysis,0.6666666666666666,0.0009801387786865234
LinearDiscriminantAnalysis,0.85,0.0016770362854003906
GaussianNB,0.8166666666666667,0.0006630420684814453
BernoulliNB,0.8166666666666667,0.0009989738464355469
MLPClassifier,0.8833333333333333,9.030699968338013
ExtraTreeClassifier,0.7666666666666667,0.0009589195251464844
DecisionTreeClassifier,0.7833333333333333,0.0014739036560058594
LabelSpreading,0.8166666666666667,0.0077250003814697266
LabelPropagation,0.8166666666666667,0.0026819705963134766
DummyClassifier,0.5,0.00013208389282226562
