classifier,score,time
SVC,0.8529411764705882,0.01124715805053711
SGDClassifier,0.8151260504201681,0.003429889678955078
RidgeClassifierCV,0.8445378151260504,0.2444138526916504
RidgeClassifier,0.8445378151260504,0.0251162052154541
Perceptron,0.8529411764705882,0.0026192665100097656
PassiveAggressiveClassifier,0.8025210084033614,0.0009911060333251953
LogisticRegressionCV,0.8529411764705882,0.08463215827941895
LogisticRegression,0.8487394957983193,0.002279996871948242
LinearSVC,0.8487394957983193,0.001847982406616211
RandomForestClassifier,0.9285714285714286,0.11191773414611816
HistGradientBoostingClassifier,0.9285714285714286,0.6371986865997314
GradientBoostingClassifier,0.9033613445378151,0.10251688957214355
ExtraTreesClassifier,0.907563025210084,0.05942392349243164
AdaBoostClassifier,0.8529411764705882,0.07730603218078613
XGBClassifier,0.9327731092436975,0.055696725845336914
LGBMClassifier,0.9285714285714286,0.3594639301300049
CatBoostClassifier,0.9201680672268907,0.16671514511108398
RadiusNeighborsClassifier,,
KNeighborsClassifier,0.819327731092437,0.0014331340789794922
NearestCentroid,0.8403361344537815,0.0005393028259277344
QuadraticDiscriminantAnalysis,0.6176470588235294,0.0012788772583007812
LinearDiscriminantAnalysis,0.8487394957983193,0.014436006546020508
GaussianNB,0.7647058823529411,0.0006237030029296875
BernoulliNB,0.8613445378151261,0.0008399486541748047
MLPClassifier,0.8613445378151261,4.04741096496582
ExtraTreeClassifier,0.8697478991596639,0.0008890628814697266
DecisionTreeClassifier,0.8907563025210085,0.0023949146270751953
LabelSpreading,0.8613445378151261,0.0186922550201416
LabelPropagation,0.8697478991596639,0.015163898468017578
DummyClassifier,0.5462184873949579,0.00032901763916015625
