date_2020-03-05,date_2020-03-08,date_2020-03-13,date_2020-03-16,date_2020-03-17,date_2020-03-18,date_2020-03-20,date_2020-03-21,event info_A national Coronavirus task force was formed by the Bulgarian government,event info_Bansko became the first town in the country to be put under quarantine,"event info_Confirmed first two cases. Closed are theatres, cinemas, and other indoor events in  thhe two cities where were the first cases - Gabrovo and Pleven","event info_Declared state of emergency for one month until 13 April. Schools, shopping centres, cinemas, restaurants, fitness centers and other places of business were closed. All sports events were suspended. all arrivals from Italy, Spain, Iran, South Korea and China were placed under a mandatory 14-day quarantine",event info_Flights from Italy and Spain were stopped,"event info_Foreign citizens prohibited from entering Bulgaria. These are China, Iran, Bangladesh, India, the Maldives, Nepal, Sri Lanka, Spain, Italy, South Korea, France, Germany, the Netherlands, Switzerland and the United Kingdom. Additionally, sanitary control units will be established on some border crossings with Serbia, North Macedonia, Greece and Romania. sanitary control units will be established on some border crossings with Serbia, North Macedonia, Greece and Romania","event info_Partial restriction for travelling between cities. Restriction for visiting parks, and sport playgrounds. ",event info_People over 60 years can be the only visiting shops and pharmmacies between 08:30h and 10:30h,event info_Ski season in winter resorts was closed,event info_non EU citizesns can't enter the country,restriction_Bansko under quarantine,restriction_Flights from Italy and Spain ,restriction_National Coronavirus task force was formed,"restriction_Restriction for travelling between cities and visiting parks, sport playgrounds","restriction_Schools, shopping centres, cinemas, restaurants, sports events, fitness centers",restriction_Ski seasons closed,restriction_Some foreign citizens prohibited from entering Bulgaria,"restriction_Theatres, cinemas, and other indoor events",restriction_Time organization for visiting shops,restriction_non EU citizesns prohibited,target
1.0,0.0,0.0,0.0,0.0,0.0,0.0,0.0,1.0,0.0,0.0,0.0,0.0,0.0,0.0,0.0,0.0,0.0,0.0,0.0,1.0,0.0,0.0,0.0,0.0,0.0,0.0,0.0,1
0.0,1.0,0.0,0.0,0.0,0.0,0.0,0.0,0.0,0.0,1.0,0.0,0.0,0.0,0.0,0.0,0.0,0.0,0.0,0.0,0.0,0.0,0.0,0.0,0.0,1.0,0.0,0.0,0
0.0,0.0,1.0,0.0,0.0,0.0,0.0,0.0,0.0,0.0,0.0,1.0,0.0,0.0,0.0,0.0,0.0,0.0,0.0,0.0,0.0,0.0,1.0,0.0,0.0,0.0,0.0,0.0,0
0.0,0.0,0.0,1.0,0.0,0.0,0.0,0.0,0.0,0.0,0.0,0.0,0.0,0.0,0.0,0.0,1.0,0.0,0.0,0.0,0.0,0.0,0.0,1.0,0.0,0.0,0.0,0.0,0
0.0,0.0,0.0,0.0,1.0,0.0,0.0,0.0,0.0,1.0,0.0,0.0,0.0,0.0,0.0,0.0,0.0,0.0,1.0,0.0,0.0,0.0,0.0,0.0,0.0,0.0,0.0,0.0,0
0.0,0.0,0.0,0.0,1.0,0.0,0.0,0.0,0.0,0.0,0.0,0.0,1.0,0.0,0.0,0.0,0.0,0.0,0.0,1.0,0.0,0.0,0.0,0.0,0.0,0.0,0.0,0.0,0
0.0,0.0,0.0,0.0,0.0,1.0,0.0,0.0,0.0,0.0,0.0,0.0,0.0,1.0,0.0,0.0,0.0,0.0,0.0,0.0,0.0,0.0,0.0,0.0,1.0,0.0,0.0,0.0,0
0.0,0.0,0.0,0.0,0.0,0.0,1.0,0.0,0.0,0.0,0.0,0.0,0.0,0.0,0.0,0.0,0.0,1.0,0.0,0.0,0.0,0.0,0.0,0.0,0.0,0.0,0.0,1.0,0
0.0,0.0,0.0,0.0,0.0,0.0,0.0,1.0,0.0,0.0,0.0,0.0,0.0,0.0,1.0,0.0,0.0,0.0,0.0,0.0,0.0,1.0,0.0,0.0,0.0,0.0,0.0,0.0,0
0.0,0.0,0.0,0.0,0.0,0.0,0.0,1.0,0.0,0.0,0.0,0.0,0.0,0.0,0.0,1.0,0.0,0.0,0.0,0.0,0.0,0.0,0.0,0.0,0.0,0.0,1.0,0.0,1
