classifier,score,time
SVC,1.0,0.0008211135864257812
SGDClassifier,1.0,0.0005528926849365234
RidgeClassifierCV,1.0,0.0027551651000976562
RidgeClassifier,1.0,0.0007917881011962891
Perceptron,1.0,0.000598907470703125
PassiveAggressiveClassifier,1.0,0.00045680999755859375
LogisticRegressionCV,1.0,0.018013954162597656
LogisticRegression,1.0,0.0007157325744628906
LinearSVC,1.0,0.0004780292510986328
RandomForestClassifier,1.0,0.037674903869628906
HistGradientBoostingClassifier,1.0,0.030724287033081055
GradientBoostingClassifier,1.0,0.018450260162353516
ExtraTreesClassifier,1.0,0.027226924896240234
AdaBoostClassifier,1.0,0.044194936752319336
XGBClassifier,1.0,0.049829721450805664
LGBMClassifier,,
CatBoostClassifier,1.0,0.08175897598266602
RadiusNeighborsClassifier,,
KNeighborsClassifier,1.0,0.0013659000396728516
NearestCentroid,1.0,0.0005631446838378906
QuadraticDiscriminantAnalysis,0.0,0.0007009506225585938
LinearDiscriminantAnalysis,1.0,0.0006690025329589844
GaussianNB,0.0,0.0004820823669433594
BernoulliNB,1.0,0.0006558895111083984
MLPClassifier,1.0,0.021603822708129883
ExtraTreeClassifier,1.0,0.0006318092346191406
DecisionTreeClassifier,1.0,0.0004279613494873047
LabelSpreading,1.0,0.0005109310150146484
LabelPropagation,1.0,0.00045609474182128906
DummyClassifier,1.0,7.700920104980469e-05
