classifier,score,time
SVC,,
SGDClassifier,,
RidgeClassifierCV,1.0,0.11275410652160645
RidgeClassifier,1.0,0.04986000061035156
Perceptron,,
PassiveAggressiveClassifier,,
LogisticRegressionCV,,
LogisticRegression,,
LinearSVC,,
RandomForestClassifier,1.0,0.11354613304138184
HistGradientBoostingClassifier,1.0,0.06189107894897461
GradientBoostingClassifier,,
ExtraTreesClassifier,1.0,0.03178215026855469
AdaBoostClassifier,1.0,0.0013260841369628906
XGBClassifier,1.0,0.02977895736694336
LGBMClassifier,1.0,0.004435300827026367
CatBoostClassifier,,
RadiusNeighborsClassifier,,
KNeighborsClassifier,1.0,0.0900580883026123
NearestCentroid,,
QuadraticDiscriminantAnalysis,,
LinearDiscriminantAnalysis,1.0,0.07770228385925293
GaussianNB,1.0,0.0006392002105712891
BernoulliNB,1.0,0.024428129196166992
MLPClassifier,1.0,0.40638208389282227
ExtraTreeClassifier,1.0,0.0005540847778320312
DecisionTreeClassifier,1.0,0.0005059242248535156
LabelSpreading,1.0,0.00792074203491211
LabelPropagation,1.0,0.0048830509185791016
DummyClassifier,1.0,0.00011014938354492188
