classifier,score,time
SVC,1.0,0.0022728443145751953
SGDClassifier,1.0,0.000701904296875
RidgeClassifierCV,1.0,0.11120009422302246
RidgeClassifier,1.0,0.01559591293334961
Perceptron,1.0,0.0022628307342529297
PassiveAggressiveClassifier,1.0,0.002040863037109375
LogisticRegressionCV,1.0,0.2551412582397461
LogisticRegression,1.0,0.00839686393737793
LinearSVC,1.0,0.0008099079132080078
RandomForestClassifier,1.0,0.07825160026550293
HistGradientBoostingClassifier,1.0,0.3072190284729004
GradientBoostingClassifier,1.0,0.031019926071166992
ExtraTreesClassifier,1.0,0.03347897529602051
AdaBoostClassifier,1.0,0.0014274120330810547
XGBClassifier,1.0,0.039252281188964844
LGBMClassifier,1.0,0.06843805313110352
CatBoostClassifier,1.0,0.14717316627502441
RadiusNeighborsClassifier,,
KNeighborsClassifier,0.9595959595959596,0.0015399456024169922
NearestCentroid,0.9191919191919192,0.0005197525024414062
QuadraticDiscriminantAnalysis,1.0,0.007854938507080078
LinearDiscriminantAnalysis,0.9595959595959596,0.2480483055114746
GaussianNB,1.0,0.0006191730499267578
BernoulliNB,0.98989898989899,0.0029020309448242188
MLPClassifier,1.0,0.4569418430328369
ExtraTreeClassifier,1.0,0.0020291805267333984
DecisionTreeClassifier,1.0,0.0006661415100097656
LabelSpreading,0.98989898989899,0.002256155014038086
LabelPropagation,0.98989898989899,0.003614187240600586
DummyClassifier,0.9090909090909091,0.00010323524475097656
