classifier,score,time
SVC,,
SGDClassifier,,
RidgeClassifierCV,1.0,0.3828878402709961
RidgeClassifier,1.0,0.003583192825317383
Perceptron,,
PassiveAggressiveClassifier,,
LogisticRegressionCV,,
LogisticRegression,,
LinearSVC,,
RandomForestClassifier,1.0,0.07770085334777832
HistGradientBoostingClassifier,1.0,0.2170581817626953
GradientBoostingClassifier,,
ExtraTreesClassifier,1.0,0.02785205841064453
AdaBoostClassifier,1.0,0.0010859966278076172
XGBClassifier,1.0,0.0355830192565918
LGBMClassifier,1.0,0.003702878952026367
CatBoostClassifier,,
RadiusNeighborsClassifier,,
KNeighborsClassifier,1.0,0.0004987716674804688
NearestCentroid,,
QuadraticDiscriminantAnalysis,,
LinearDiscriminantAnalysis,1.0,0.010415077209472656
GaussianNB,1.0,0.0015130043029785156
BernoulliNB,1.0,0.11031794548034668
MLPClassifier,1.0,1.224992036819458
ExtraTreeClassifier,1.0,0.0005509853363037109
DecisionTreeClassifier,1.0,0.0006768703460693359
LabelSpreading,1.0,0.006206989288330078
LabelPropagation,1.0,0.009768962860107422
DummyClassifier,1.0,0.00016307830810546875
