classifier,score,time
SVC,0.9219512195121952,0.008968114852905273
SGDClassifier,0.8634146341463415,0.0024161338806152344
RidgeClassifierCV,0.8536585365853658,0.1415402889251709
RidgeClassifier,0.8536585365853658,0.03763389587402344
Perceptron,0.7804878048780488,0.0010371208190917969
PassiveAggressiveClassifier,0.8536585365853658,0.0011119842529296875
LogisticRegressionCV,0.8634146341463415,0.19117474555969238
LogisticRegression,0.8439024390243902,0.0040400028228759766
LinearSVC,0.8536585365853658,0.0015807151794433594
RandomForestClassifier,1.0,0.10289382934570312
HistGradientBoostingClassifier,1.0,0.6319518089294434
GradientBoostingClassifier,0.975609756097561,0.09546589851379395
ExtraTreesClassifier,1.0,0.049803972244262695
AdaBoostClassifier,0.9073170731707317,0.07555890083312988
XGBClassifier,1.0,0.0452580451965332
LGBMClassifier,1.0,0.3644380569458008
CatBoostClassifier,1.0,0.16881108283996582
RadiusNeighborsClassifier,0.9073170731707317,0.0007219314575195312
KNeighborsClassifier,0.8195121951219512,0.0006949901580810547
NearestCentroid,0.8292682926829268,0.0006000995635986328
QuadraticDiscriminantAnalysis,0.6878048780487804,0.0052869319915771484
LinearDiscriminantAnalysis,0.8439024390243902,0.24503016471862793
GaussianNB,0.8,0.0018930435180664062
BernoulliNB,0.8048780487804879,0.0010018348693847656
MLPClassifier,0.975609756097561,2.3957459926605225
ExtraTreeClassifier,1.0,0.0018777847290039062
DecisionTreeClassifier,1.0,0.006503105163574219
LabelSpreading,0.975609756097561,0.01111602783203125
LabelPropagation,0.9951219512195122,0.010190725326538086
DummyClassifier,0.5121951219512195,0.00029397010803222656
