classifier,score,time
SVC,0.6415,1.471787929534912
SGDClassifier,0.648,0.0323491096496582
RidgeClassifierCV,0.6535,0.27494072914123535
RidgeClassifier,0.6535,0.04580092430114746
Perceptron,0.5755,0.0209810733795166
PassiveAggressiveClassifier,0.533,0.02007603645324707
LogisticRegressionCV,0.7255,1.1721971035003662
LogisticRegression,0.6505,0.06126999855041504
LinearSVC,0.657,0.03713512420654297
RandomForestClassifier,0.735,0.7261350154876709
HistGradientBoostingClassifier,0.7435,0.7536342144012451
GradientBoostingClassifier,0.741,0.7927680015563965
ExtraTreesClassifier,0.7155,0.4803130626678467
AdaBoostClassifier,0.727,0.3628532886505127
XGBClassifier,0.725,0.14206910133361816
LGBMClassifier,0.7375,0.39429497718811035
CatBoostClassifier,0.747,0.282228946685791
RadiusNeighborsClassifier,,
KNeighborsClassifier,0.607,0.0010700225830078125
NearestCentroid,0.604,0.0011038780212402344
QuadraticDiscriminantAnalysis,0.6165,0.01321721076965332
LinearDiscriminantAnalysis,0.6555,0.029427766799926758
GaussianNB,0.5835,0.0045452117919921875
BernoulliNB,0.608,0.23632121086120605
MLPClassifier,0.6695,5.8344340324401855
ExtraTreeClassifier,0.635,0.007646083831787109
DecisionTreeClassifier,0.635,0.052786827087402344
LabelSpreading,0.638,1.1880598068237305
LabelPropagation,0.6355,0.5749540328979492
DummyClassifier,0.496,0.0007300376892089844
