classifier,score,time
SVC,0.75,0.0007469654083251953
SGDClassifier,0.75,0.0005571842193603516
RidgeClassifierCV,0.75,0.0010869503021240234
RidgeClassifier,0.75,0.0008320808410644531
Perceptron,0.7916666666666666,0.0006940364837646484
PassiveAggressiveClassifier,0.625,0.0004642009735107422
LogisticRegressionCV,0.75,0.025201082229614258
LogisticRegression,0.625,0.0012631416320800781
LinearSVC,0.8333333333333334,0.0005869865417480469
RandomForestClassifier,0.75,0.04353475570678711
HistGradientBoostingClassifier,0.7916666666666666,0.10937285423278809
GradientBoostingClassifier,0.7916666666666666,0.04018712043762207
ExtraTreesClassifier,0.7916666666666666,0.031167030334472656
AdaBoostClassifier,0.875,0.052027225494384766
XGBClassifier,0.875,0.07236909866333008
LGBMClassifier,0.8333333333333334,0.058927059173583984
CatBoostClassifier,0.7916666666666666,0.09814095497131348
RadiusNeighborsClassifier,0.5416666666666666,0.0007319450378417969
KNeighborsClassifier,0.75,0.0004210472106933594
NearestCentroid,0.7083333333333334,0.00039505958557128906
QuadraticDiscriminantAnalysis,0.6666666666666666,0.00048613548278808594
LinearDiscriminantAnalysis,0.8333333333333334,0.0006601810455322266
GaussianNB,0.7083333333333334,0.0004661083221435547
BernoulliNB,0.5416666666666666,0.0006220340728759766
MLPClassifier,0.875,0.13508296012878418
ExtraTreeClassifier,0.6666666666666666,0.0004839897155761719
DecisionTreeClassifier,0.875,0.0005681514739990234
LabelSpreading,0.75,0.0005869865417480469
LabelPropagation,0.75,0.0005002021789550781
DummyClassifier,0.5416666666666666,8.177757263183594e-05
