classifier,score,time
SVC,0.7213114754098361,0.0021309852600097656
SGDClassifier,0.7540983606557377,0.008064985275268555
RidgeClassifierCV,0.7868852459016393,0.004626274108886719
RidgeClassifier,0.7377049180327869,0.0020143985748291016
Perceptron,0.7540983606557377,0.0007860660552978516
PassiveAggressiveClassifier,0.5737704918032787,0.000823974609375
LogisticRegressionCV,0.7049180327868853,0.062316179275512695
LogisticRegression,0.7377049180327869,0.0013570785522460938
LinearSVC,0.7377049180327869,0.0007710456848144531
RandomForestClassifier,0.7540983606557377,0.09236574172973633
HistGradientBoostingClassifier,0.7213114754098361,0.35376691818237305
GradientBoostingClassifier,0.7540983606557377,0.05304121971130371
ExtraTreesClassifier,0.7049180327868853,0.036818742752075195
AdaBoostClassifier,0.6229508196721312,0.05671286582946777
XGBClassifier,0.7049180327868853,0.07177424430847168
LGBMClassifier,0.7377049180327869,0.1931300163269043
CatBoostClassifier,0.7049180327868853,0.0971839427947998
RadiusNeighborsClassifier,,
KNeighborsClassifier,0.7213114754098361,0.0004742145538330078
NearestCentroid,0.7377049180327869,0.0010728836059570312
QuadraticDiscriminantAnalysis,0.7213114754098361,0.0008487701416015625
LinearDiscriminantAnalysis,0.7704918032786885,0.0013959407806396484
GaussianNB,0.7213114754098361,0.0007257461547851562
BernoulliNB,0.7213114754098361,0.0007572174072265625
MLPClassifier,0.7049180327868853,6.899056911468506
ExtraTreeClassifier,0.7213114754098361,0.001817941665649414
DecisionTreeClassifier,0.7540983606557377,0.003818988800048828
LabelSpreading,0.7049180327868853,0.006188869476318359
LabelPropagation,0.6721311475409836,0.013007879257202148
DummyClassifier,0.3770491803278688,0.00013184547424316406
