classifier,score,time
SVC,,
SGDClassifier,,
RidgeClassifierCV,1.0,0.5483689308166504
RidgeClassifier,1.0,0.05437517166137695
Perceptron,,
PassiveAggressiveClassifier,,
LogisticRegressionCV,,
LogisticRegression,,
LinearSVC,,
RandomForestClassifier,1.0,0.1349639892578125
HistGradientBoostingClassifier,1.0,0.146820068359375
GradientBoostingClassifier,,
ExtraTreesClassifier,1.0,0.03274393081665039
AdaBoostClassifier,1.0,0.002763032913208008
XGBClassifier,,
LGBMClassifier,1.0,0.015675067901611328
CatBoostClassifier,,
RadiusNeighborsClassifier,,
KNeighborsClassifier,1.0,0.003634929656982422
NearestCentroid,,
QuadraticDiscriminantAnalysis,,
LinearDiscriminantAnalysis,1.0,0.838433027267456
GaussianNB,1.0,0.009873151779174805
BernoulliNB,1.0,0.10892224311828613
MLPClassifier,1.0,3.1490108966827393
ExtraTreeClassifier,1.0,0.001401662826538086
DecisionTreeClassifier,1.0,0.0012371540069580078
LabelSpreading,1.0,0.0639810562133789
LabelPropagation,1.0,0.05326485633850098
DummyClassifier,1.0,0.000324249267578125
