classifier,score,time
SVC,0.9701492537313433,0.0018877983093261719
SGDClassifier,0.9850746268656716,0.0008180141448974609
RidgeClassifierCV,0.9701492537313433,0.24465608596801758
RidgeClassifier,0.9701492537313433,0.023287057876586914
Perceptron,0.9850746268656716,0.0008499622344970703
PassiveAggressiveClassifier,0.9850746268656716,0.003222942352294922
LogisticRegressionCV,0.9850746268656716,0.07042217254638672
LogisticRegression,0.9850746268656716,0.0027120113372802734
LinearSVC,0.9850746268656716,0.0008690357208251953
RandomForestClassifier,0.9850746268656716,0.0821840763092041
HistGradientBoostingClassifier,1.0,0.2876930236816406
GradientBoostingClassifier,0.9850746268656716,0.06592297554016113
ExtraTreesClassifier,0.9850746268656716,0.03726482391357422
AdaBoostClassifier,1.0,0.06128096580505371
XGBClassifier,0.9701492537313433,0.04906105995178223
LGBMClassifier,1.0,0.21376633644104004
CatBoostClassifier,0.9850746268656716,0.18575000762939453
RadiusNeighborsClassifier,,
KNeighborsClassifier,0.8955223880597015,0.0056209564208984375
NearestCentroid,0.9253731343283582,0.0006248950958251953
QuadraticDiscriminantAnalysis,0.8507462686567164,0.0012640953063964844
LinearDiscriminantAnalysis,0.9701492537313433,0.10906171798706055
GaussianNB,0.9850746268656716,0.0024259090423583984
BernoulliNB,0.9701492537313433,0.002473115921020508
MLPClassifier,0.9850746268656716,0.9755809307098389
ExtraTreeClassifier,0.8805970149253731,0.0006508827209472656
DecisionTreeClassifier,0.9552238805970149,0.0008878707885742188
LabelSpreading,0.8805970149253731,0.006101131439208984
LabelPropagation,0.8805970149253731,0.0016336441040039062
DummyClassifier,0.582089552238806,9.393692016601562e-05
