classifier,score,time
SVC,,
SGDClassifier,,
RidgeClassifierCV,1.0,2.2056331634521484
RidgeClassifier,1.0,0.3552219867706299
Perceptron,,
PassiveAggressiveClassifier,,
LogisticRegressionCV,,
LogisticRegression,,
LinearSVC,,
RandomForestClassifier,1.0,0.07792472839355469
HistGradientBoostingClassifier,1.0,0.3309669494628906
GradientBoostingClassifier,,
ExtraTreesClassifier,1.0,0.0463109016418457
AdaBoostClassifier,1.0,0.025009870529174805
XGBClassifier,,
LGBMClassifier,,
CatBoostClassifier,,
RadiusNeighborsClassifier,,
KNeighborsClassifier,1.0,0.023409128189086914
NearestCentroid,,
QuadraticDiscriminantAnalysis,,
LinearDiscriminantAnalysis,1.0,9.085909843444824
GaussianNB,1.0,0.10761380195617676
BernoulliNB,1.0,0.06528830528259277
MLPClassifier,1.0,14.66847825050354
ExtraTreeClassifier,1.0,0.02000594139099121
DecisionTreeClassifier,1.0,0.026885986328125
LabelSpreading,1.0,0.21410179138183594
LabelPropagation,1.0,0.19675612449645996
DummyClassifier,1.0,0.00036716461181640625
