classifier,score,time
SVC,0.8596491228070176,0.0017461776733398438
SGDClassifier,0.7017543859649122,0.0010328292846679688
RidgeClassifierCV,0.7894736842105263,0.1409139633178711
RidgeClassifier,0.7719298245614035,0.028434276580810547
Perceptron,0.8421052631578947,0.0021250247955322266
PassiveAggressiveClassifier,0.7543859649122807,0.0015709400177001953
LogisticRegressionCV,0.7894736842105263,0.12495779991149902
LogisticRegression,0.8070175438596491,0.07175779342651367
LinearSVC,0.7719298245614035,0.0024917125701904297
RandomForestClassifier,0.7719298245614035,0.09230589866638184
HistGradientBoostingClassifier,0.7368421052631579,0.6786298751831055
GradientBoostingClassifier,0.7543859649122807,0.06280899047851562
ExtraTreesClassifier,0.7368421052631579,0.0660250186920166
AdaBoostClassifier,0.7719298245614035,0.0836179256439209
XGBClassifier,0.6666666666666666,0.10753107070922852
LGBMClassifier,0.7543859649122807,0.1858539581298828
CatBoostClassifier,0.8070175438596491,0.11484479904174805
RadiusNeighborsClassifier,,
KNeighborsClassifier,0.7894736842105263,0.0018439292907714844
NearestCentroid,0.7368421052631579,0.000701904296875
QuadraticDiscriminantAnalysis,0.3157894736842105,0.025191068649291992
LinearDiscriminantAnalysis,0.7719298245614035,0.27028608322143555
GaussianNB,0.3508771929824561,0.0019588470458984375
BernoulliNB,0.8070175438596491,0.0030319690704345703
MLPClassifier,0.5964912280701754,9.336151123046875
ExtraTreeClassifier,0.6491228070175439,0.0009949207305908203
DecisionTreeClassifier,0.6842105263157895,0.0025887489318847656
LabelSpreading,0.7543859649122807,0.009171009063720703
LabelPropagation,0.7543859649122807,0.011088132858276367
DummyClassifier,0.8245614035087719,0.00014519691467285156
