classifier,score,time
SVC,1.0,0.0007529258728027344
SGDClassifier,1.0,0.0005660057067871094
RidgeClassifierCV,1.0,0.0011789798736572266
RidgeClassifier,1.0,0.0007979869842529297
Perceptron,1.0,0.0006039142608642578
PassiveAggressiveClassifier,1.0,0.0004918575286865234
LogisticRegressionCV,1.0,0.01731276512145996
LogisticRegression,1.0,0.0008680820465087891
LinearSVC,1.0,0.0005829334259033203
RandomForestClassifier,1.0,0.03818392753601074
HistGradientBoostingClassifier,1.0,0.09984827041625977
GradientBoostingClassifier,1.0,0.021200180053710938
ExtraTreesClassifier,1.0,0.027556896209716797
AdaBoostClassifier,1.0,0.0012197494506835938
XGBClassifier,1.0,0.028217077255249023
LGBMClassifier,1.0,0.07240700721740723
CatBoostClassifier,1.0,0.10854315757751465
RadiusNeighborsClassifier,1.0,0.0006699562072753906
KNeighborsClassifier,1.0,0.0011398792266845703
NearestCentroid,1.0,0.00047278404235839844
QuadraticDiscriminantAnalysis,0.38235294117647056,0.0008919239044189453
LinearDiscriminantAnalysis,1.0,0.0008127689361572266
GaussianNB,1.0,0.000522613525390625
BernoulliNB,1.0,0.0006887912750244141
MLPClassifier,1.0,0.15211176872253418
ExtraTreeClassifier,1.0,0.0021390914916992188
DecisionTreeClassifier,1.0,0.0005061626434326172
LabelSpreading,1.0,0.0008039474487304688
LabelPropagation,1.0,0.0006108283996582031
DummyClassifier,0.6176470588235294,8.320808410644531e-05
