classifier,score,time
SVC,0.8333333333333334,0.00152587890625
SGDClassifier,0.6833333333333333,0.0010509490966796875
RidgeClassifierCV,0.8333333333333334,0.0012102127075195312
RidgeClassifier,0.8333333333333334,0.0008041858673095703
Perceptron,0.8,0.0006840229034423828
PassiveAggressiveClassifier,0.75,0.0005640983581542969
LogisticRegressionCV,0.8333333333333334,0.033371925354003906
LogisticRegression,0.8333333333333334,0.001561880111694336
LinearSVC,0.8333333333333334,0.0006878376007080078
RandomForestClassifier,0.8666666666666667,0.048752784729003906
HistGradientBoostingClassifier,0.7833333333333333,0.2470090389251709
GradientBoostingClassifier,0.8,0.05322980880737305
ExtraTreesClassifier,0.8166666666666667,0.03817915916442871
AdaBoostClassifier,0.8333333333333334,0.05528688430786133
XGBClassifier,0.7833333333333333,0.06840991973876953
LGBMClassifier,0.8166666666666667,0.1591658592224121
CatBoostClassifier,0.85,0.14617180824279785
RadiusNeighborsClassifier,0.7,0.0007770061492919922
KNeighborsClassifier,0.7333333333333333,0.00044798851013183594
NearestCentroid,0.6166666666666667,0.021238088607788086
QuadraticDiscriminantAnalysis,0.6833333333333333,0.002516031265258789
LinearDiscriminantAnalysis,0.8333333333333334,0.0039081573486328125
GaussianNB,0.7666666666666667,0.0005772113800048828
BernoulliNB,0.65,0.0007071495056152344
MLPClassifier,0.8333333333333334,0.6234650611877441
ExtraTreeClassifier,0.75,0.0011360645294189453
DecisionTreeClassifier,0.7833333333333333,0.002496004104614258
LabelSpreading,0.8,0.0038099288940429688
LabelPropagation,0.8,0.003973245620727539
DummyClassifier,0.7,0.0004990100860595703
