classifier,score,time
SVC,0.6818181818181818,0.002177000045776367
SGDClassifier,0.5909090909090909,0.0009119510650634766
RidgeClassifierCV,0.6818181818181818,0.043335914611816406
RidgeClassifier,0.6818181818181818,0.039724111557006836
Perceptron,0.6363636363636364,0.0030946731567382812
PassiveAggressiveClassifier,0.5454545454545454,0.011914968490600586
LogisticRegressionCV,0.6818181818181818,0.6857688426971436
LogisticRegression,0.6818181818181818,0.03619194030761719
LinearSVC,0.5909090909090909,0.0009729862213134766
RandomForestClassifier,0.6818181818181818,0.07606005668640137
HistGradientBoostingClassifier,0.6818181818181818,0.27992892265319824
GradientBoostingClassifier,0.6818181818181818,0.03096485137939453
ExtraTreesClassifier,0.6363636363636364,0.031857967376708984
AdaBoostClassifier,0.7272727272727273,0.05351400375366211
XGBClassifier,0.5909090909090909,0.09992504119873047
LGBMClassifier,,
CatBoostClassifier,0.6818181818181818,0.10927796363830566
RadiusNeighborsClassifier,,
KNeighborsClassifier,0.7272727272727273,0.0007050037384033203
NearestCentroid,0.6818181818181818,0.0006990432739257812
QuadraticDiscriminantAnalysis,0.36363636363636365,0.0323338508605957
LinearDiscriminantAnalysis,0.6818181818181818,0.07995915412902832
GaussianNB,0.2727272727272727,0.0007610321044921875
BernoulliNB,0.6818181818181818,0.0008590221405029297
MLPClassifier,0.5909090909090909,1.7513463497161865
ExtraTreeClassifier,0.6818181818181818,0.0017910003662109375
DecisionTreeClassifier,0.6818181818181818,0.0009207725524902344
LabelSpreading,0.6818181818181818,0.017951011657714844
LabelPropagation,0.6818181818181818,0.008967161178588867
DummyClassifier,0.6818181818181818,0.00010609626770019531
