classifier,score,time
SVC,0.9875776397515528,0.15161800384521484
SGDClassifier,0.9813664596273292,0.037657976150512695
RidgeClassifierCV,0.9937888198757764,0.5625128746032715
RidgeClassifier,0.9937888198757764,0.4853098392486572
Perceptron,0.9875776397515528,0.060002803802490234
PassiveAggressiveClassifier,0.9937888198757764,0.12431907653808594
LogisticRegressionCV,0.9937888198757764,1.9816880226135254
LogisticRegression,0.9875776397515528,0.12879323959350586
LinearSVC,0.9937888198757764,0.03554129600524902
RandomForestClassifier,0.9751552795031055,0.1801009178161621
HistGradientBoostingClassifier,1.0,4.107830047607422
GradientBoostingClassifier,0.9937888198757764,0.7375140190124512
ExtraTreesClassifier,0.9875776397515528,0.10083198547363281
AdaBoostClassifier,1.0,0.6262588500976562
XGBClassifier,,
LGBMClassifier,,
CatBoostClassifier,1.0,0.4188232421875
RadiusNeighborsClassifier,,
KNeighborsClassifier,0.937888198757764,0.011325359344482422
NearestCentroid,0.9875776397515528,0.011374950408935547
QuadraticDiscriminantAnalysis,0.6894409937888198,2.592210054397583
LinearDiscriminantAnalysis,0.9440993788819876,2.257894992828369
GaussianNB,0.9254658385093167,0.10181283950805664
BernoulliNB,0.8944099378881988,0.05146288871765137
MLPClassifier,0.9875776397515528,9.251552104949951
ExtraTreeClassifier,0.9316770186335404,0.014312982559204102
DecisionTreeClassifier,1.0,0.029662132263183594
LabelSpreading,0.937888198757764,0.07641005516052246
LabelPropagation,0.937888198757764,0.05823016166687012
DummyClassifier,0.8944099378881988,0.00030303001403808594
