classifier,score,time
SVC,0.98,0.12551403045654297
SGDClassifier,0.9925,0.08221697807312012
RidgeClassifierCV,0.9875,2.8659348487854004
RidgeClassifier,0.99,0.5557999610900879
Perceptron,0.9925,0.13615202903747559
PassiveAggressiveClassifier,0.9925,0.22165894508361816
LogisticRegressionCV,0.9925,3.3097219467163086
LogisticRegression,0.9925,0.23262381553649902
LinearSVC,0.9925,0.05892300605773926
RandomForestClassifier,0.9675,0.24141979217529297
HistGradientBoostingClassifier,0.9925,4.653628826141357
GradientBoostingClassifier,0.9925,2.6155920028686523
ExtraTreesClassifier,0.975,0.1343228816986084
AdaBoostClassifier,0.99,1.4845507144927979
XGBClassifier,0.9925,0.6578369140625
LGBMClassifier,0.9925,0.45092177391052246
CatBoostClassifier,0.9925,0.4853389263153076
RadiusNeighborsClassifier,,
KNeighborsClassifier,0.985,0.014338016510009766
NearestCentroid,0.895,0.015586137771606445
QuadraticDiscriminantAnalysis,0.9375,13.169839859008789
LinearDiscriminantAnalysis,0.975,8.275001049041748
GaussianNB,0.96,0.15591025352478027
BernoulliNB,0.965,0.05156683921813965
MLPClassifier,0.9925,22.175281047821045
ExtraTreeClassifier,0.965,0.015852928161621094
DecisionTreeClassifier,0.99,0.05954718589782715
LabelSpreading,0.9875,0.169464111328125
LabelPropagation,0.9875,0.15973496437072754
DummyClassifier,0.965,0.0010807514190673828
