classifier,score,time
SVC,0.85,0.0015239715576171875
SGDClassifier,0.8333333333333334,0.0009610652923583984
RidgeClassifierCV,0.8833333333333333,0.005861043930053711
RidgeClassifier,0.8833333333333333,0.003759145736694336
Perceptron,0.8666666666666667,0.0010991096496582031
PassiveAggressiveClassifier,0.8166666666666667,0.0005850791931152344
LogisticRegressionCV,0.8666666666666667,0.06850314140319824
LogisticRegression,0.8833333333333333,0.0014579296112060547
LinearSVC,0.8666666666666667,0.0006799697875976562
RandomForestClassifier,0.8833333333333333,0.050939083099365234
HistGradientBoostingClassifier,0.8666666666666667,0.3489351272583008
GradientBoostingClassifier,0.8833333333333333,0.05361199378967285
ExtraTreesClassifier,0.8666666666666667,0.04026603698730469
AdaBoostClassifier,0.8833333333333333,0.05744791030883789
XGBClassifier,0.8833333333333333,0.08295798301696777
LGBMClassifier,0.8833333333333333,0.1365342140197754
CatBoostClassifier,0.9166666666666666,0.09120011329650879
RadiusNeighborsClassifier,,
KNeighborsClassifier,0.7833333333333333,0.00047397613525390625
NearestCentroid,0.7,0.00048089027404785156
QuadraticDiscriminantAnalysis,0.7333333333333333,0.000637054443359375
LinearDiscriminantAnalysis,0.8833333333333333,0.0009860992431640625
GaussianNB,0.8166666666666667,0.0005440711975097656
BernoulliNB,0.7,0.0006682872772216797
MLPClassifier,0.8333333333333334,8.60994815826416
ExtraTreeClassifier,0.8166666666666667,0.0018460750579833984
DecisionTreeClassifier,0.9166666666666666,0.005633831024169922
LabelSpreading,0.8,0.0045719146728515625
LabelPropagation,0.8,0.00916910171508789
DummyClassifier,0.7666666666666667,0.00010800361633300781
