classifier,score,time
SVC,0.0,0.0006070137023925781
SGDClassifier,0.0,0.000518798828125
RidgeClassifierCV,0.0,0.0009989738464355469
RidgeClassifier,0.0,0.000759124755859375
Perceptron,0.0,0.0005249977111816406
PassiveAggressiveClassifier,0.0,0.0004029273986816406
LogisticRegressionCV,,
LogisticRegression,0.0,0.0012409687042236328
LinearSVC,0.0,0.00041174888610839844
RandomForestClassifier,0.0,0.0378718376159668
HistGradientBoostingClassifier,0.0,0.0485990047454834
GradientBoostingClassifier,0.0,0.015864133834838867
ExtraTreesClassifier,0.0,0.026954174041748047
AdaBoostClassifier,0.0,0.0011000633239746094
XGBClassifier,0.0,0.06327414512634277
LGBMClassifier,0.0,0.007838964462280273
CatBoostClassifier,0.0,0.06621885299682617
RadiusNeighborsClassifier,,
KNeighborsClassifier,,
NearestCentroid,0.0,0.0003619194030761719
QuadraticDiscriminantAnalysis,,
LinearDiscriminantAnalysis,0.0,0.0007040500640869141
GaussianNB,0.0,0.0004668235778808594
BernoulliNB,0.0,0.0006201267242431641
MLPClassifier,0.0,0.10974311828613281
ExtraTreeClassifier,0.0,0.0005612373352050781
DecisionTreeClassifier,0.0,0.0004029273986816406
LabelSpreading,0.0,0.0005090236663818359
LabelPropagation,0.0,0.0013608932495117188
DummyClassifier,0.0,0.00010514259338378906
