classifier,score,time
SVC,0.7704918032786885,0.002802133560180664
SGDClassifier,0.8032786885245902,0.0011107921600341797
RidgeClassifierCV,0.8032786885245902,0.0022780895233154297
RidgeClassifier,0.8360655737704918,0.001154184341430664
Perceptron,0.7704918032786885,0.0007688999176025391
PassiveAggressiveClassifier,0.8688524590163934,0.0009899139404296875
LogisticRegressionCV,0.819672131147541,0.05176806449890137
LogisticRegression,0.8032786885245902,0.0014872550964355469
LinearSVC,0.8360655737704918,0.0007998943328857422
RandomForestClassifier,0.7868852459016393,0.04728293418884277
HistGradientBoostingClassifier,0.7868852459016393,0.2678639888763428
GradientBoostingClassifier,0.7540983606557377,0.052958011627197266
ExtraTreesClassifier,0.7704918032786885,0.035536766052246094
AdaBoostClassifier,0.8032786885245902,0.05704021453857422
XGBClassifier,0.8032786885245902,0.0789022445678711
LGBMClassifier,0.7704918032786885,0.21102428436279297
CatBoostClassifier,0.7868852459016393,0.10471510887145996
RadiusNeighborsClassifier,,
KNeighborsClassifier,0.7704918032786885,0.0004909038543701172
NearestCentroid,0.7377049180327869,0.0005397796630859375
QuadraticDiscriminantAnalysis,0.6721311475409836,0.0027048587799072266
LinearDiscriminantAnalysis,0.8360655737704918,0.0009951591491699219
GaussianNB,0.6721311475409836,0.0005521774291992188
BernoulliNB,0.7704918032786885,0.0008158683776855469
MLPClassifier,0.7540983606557377,6.25648307800293
ExtraTreeClassifier,0.7049180327868853,0.0016150474548339844
DecisionTreeClassifier,0.7049180327868853,0.0020449161529541016
LabelSpreading,0.7540983606557377,0.0017459392547607422
LabelPropagation,0.7540983606557377,0.009947776794433594
DummyClassifier,0.7049180327868853,0.00010180473327636719
