classifier,score,time
SVC,,
SGDClassifier,,
RidgeClassifierCV,1.0,0.03280997276306152
RidgeClassifier,1.0,0.0026323795318603516
Perceptron,,
PassiveAggressiveClassifier,,
LogisticRegressionCV,,
LogisticRegression,,
LinearSVC,,
RandomForestClassifier,1.0,0.10986709594726562
HistGradientBoostingClassifier,1.0,0.049189090728759766
GradientBoostingClassifier,,
ExtraTreesClassifier,1.0,0.02782917022705078
AdaBoostClassifier,1.0,0.0011970996856689453
XGBClassifier,1.0,0.03082108497619629
LGBMClassifier,1.0,0.004212141036987305
CatBoostClassifier,,
RadiusNeighborsClassifier,,
KNeighborsClassifier,1.0,0.0005128383636474609
NearestCentroid,,
QuadraticDiscriminantAnalysis,,
LinearDiscriminantAnalysis,1.0,0.0028390884399414062
GaussianNB,1.0,0.0005707740783691406
BernoulliNB,1.0,0.020502090454101562
MLPClassifier,1.0,0.34450697898864746
ExtraTreeClassifier,1.0,0.0005502700805664062
DecisionTreeClassifier,1.0,0.00046896934509277344
LabelSpreading,1.0,0.011540889739990234
LabelPropagation,1.0,0.007977962493896484
DummyClassifier,1.0,9.584426879882812e-05
