classifier,score,time
SVC,,
SGDClassifier,,
RidgeClassifierCV,1.0,0.0014460086822509766
RidgeClassifier,1.0,0.0009138584136962891
Perceptron,,
PassiveAggressiveClassifier,,
LogisticRegressionCV,,
LogisticRegression,,
LinearSVC,,
RandomForestClassifier,1.0,0.12479209899902344
HistGradientBoostingClassifier,1.0,0.042044878005981445
GradientBoostingClassifier,,
ExtraTreesClassifier,1.0,0.04585385322570801
AdaBoostClassifier,1.0,0.0014657974243164062
XGBClassifier,,
LGBMClassifier,1.0,0.004361152648925781
CatBoostClassifier,,
RadiusNeighborsClassifier,1.0,0.0016062259674072266
KNeighborsClassifier,1.0,0.001422882080078125
NearestCentroid,,
QuadraticDiscriminantAnalysis,,
LinearDiscriminantAnalysis,1.0,0.0009076595306396484
GaussianNB,1.0,0.0006620883941650391
BernoulliNB,1.0,0.0006248950958251953
MLPClassifier,1.0,0.6651508808135986
ExtraTreeClassifier,1.0,0.0007879734039306641
DecisionTreeClassifier,1.0,0.0006930828094482422
LabelSpreading,1.0,1.0013999938964844
LabelPropagation,1.0,0.5133111476898193
DummyClassifier,1.0,0.0011172294616699219
