classifier,score,time
SVC,0.795,153.14744782447815
SGDClassifier,0.8025,0.5958080291748047
RidgeClassifierCV,0.805,5.30505108833313
RidgeClassifier,0.8025,1.4876763820648193
Perceptron,0.8075,0.6183111667633057
PassiveAggressiveClassifier,0.8075,0.977675199508667
LogisticRegressionCV,0.8025,87.78843998908997
LogisticRegression,0.795,7.661678075790405
LinearSVC,0.8075,0.35808706283569336
RandomForestClassifier,0.8,3.175585985183716
HistGradientBoostingClassifier,0.7775,38.58732080459595
GradientBoostingClassifier,0.805,12.1478271484375
ExtraTreesClassifier,0.8025,5.686625719070435
AdaBoostClassifier,0.7975,6.7693140506744385
XGBClassifier,,
LGBMClassifier,,
CatBoostClassifier,0.805,1.2294840812683105
RadiusNeighborsClassifier,,
KNeighborsClassifier,0.7875,0.32556915283203125
NearestCentroid,0.7425,0.3307318687438965
QuadraticDiscriminantAnalysis,0.3475,42.9484441280365
LinearDiscriminantAnalysis,0.795,31.18461012840271
GaussianNB,0.3175,0.414722204208374
BernoulliNB,0.795,0.28043317794799805
MLPClassifier,0.8175,100.5056619644165
ExtraTreeClassifier,0.7975,0.2766399383544922
DecisionTreeClassifier,0.775,1.6775360107421875
LabelSpreading,0.825,1.0843188762664795
LabelPropagation,0.825,0.9006879329681396
DummyClassifier,0.795,0.023099899291992188
