classifier,score,time
SVC,,
SGDClassifier,,
RidgeClassifierCV,1.0,0.0015492439270019531
RidgeClassifier,1.0,0.000972747802734375
Perceptron,,
PassiveAggressiveClassifier,,
LogisticRegressionCV,,
LogisticRegression,,
LinearSVC,,
RandomForestClassifier,1.0,0.10898399353027344
HistGradientBoostingClassifier,1.0,0.039964914321899414
GradientBoostingClassifier,,
ExtraTreesClassifier,1.0,0.0457000732421875
AdaBoostClassifier,1.0,0.001669168472290039
XGBClassifier,,
LGBMClassifier,1.0,0.004568815231323242
CatBoostClassifier,,
RadiusNeighborsClassifier,1.0,0.0015301704406738281
KNeighborsClassifier,1.0,0.0014660358428955078
NearestCentroid,,
QuadraticDiscriminantAnalysis,,
LinearDiscriminantAnalysis,1.0,0.001631021499633789
GaussianNB,1.0,0.0009348392486572266
BernoulliNB,1.0,0.0016796588897705078
MLPClassifier,1.0,0.6279568672180176
ExtraTreeClassifier,1.0,0.0006449222564697266
DecisionTreeClassifier,1.0,0.0005390644073486328
LabelSpreading,1.0,0.8248372077941895
LabelPropagation,1.0,0.4953019618988037
DummyClassifier,1.0,0.0006339550018310547
