classifier,score,time
SVC,0.9285714285714286,0.0052411556243896484
SGDClassifier,0.7857142857142857,0.0012159347534179688
RidgeClassifierCV,0.8571428571428571,0.0045070648193359375
RidgeClassifier,0.7142857142857143,0.01258087158203125
Perceptron,0.7857142857142857,0.0012531280517578125
PassiveAggressiveClassifier,0.8571428571428571,0.0013391971588134766
LogisticRegressionCV,0.8571428571428571,0.06934189796447754
LogisticRegression,0.9285714285714286,0.009537220001220703
LinearSVC,0.8571428571428571,0.0011429786682128906
RandomForestClassifier,0.8571428571428571,0.1010739803314209
HistGradientBoostingClassifier,0.7142857142857143,0.28020596504211426
GradientBoostingClassifier,0.8571428571428571,0.04797697067260742
ExtraTreesClassifier,0.9285714285714286,0.042192935943603516
AdaBoostClassifier,0.7857142857142857,0.07504105567932129
XGBClassifier,0.7857142857142857,0.0877079963684082
LGBMClassifier,0.7142857142857143,0.044137001037597656
CatBoostClassifier,0.8571428571428571,0.08602523803710938
RadiusNeighborsClassifier,,
KNeighborsClassifier,0.7857142857142857,0.0012021064758300781
NearestCentroid,0.7142857142857143,0.0011458396911621094
QuadraticDiscriminantAnalysis,0.6428571428571429,0.007224082946777344
LinearDiscriminantAnalysis,0.7857142857142857,0.3150811195373535
GaussianNB,0.8571428571428571,0.0025899410247802734
BernoulliNB,0.7857142857142857,0.0027818679809570312
MLPClassifier,0.8571428571428571,1.1690700054168701
ExtraTreeClassifier,0.5714285714285714,0.002927064895629883
DecisionTreeClassifier,0.7142857142857143,0.001477956771850586
LabelSpreading,0.8571428571428571,0.0013530254364013672
LabelPropagation,0.8571428571428571,0.008194208145141602
DummyClassifier,0.7857142857142857,0.00033926963806152344
