classifier,score,time
SVC,0.0,0.0005009174346923828
SGDClassifier,0.0,0.0005030632019042969
RidgeClassifierCV,0.0,0.0015110969543457031
RidgeClassifier,0.0,0.0007550716400146484
Perceptron,1.0,0.0005638599395751953
PassiveAggressiveClassifier,1.0,0.0004220008850097656
LogisticRegressionCV,,
LogisticRegression,0.0,0.0007860660552978516
LinearSVC,0.0,0.00040984153747558594
RandomForestClassifier,0.0,0.06763219833374023
HistGradientBoostingClassifier,0.0,0.18545794486999512
GradientBoostingClassifier,0.0,0.015779972076416016
ExtraTreesClassifier,0.0,0.027161121368408203
AdaBoostClassifier,0.0,0.0009150505065917969
XGBClassifier,0.0,0.030059814453125
LGBMClassifier,0.0,0.00633692741394043
CatBoostClassifier,0.0,0.006669044494628906
RadiusNeighborsClassifier,,
KNeighborsClassifier,,
NearestCentroid,0.0,0.0004031658172607422
QuadraticDiscriminantAnalysis,,
LinearDiscriminantAnalysis,0.0,0.0005729198455810547
GaussianNB,0.0,0.0004401206970214844
BernoulliNB,0.0,0.0007700920104980469
MLPClassifier,0.0,0.028994083404541016
ExtraTreeClassifier,0.0,0.0004830360412597656
DecisionTreeClassifier,0.0,0.0003871917724609375
LabelSpreading,0.0,0.0004761219024658203
LabelPropagation,0.0,0.0011589527130126953
DummyClassifier,0.0,0.00010180473327636719
