classifier,score,time
SVC,0.9560975609756097,0.027898073196411133
SGDClassifier,0.8682926829268293,0.001980304718017578
RidgeClassifierCV,0.8780487804878049,0.3399238586425781
RidgeClassifier,0.8780487804878049,0.02717280387878418
Perceptron,0.848780487804878,0.004152059555053711
PassiveAggressiveClassifier,0.7414634146341463,0.0035300254821777344
LogisticRegressionCV,0.8731707317073171,0.6744880676269531
LogisticRegression,0.8780487804878049,0.0023958683013916016
LinearSVC,0.8731707317073171,0.0016140937805175781
RandomForestClassifier,1.0,0.12271595001220703
HistGradientBoostingClassifier,1.0,1.0144858360290527
GradientBoostingClassifier,0.9951219512195122,0.09868597984313965
ExtraTreesClassifier,1.0,0.051338911056518555
AdaBoostClassifier,0.9414634146341463,0.08190727233886719
XGBClassifier,1.0,0.08390688896179199
LGBMClassifier,1.0,0.40973496437072754
CatBoostClassifier,1.0,0.11093306541442871
RadiusNeighborsClassifier,0.9219512195121952,0.0006961822509765625
KNeighborsClassifier,0.8926829268292683,0.0005927085876464844
NearestCentroid,0.848780487804878,0.000614166259765625
QuadraticDiscriminantAnalysis,0.8390243902439024,0.03222298622131348
LinearDiscriminantAnalysis,0.8780487804878049,0.28460025787353516
GaussianNB,0.8341463414634146,0.0008270740509033203
BernoulliNB,0.8536585365853658,0.0008640289306640625
MLPClassifier,0.9951219512195122,15.048887014389038
ExtraTreeClassifier,1.0,0.0008032321929931641
DecisionTreeClassifier,1.0,0.004119157791137695
LabelSpreading,0.9951219512195122,0.03637409210205078
LabelPropagation,0.9951219512195122,0.020677804946899414
DummyClassifier,0.4585365853658537,0.00014710426330566406
