classifier,score,time
SVC,0.9121951219512195,0.01810312271118164
SGDClassifier,0.8975609756097561,0.005688190460205078
RidgeClassifierCV,0.9024390243902439,0.14571905136108398
RidgeClassifier,0.9024390243902439,0.03555107116699219
Perceptron,0.8634146341463415,0.003175973892211914
PassiveAggressiveClassifier,0.8878048780487805,0.0029740333557128906
LogisticRegressionCV,0.8878048780487805,0.8773229122161865
LogisticRegression,0.8634146341463415,0.04787278175354004
LinearSVC,0.8780487804878049,0.006036043167114258
RandomForestClassifier,1.0,0.22115516662597656
HistGradientBoostingClassifier,1.0,2.03153395652771
GradientBoostingClassifier,0.9902439024390244,0.28747987747192383
ExtraTreesClassifier,1.0,0.10956311225891113
AdaBoostClassifier,0.8829268292682927,0.1448519229888916
XGBClassifier,1.0,0.10162186622619629
LGBMClassifier,1.0,0.6427350044250488
CatBoostClassifier,1.0,0.20020604133605957
RadiusNeighborsClassifier,,
KNeighborsClassifier,0.8780487804878049,0.001100778579711914
NearestCentroid,0.8439024390243902,0.0021333694458007812
QuadraticDiscriminantAnalysis,0.8,0.05922698974609375
LinearDiscriminantAnalysis,0.9024390243902439,0.2750818729400635
GaussianNB,0.8585365853658536,0.0013239383697509766
BernoulliNB,0.8585365853658536,0.001650094985961914
MLPClassifier,0.9853658536585366,17.48735809326172
ExtraTreeClassifier,1.0,0.00671696662902832
DecisionTreeClassifier,1.0,0.004224061965942383
LabelSpreading,0.9902439024390244,0.05418801307678223
LabelPropagation,1.0,0.023433923721313477
DummyClassifier,0.5414634146341464,0.00047707557678222656
