classifier,score,time
SVC,0.8837209302325582,0.001068115234375
SGDClassifier,0.8604651162790697,0.000820159912109375
RidgeClassifierCV,0.8604651162790697,0.0013871192932128906
RidgeClassifier,0.8604651162790697,0.0009288787841796875
Perceptron,0.8372093023255814,0.0007321834564208984
PassiveAggressiveClassifier,0.9069767441860465,0.0007598400115966797
LogisticRegressionCV,0.8837209302325582,0.037215232849121094
LogisticRegression,0.8837209302325582,0.0012121200561523438
LinearSVC,0.8837209302325582,0.0006787776947021484
RandomForestClassifier,0.8837209302325582,0.04254317283630371
HistGradientBoostingClassifier,0.9069767441860465,0.15340399742126465
GradientBoostingClassifier,0.8837209302325582,0.04004096984863281
ExtraTreesClassifier,0.8837209302325582,0.03266000747680664
AdaBoostClassifier,0.9302325581395349,0.05086708068847656
XGBClassifier,0.8837209302325582,0.0726478099822998
LGBMClassifier,0.9302325581395349,0.10843491554260254
CatBoostClassifier,0.8837209302325582,0.14447999000549316
RadiusNeighborsClassifier,,
KNeighborsClassifier,0.8372093023255814,0.0015139579772949219
NearestCentroid,0.8837209302325582,0.0005278587341308594
QuadraticDiscriminantAnalysis,0.8604651162790697,0.0011148452758789062
LinearDiscriminantAnalysis,0.8604651162790697,0.0010521411895751953
GaussianNB,0.8604651162790697,0.0005638599395751953
BernoulliNB,0.8837209302325582,0.0007512569427490234
MLPClassifier,0.9069767441860465,0.3152329921722412
ExtraTreeClassifier,0.8604651162790697,0.001583099365234375
DecisionTreeClassifier,0.9069767441860465,0.0019299983978271484
LabelSpreading,0.8372093023255814,0.0012700557708740234
LabelPropagation,0.8372093023255814,0.0007190704345703125
DummyClassifier,0.46511627906976744,8.487701416015625e-05
