classifier,score,time
SVC,0.9865,0.23447394371032715
SGDClassifier,0.9865,0.006489992141723633
RidgeClassifierCV,0.9865,0.3328261375427246
RidgeClassifier,0.9865,0.02241802215576172
Perceptron,0.9865,0.0030400753021240234
PassiveAggressiveClassifier,0.9865,0.007685184478759766
LogisticRegressionCV,0.9865,0.22655296325683594
LogisticRegression,0.9865,0.018314123153686523
LinearSVC,0.9865,0.008669853210449219
RandomForestClassifier,0.9865,0.4183077812194824
HistGradientBoostingClassifier,0.9865,0.8190720081329346
GradientBoostingClassifier,0.986,0.8603551387786865
ExtraTreesClassifier,0.986,0.21457791328430176
AdaBoostClassifier,0.986,0.38090991973876953
XGBClassifier,0.986,0.07834696769714355
LGBMClassifier,0.9855,0.4095900058746338
CatBoostClassifier,0.986,0.27965688705444336
RadiusNeighborsClassifier,,
KNeighborsClassifier,0.9865,0.0011870861053466797
NearestCentroid,0.605,0.001262664794921875
QuadraticDiscriminantAnalysis,0.9865,0.00763392448425293
LinearDiscriminantAnalysis,0.9865,0.16596484184265137
GaussianNB,0.168,0.0050771236419677734
BernoulliNB,0.9705,0.23212480545043945
MLPClassifier,0.9865,3.622959852218628
ExtraTreeClassifier,0.9735,0.0029273033142089844
DecisionTreeClassifier,0.968,0.032611846923828125
LabelSpreading,0.9825,1.0516910552978516
LabelPropagation,0.9825,0.5697221755981445
DummyClassifier,0.9865,0.0003960132598876953
