classifier,score,time
SVC,0.9925,0.0043048858642578125
SGDClassifier,0.9925,0.0019621849060058594
RidgeClassifierCV,0.9925,0.5007822513580322
RidgeClassifier,0.9925,0.010254859924316406
Perceptron,0.9925,0.011632919311523438
PassiveAggressiveClassifier,0.955,0.008026838302612305
LogisticRegressionCV,0.9925,0.6899728775024414
LogisticRegression,0.9925,0.06542205810546875
LinearSVC,0.9925,0.003949880599975586
RandomForestClassifier,0.9925,0.09467005729675293
HistGradientBoostingClassifier,0.9925,1.2610299587249756
GradientBoostingClassifier,0.9925,0.10634899139404297
ExtraTreesClassifier,0.995,0.04940676689147949
AdaBoostClassifier,0.985,0.0884697437286377
XGBClassifier,0.99,0.14345097541809082
LGBMClassifier,0.995,0.39122986793518066
CatBoostClassifier,0.995,0.13467907905578613
RadiusNeighborsClassifier,,
KNeighborsClassifier,0.9925,0.0007967948913574219
NearestCentroid,0.945,0.0008099079132080078
QuadraticDiscriminantAnalysis,0.99,0.01337122917175293
LinearDiscriminantAnalysis,0.9825,0.19378185272216797
GaussianNB,0.11,0.0015780925750732422
BernoulliNB,0.9825,0.004671812057495117
MLPClassifier,0.995,8.966854810714722
ExtraTreeClassifier,0.995,0.0009028911590576172
DecisionTreeClassifier,0.995,0.001486063003540039
LabelSpreading,0.995,0.0874013900756836
LabelPropagation,0.995,0.04661417007446289
DummyClassifier,0.9925,0.000164031982421875
