classifier,score,time
SVC,0.9166666666666666,0.0009951591491699219
SGDClassifier,0.8833333333333333,0.0008778572082519531
RidgeClassifierCV,0.9166666666666666,0.0013670921325683594
RidgeClassifier,0.9166666666666666,0.0008530616760253906
Perceptron,0.95,0.0007181167602539062
PassiveAggressiveClassifier,0.9333333333333333,0.0006792545318603516
LogisticRegressionCV,0.9166666666666666,0.03816699981689453
LogisticRegression,0.9333333333333333,0.0014619827270507812
LinearSVC,0.9333333333333333,0.0007758140563964844
RandomForestClassifier,0.9166666666666666,0.04798007011413574
HistGradientBoostingClassifier,0.9333333333333333,0.26912999153137207
GradientBoostingClassifier,0.9166666666666666,0.052217960357666016
ExtraTreesClassifier,0.9166666666666666,0.032766103744506836
AdaBoostClassifier,0.8833333333333333,0.05555891990661621
XGBClassifier,0.9333333333333333,0.06124377250671387
LGBMClassifier,0.9166666666666666,0.21645426750183105
CatBoostClassifier,0.9,0.16103506088256836
RadiusNeighborsClassifier,,
KNeighborsClassifier,0.9166666666666666,0.0014750957489013672
NearestCentroid,0.8166666666666667,0.0005729198455810547
QuadraticDiscriminantAnalysis,0.9166666666666666,0.0010528564453125
LinearDiscriminantAnalysis,0.9166666666666666,0.0010368824005126953
GaussianNB,0.43333333333333335,0.0005629062652587891
BernoulliNB,0.9166666666666666,0.0007512569427490234
MLPClassifier,0.9333333333333333,0.8633022308349609
ExtraTreeClassifier,0.95,0.0006000995635986328
DecisionTreeClassifier,0.9,0.0007920265197753906
LabelSpreading,0.9166666666666666,0.002953052520751953
LabelPropagation,0.9166666666666666,0.002977132797241211
DummyClassifier,0.9166666666666666,0.0001239776611328125
