classifier,score,time
SVC,,
SGDClassifier,,
RidgeClassifierCV,1.0,0.5404689311981201
RidgeClassifier,1.0,0.038655996322631836
Perceptron,,
PassiveAggressiveClassifier,,
LogisticRegressionCV,,
LogisticRegression,,
LinearSVC,,
RandomForestClassifier,1.0,0.16253113746643066
HistGradientBoostingClassifier,1.0,0.3062000274658203
GradientBoostingClassifier,,
ExtraTreesClassifier,1.0,0.11441588401794434
AdaBoostClassifier,1.0,0.015399932861328125
XGBClassifier,,
LGBMClassifier,,
CatBoostClassifier,,
RadiusNeighborsClassifier,,
KNeighborsClassifier,1.0,0.017516136169433594
NearestCentroid,,
QuadraticDiscriminantAnalysis,,
LinearDiscriminantAnalysis,1.0,0.6669039726257324
GaussianNB,1.0,0.04754900932312012
BernoulliNB,1.0,0.050537109375
MLPClassifier,1.0,1.8448429107666016
ExtraTreeClassifier,1.0,0.01532888412475586
DecisionTreeClassifier,1.0,0.016658306121826172
LabelSpreading,1.0,0.03635406494140625
LabelPropagation,1.0,0.025686979293823242
DummyClassifier,1.0,0.0009601116180419922
