classifier,score,time
SVC,0.9219512195121952,0.02147507667541504
SGDClassifier,0.824390243902439,0.0026450157165527344
RidgeClassifierCV,0.8292682926829268,0.36362195014953613
RidgeClassifier,0.8292682926829268,0.002942323684692383
Perceptron,0.7853658536585366,0.0011792182922363281
PassiveAggressiveClassifier,0.8097560975609757,0.0012829303741455078
LogisticRegressionCV,0.8195121951219512,0.5410647392272949
LogisticRegression,0.8390243902439024,0.0877680778503418
LinearSVC,0.8146341463414634,0.0016188621520996094
RandomForestClassifier,1.0,0.10653996467590332
HistGradientBoostingClassifier,1.0,1.0266637802124023
GradientBoostingClassifier,0.9609756097560975,0.09622716903686523
ExtraTreesClassifier,1.0,0.04987597465515137
AdaBoostClassifier,0.9024390243902439,0.07639217376708984
XGBClassifier,1.0,0.13254928588867188
LGBMClassifier,1.0,0.35842204093933105
CatBoostClassifier,1.0,0.1065070629119873
RadiusNeighborsClassifier,,
KNeighborsClassifier,0.8634146341463415,0.0006051063537597656
NearestCentroid,0.8146341463414634,0.0006139278411865234
QuadraticDiscriminantAnalysis,0.7804878048780488,0.04779386520385742
LinearDiscriminantAnalysis,0.8292682926829268,0.26868414878845215
GaussianNB,0.8146341463414634,0.005476951599121094
BernoulliNB,0.824390243902439,0.0009250640869140625
MLPClassifier,0.9804878048780488,13.462118148803711
ExtraTreeClassifier,0.9853658536585366,0.003039121627807617
DecisionTreeClassifier,1.0,0.0032782554626464844
LabelSpreading,0.9853658536585366,0.023252010345458984
LabelPropagation,0.9853658536585366,0.017312049865722656
DummyClassifier,0.5073170731707317,0.0005178451538085938
