classifier,score,time
SVC,0.8260869565217391,0.0005788803100585938
SGDClassifier,0.8695652173913043,0.0005249977111816406
RidgeClassifierCV,0.9130434782608695,0.0009191036224365234
RidgeClassifier,0.8260869565217391,0.0007448196411132812
Perceptron,1.0,0.0006110668182373047
PassiveAggressiveClassifier,0.9130434782608695,0.005347013473510742
LogisticRegressionCV,1.0,0.062487125396728516
LogisticRegression,0.8695652173913043,0.0018990039825439453
LinearSVC,1.0,0.0005209445953369141
RandomForestClassifier,0.9565217391304348,0.06848692893981934
HistGradientBoostingClassifier,0.8695652173913043,0.13265776634216309
GradientBoostingClassifier,0.9565217391304348,0.028921842575073242
ExtraTreesClassifier,0.9565217391304348,0.028965234756469727
AdaBoostClassifier,1.0,0.04643678665161133
XGBClassifier,1.0,0.061070919036865234
LGBMClassifier,,
CatBoostClassifier,1.0,0.07907390594482422
RadiusNeighborsClassifier,0.8260869565217391,0.0006740093231201172
KNeighborsClassifier,0.8260869565217391,0.0004429817199707031
NearestCentroid,0.9565217391304348,0.0003972053527832031
QuadraticDiscriminantAnalysis,0.782608695652174,0.0005009174346923828
LinearDiscriminantAnalysis,0.9565217391304348,0.0007240772247314453
GaussianNB,0.7391304347826086,0.00047898292541503906
BernoulliNB,0.8260869565217391,0.0006012916564941406
MLPClassifier,1.0,0.09058785438537598
ExtraTreeClassifier,0.9130434782608695,0.0005428791046142578
DecisionTreeClassifier,1.0,0.0004909038543701172
LabelSpreading,0.9130434782608695,0.0005908012390136719
LabelPropagation,0.9130434782608695,0.001107931137084961
DummyClassifier,0.782608695652174,8.916854858398438e-05
