classifier,score,time
SVC,0.9785714285714285,0.0049860477447509766
SGDClassifier,0.9428571428571428,0.0017311573028564453
RidgeClassifierCV,0.9571428571428572,0.46394872665405273
RidgeClassifier,0.9642857142857143,0.049855947494506836
Perceptron,0.9428571428571428,0.004648923873901367
PassiveAggressiveClassifier,0.9428571428571428,0.0074999332427978516
LogisticRegressionCV,0.9571428571428572,0.07550168037414551
LogisticRegression,0.9642857142857143,0.00215911865234375
LinearSVC,0.9571428571428572,0.0011370182037353516
RandomForestClassifier,0.9714285714285714,0.12855815887451172
HistGradientBoostingClassifier,0.9571428571428572,0.4624490737915039
GradientBoostingClassifier,0.9642857142857143,0.1849379539489746
ExtraTreesClassifier,0.9785714285714285,0.04502105712890625
AdaBoostClassifier,0.9642857142857143,0.07135295867919922
XGBClassifier,0.95,0.051262855529785156
LGBMClassifier,0.9571428571428572,0.337630033493042
CatBoostClassifier,0.9642857142857143,0.11897492408752441
RadiusNeighborsClassifier,,
KNeighborsClassifier,0.95,0.0017311573028564453
NearestCentroid,0.9785714285714285,0.0007650852203369141
QuadraticDiscriminantAnalysis,0.9857142857142858,0.004519224166870117
LinearDiscriminantAnalysis,0.9642857142857143,0.2744009494781494
GaussianNB,0.9642857142857143,0.0009322166442871094
BernoulliNB,0.9785714285714285,0.0010628700256347656
MLPClassifier,0.9642857142857143,0.5808529853820801
ExtraTreeClassifier,0.9428571428571428,0.0008380413055419922
DecisionTreeClassifier,0.9285714285714286,0.00177001953125
LabelSpreading,0.9714285714285714,0.00969076156616211
LabelPropagation,0.9714285714285714,0.0072209835052490234
DummyClassifier,0.6357142857142857,0.00028204917907714844
