classifier,score,time
SVC,0.7825,1.9768338203430176
SGDClassifier,0.7925,0.15068912506103516
RidgeClassifierCV,0.805,2.973052740097046
RidgeClassifier,0.8075,0.6227941513061523
Perceptron,0.7825,0.23894333839416504
PassiveAggressiveClassifier,0.81,0.3703579902648926
LogisticRegressionCV,0.805,3.803438186645508
LogisticRegression,0.7825,0.21131372451782227
LinearSVC,0.8075,0.05325579643249512
RandomForestClassifier,0.7975,0.7828359603881836
HistGradientBoostingClassifier,0.7875,8.549388885498047
GradientBoostingClassifier,0.7825,2.320019006729126
ExtraTreesClassifier,0.7925,0.9844868183135986
AdaBoostClassifier,0.7925,1.457420825958252
XGBClassifier,0.79,1.1204111576080322
LGBMClassifier,0.79,0.5407061576843262
CatBoostClassifier,0.785,0.43515896797180176
RadiusNeighborsClassifier,,
KNeighborsClassifier,0.785,0.021394968032836914
NearestCentroid,0.6825,0.02447795867919922
QuadraticDiscriminantAnalysis,0.785,9.043538093566895
LinearDiscriminantAnalysis,0.7875,10.392767906188965
GaussianNB,0.395,0.05284404754638672
BernoulliNB,0.7925,0.06809020042419434
MLPClassifier,0.8075,34.04217767715454
ExtraTreeClassifier,0.76,0.044950008392333984
DecisionTreeClassifier,0.7925,0.18964624404907227
LabelSpreading,0.775,0.2021620273590088
LabelPropagation,0.7775,0.21238994598388672
DummyClassifier,0.7525,0.0005581378936767578
