classifier,score,time
SVC,0.8688524590163934,0.001783132553100586
SGDClassifier,0.7704918032786885,0.001039743423461914
RidgeClassifierCV,0.8524590163934426,0.0013320446014404297
RidgeClassifier,0.8360655737704918,0.0008480548858642578
Perceptron,0.8360655737704918,0.0007259845733642578
PassiveAggressiveClassifier,0.8360655737704918,0.0006902217864990234
LogisticRegressionCV,0.819672131147541,0.08316206932067871
LogisticRegression,0.8524590163934426,0.004799365997314453
LinearSVC,0.8524590163934426,0.0008020401000976562
RandomForestClassifier,0.8524590163934426,0.10461068153381348
HistGradientBoostingClassifier,0.8360655737704918,0.29750990867614746
GradientBoostingClassifier,0.8032786885245902,0.05335497856140137
ExtraTreesClassifier,0.819672131147541,0.03758502006530762
AdaBoostClassifier,0.8688524590163934,0.05661368370056152
XGBClassifier,0.8032786885245902,0.0835719108581543
LGBMClassifier,0.8524590163934426,0.18152284622192383
CatBoostClassifier,0.8032786885245902,0.09789061546325684
RadiusNeighborsClassifier,,
KNeighborsClassifier,0.8688524590163934,0.0013289451599121094
NearestCentroid,0.819672131147541,0.0005340576171875
QuadraticDiscriminantAnalysis,0.45901639344262296,0.0013370513916015625
LinearDiscriminantAnalysis,0.8360655737704918,0.0013551712036132812
GaussianNB,0.5573770491803278,0.0012218952178955078
BernoulliNB,0.8032786885245902,0.0008969306945800781
MLPClassifier,0.8524590163934426,8.115447044372559
ExtraTreeClassifier,0.7540983606557377,0.0006830692291259766
DecisionTreeClassifier,0.7377049180327869,0.000985860824584961
LabelSpreading,0.7704918032786885,0.012522220611572266
LabelPropagation,0.7868852459016393,0.031781673431396484
DummyClassifier,0.5081967213114754,0.00012993812561035156
