classifier,score,time
SVC,0.819672131147541,0.0016870498657226562
SGDClassifier,0.7868852459016393,0.0009951591491699219
RidgeClassifierCV,0.8032786885245902,0.0012552738189697266
RidgeClassifier,0.819672131147541,0.0008592605590820312
Perceptron,0.6721311475409836,0.0020341873168945312
PassiveAggressiveClassifier,0.7540983606557377,0.0008449554443359375
LogisticRegressionCV,0.8032786885245902,0.03330683708190918
LogisticRegression,0.8032786885245902,0.001544952392578125
LinearSVC,0.7704918032786885,0.0007729530334472656
RandomForestClassifier,0.8032786885245902,0.04704093933105469
HistGradientBoostingClassifier,0.7540983606557377,0.3226501941680908
GradientBoostingClassifier,0.7213114754098361,0.05170607566833496
ExtraTreesClassifier,0.8032786885245902,0.03728604316711426
AdaBoostClassifier,0.7213114754098361,0.056240081787109375
XGBClassifier,0.7540983606557377,0.07363772392272949
LGBMClassifier,0.7704918032786885,0.1591348648071289
CatBoostClassifier,0.7540983606557377,0.0979609489440918
RadiusNeighborsClassifier,,
KNeighborsClassifier,0.8360655737704918,0.0004658699035644531
NearestCentroid,0.819672131147541,0.0011548995971679688
QuadraticDiscriminantAnalysis,0.5901639344262295,0.0011279582977294922
LinearDiscriminantAnalysis,0.8032786885245902,0.002074718475341797
GaussianNB,0.7704918032786885,0.0005819797515869141
BernoulliNB,0.8032786885245902,0.0007221698760986328
MLPClassifier,0.7868852459016393,6.438779830932617
ExtraTreeClassifier,0.7868852459016393,0.0006570816040039062
DecisionTreeClassifier,0.7540983606557377,0.001009225845336914
LabelSpreading,0.7868852459016393,0.014426946640014648
LabelPropagation,0.7704918032786885,0.001844167709350586
DummyClassifier,0.5081967213114754,0.0001010894775390625
