classifier,score,time
SVC,0.6666666666666666,0.0028438568115234375
SGDClassifier,0.6774193548387096,0.0015559196472167969
RidgeClassifierCV,0.6451612903225806,0.0010981559753417969
RidgeClassifier,0.6451612903225806,0.0007770061492919922
Perceptron,0.6236559139784946,0.0006651878356933594
PassiveAggressiveClassifier,0.5483870967741935,0.002094268798828125
LogisticRegressionCV,0.6451612903225806,0.07161688804626465
LogisticRegression,0.6666666666666666,0.0013229846954345703
LinearSVC,0.6344086021505376,0.0007059574127197266
RandomForestClassifier,0.6236559139784946,0.07297992706298828
HistGradientBoostingClassifier,0.5483870967741935,0.42226505279541016
GradientBoostingClassifier,0.5591397849462365,0.08246302604675293
ExtraTreesClassifier,0.6021505376344086,0.04436302185058594
AdaBoostClassifier,0.5698924731182796,0.06654119491577148
XGBClassifier,0.6021505376344086,0.16643381118774414
LGBMClassifier,0.6021505376344086,0.18401694297790527
CatBoostClassifier,0.6129032258064516,0.058997154235839844
RadiusNeighborsClassifier,0.6881720430107527,0.0007219314575195312
KNeighborsClassifier,0.6129032258064516,0.0005109310150146484
NearestCentroid,0.6559139784946236,0.0004391670227050781
QuadraticDiscriminantAnalysis,0.6881720430107527,0.0005609989166259766
LinearDiscriminantAnalysis,0.6344086021505376,0.0006821155548095703
GaussianNB,0.6451612903225806,0.0004858970642089844
BernoulliNB,0.6451612903225806,0.0006399154663085938
MLPClassifier,0.6666666666666666,6.817636966705322
ExtraTreeClassifier,0.5376344086021505,0.0007112026214599609
DecisionTreeClassifier,0.6559139784946236,0.0017719268798828125
LabelSpreading,0.6881720430107527,0.03868508338928223
LabelPropagation,0.6774193548387096,0.015048027038574219
DummyClassifier,0.6236559139784946,0.0003552436828613281
