classifier,score,time
SVC,0.7777777777777778,0.0019779205322265625
SGDClassifier,0.7222222222222222,0.00420379638671875
RidgeClassifierCV,0.7777777777777778,0.28013110160827637
RidgeClassifier,0.7777777777777778,0.01583719253540039
Perceptron,0.6388888888888888,0.0017442703247070312
PassiveAggressiveClassifier,0.8055555555555556,0.004257917404174805
LogisticRegressionCV,0.7777777777777778,0.7545640468597412
LogisticRegression,0.7777777777777778,0.02247023582458496
LinearSVC,0.8055555555555556,0.0013811588287353516
RandomForestClassifier,0.8333333333333334,0.09136104583740234
HistGradientBoostingClassifier,0.7777777777777778,0.4694809913635254
GradientBoostingClassifier,0.8333333333333334,0.049775123596191406
ExtraTreesClassifier,0.7777777777777778,0.03678321838378906
AdaBoostClassifier,0.8055555555555556,0.05893301963806152
XGBClassifier,0.8055555555555556,0.08693099021911621
LGBMClassifier,0.7777777777777778,0.11699700355529785
CatBoostClassifier,0.8055555555555556,0.11620187759399414
RadiusNeighborsClassifier,,
KNeighborsClassifier,0.7777777777777778,0.0009112358093261719
NearestCentroid,0.75,0.002162933349609375
QuadraticDiscriminantAnalysis,0.5,0.08006715774536133
LinearDiscriminantAnalysis,0.8333333333333334,0.38894009590148926
GaussianNB,0.19444444444444445,0.0010499954223632812
BernoulliNB,0.75,0.0011332035064697266
MLPClassifier,0.8333333333333334,3.5957372188568115
ExtraTreeClassifier,0.6388888888888888,0.0019159317016601562
DecisionTreeClassifier,0.7222222222222222,0.0013382434844970703
LabelSpreading,0.7222222222222222,0.002267122268676758
LabelPropagation,0.7222222222222222,0.014863252639770508
DummyClassifier,0.8055555555555556,0.00011277198791503906
