classifier,score,time
SVC,0.8688524590163934,0.0017709732055664062
SGDClassifier,0.8360655737704918,0.0011341571807861328
RidgeClassifierCV,0.8524590163934426,0.0013599395751953125
RidgeClassifier,0.8360655737704918,0.0008640289306640625
Perceptron,0.7704918032786885,0.0007169246673583984
PassiveAggressiveClassifier,0.8360655737704918,0.0006520748138427734
LogisticRegressionCV,0.8360655737704918,0.03416180610656738
LogisticRegression,0.8524590163934426,0.0012290477752685547
LinearSVC,0.8524590163934426,0.0007319450378417969
RandomForestClassifier,0.8688524590163934,0.04665780067443848
HistGradientBoostingClassifier,0.8360655737704918,0.19290590286254883
GradientBoostingClassifier,0.8360655737704918,0.053189754486083984
ExtraTreesClassifier,0.8360655737704918,0.036682844161987305
AdaBoostClassifier,0.7868852459016393,0.055357933044433594
XGBClassifier,0.819672131147541,0.061614990234375
LGBMClassifier,0.8032786885245902,0.1941239833831787
CatBoostClassifier,0.8360655737704918,0.1568770408630371
RadiusNeighborsClassifier,,
KNeighborsClassifier,0.8524590163934426,0.001428842544555664
NearestCentroid,0.819672131147541,0.000476837158203125
QuadraticDiscriminantAnalysis,0.39344262295081966,0.0010380744934082031
LinearDiscriminantAnalysis,0.8360655737704918,0.0009777545928955078
GaussianNB,0.47540983606557374,0.000537872314453125
BernoulliNB,0.819672131147541,0.0007269382476806641
MLPClassifier,0.8524590163934426,0.8248529434204102
ExtraTreeClassifier,0.7868852459016393,0.0006861686706542969
DecisionTreeClassifier,0.7704918032786885,0.0009732246398925781
LabelSpreading,0.819672131147541,0.0013709068298339844
LabelPropagation,0.8032786885245902,0.0008778572082519531
DummyClassifier,0.5737704918032787,8.511543273925781e-05
