classifier,score,time
SVC,0.9975,0.012575149536132812
SGDClassifier,0.9975,0.007831096649169922
RidgeClassifierCV,0.995,0.3096950054168701
RidgeClassifier,0.995,0.015326976776123047
Perceptron,0.9825,0.00450897216796875
PassiveAggressiveClassifier,0.9975,0.007910013198852539
LogisticRegressionCV,0.9975,0.6750102043151855
LogisticRegression,0.9975,0.003236055374145508
LinearSVC,0.9975,0.005403041839599609
RandomForestClassifier,0.9975,0.10994100570678711
HistGradientBoostingClassifier,0.9975,1.5838520526885986
GradientBoostingClassifier,0.9975,0.1350688934326172
ExtraTreesClassifier,0.995,0.0552220344543457
AdaBoostClassifier,0.9975,0.09545397758483887
XGBClassifier,0.9975,0.09307694435119629
LGBMClassifier,0.9975,0.3715541362762451
CatBoostClassifier,0.9975,0.11445999145507812
RadiusNeighborsClassifier,,
KNeighborsClassifier,0.995,0.0007617473602294922
NearestCentroid,0.9725,0.0007522106170654297
QuadraticDiscriminantAnalysis,0.78,0.059758901596069336
LinearDiscriminantAnalysis,0.995,0.2728750705718994
GaussianNB,0.995,0.0027458667755126953
BernoulliNB,0.995,0.0012001991271972656
MLPClassifier,0.9975,6.594055891036987
ExtraTreeClassifier,0.995,0.003583192825317383
DecisionTreeClassifier,0.995,0.003936052322387695
LabelSpreading,0.995,0.061105966567993164
LabelPropagation,0.995,0.05959510803222656
DummyClassifier,0.82,0.00037288665771484375
