classifier,score,time
SVC,,
SGDClassifier,,
RidgeClassifierCV,1.0,1.6204988956451416
RidgeClassifier,1.0,0.5525031089782715
Perceptron,,
PassiveAggressiveClassifier,,
LogisticRegressionCV,,
LogisticRegression,,
LinearSVC,,
RandomForestClassifier,1.0,0.0771477222442627
HistGradientBoostingClassifier,1.0,0.5789811611175537
GradientBoostingClassifier,,
ExtraTreesClassifier,1.0,0.07841897010803223
AdaBoostClassifier,1.0,0.03835916519165039
XGBClassifier,1.0,1.600917100906372
LGBMClassifier,,
CatBoostClassifier,,
RadiusNeighborsClassifier,,
KNeighborsClassifier,1.0,0.04428410530090332
NearestCentroid,,
QuadraticDiscriminantAnalysis,,
LinearDiscriminantAnalysis,1.0,8.518112897872925
GaussianNB,1.0,0.11134004592895508
BernoulliNB,1.0,0.10298395156860352
MLPClassifier,1.0,8.195759057998657
ExtraTreeClassifier,1.0,0.03802180290222168
DecisionTreeClassifier,1.0,0.03505420684814453
LabelSpreading,1.0,0.275285005569458
LabelPropagation,1.0,0.2680089473724365
DummyClassifier,1.0,0.0005400180816650391
