classifier,score,time
SVC,0.5714285714285714,0.0006730556488037109
SGDClassifier,0.7857142857142857,0.0006101131439208984
RidgeClassifierCV,0.5714285714285714,0.0011026859283447266
RidgeClassifier,0.7142857142857143,0.0008480548858642578
Perceptron,0.6428571428571429,0.0006961822509765625
PassiveAggressiveClassifier,0.7857142857142857,0.0006101131439208984
LogisticRegressionCV,0.6428571428571429,0.03505897521972656
LogisticRegression,0.5714285714285714,0.0011360645294189453
LinearSVC,0.7142857142857143,0.0007178783416748047
RandomForestClassifier,0.5714285714285714,0.04553484916687012
HistGradientBoostingClassifier,0.5714285714285714,0.11633086204528809
GradientBoostingClassifier,0.6428571428571429,0.03988790512084961
ExtraTreesClassifier,0.6428571428571429,0.0395050048828125
AdaBoostClassifier,0.6428571428571429,0.06674408912658691
XGBClassifier,0.7142857142857143,0.06639981269836426
LGBMClassifier,0.6428571428571429,0.04311728477478027
CatBoostClassifier,0.5,0.12318706512451172
RadiusNeighborsClassifier,,
KNeighborsClassifier,0.6428571428571429,0.0008029937744140625
NearestCentroid,1.0,0.0005991458892822266
QuadraticDiscriminantAnalysis,0.5,0.000982046127319336
LinearDiscriminantAnalysis,0.8571428571428571,0.0009720325469970703
GaussianNB,0.5,0.0006930828094482422
BernoulliNB,0.5714285714285714,0.0008687973022460938
MLPClassifier,0.6428571428571429,0.0919950008392334
ExtraTreeClassifier,0.6428571428571429,0.0008101463317871094
DecisionTreeClassifier,0.6428571428571429,0.0007762908935546875
LabelSpreading,0.7142857142857143,0.0008687973022460938
LabelPropagation,0.7142857142857143,0.0007641315460205078
DummyClassifier,0.5714285714285714,0.0001380443572998047
