classifier,score,time
SVC,0.7868852459016393,0.0017342567443847656
SGDClassifier,0.8360655737704918,0.001008749008178711
RidgeClassifierCV,0.8524590163934426,0.001363992691040039
RidgeClassifier,0.8524590163934426,0.0008721351623535156
Perceptron,0.8032786885245902,0.0007309913635253906
PassiveAggressiveClassifier,0.819672131147541,0.0009317398071289062
LogisticRegressionCV,0.8360655737704918,0.03125
LogisticRegression,0.8360655737704918,0.0014536380767822266
LinearSVC,0.8360655737704918,0.0007066726684570312
RandomForestClassifier,0.819672131147541,0.04590797424316406
HistGradientBoostingClassifier,0.8032786885245902,0.19804692268371582
GradientBoostingClassifier,0.7868852459016393,0.051223039627075195
ExtraTreesClassifier,0.7540983606557377,0.03601217269897461
AdaBoostClassifier,0.7704918032786885,0.054949045181274414
XGBClassifier,0.7868852459016393,0.06639790534973145
LGBMClassifier,0.8360655737704918,0.20312786102294922
CatBoostClassifier,0.8360655737704918,0.15958499908447266
RadiusNeighborsClassifier,,
KNeighborsClassifier,0.819672131147541,0.0017588138580322266
NearestCentroid,0.8032786885245902,0.0006000995635986328
QuadraticDiscriminantAnalysis,0.6721311475409836,0.0016231536865234375
LinearDiscriminantAnalysis,0.8360655737704918,0.0010309219360351562
GaussianNB,0.4098360655737705,0.0005581378936767578
BernoulliNB,0.8032786885245902,0.0007517337799072266
MLPClassifier,0.819672131147541,0.7960917949676514
ExtraTreeClassifier,0.7049180327868853,0.0006248950958251953
DecisionTreeClassifier,0.8524590163934426,0.000982046127319336
LabelSpreading,0.7868852459016393,0.0017499923706054688
LabelPropagation,0.7868852459016393,0.00385284423828125
DummyClassifier,0.7213114754098361,0.00023794174194335938
