classifier,score,time
SVC,0.8687315634218289,0.1087789535522461
SGDClassifier,0.8702064896755162,0.012978076934814453
RidgeClassifierCV,0.8716814159292036,0.20495295524597168
RidgeClassifier,0.8716814159292036,0.04494524002075195
Perceptron,0.8746312684365781,0.016704797744750977
PassiveAggressiveClassifier,0.8716814159292036,0.0031828880310058594
LogisticRegressionCV,0.8716814159292036,0.13948678970336914
LogisticRegression,0.8746312684365781,0.007570981979370117
LinearSVC,0.8716814159292036,0.013693094253540039
RandomForestClassifier,0.8702064896755162,0.3542780876159668
HistGradientBoostingClassifier,0.8495575221238938,0.638679027557373
GradientBoostingClassifier,0.8657817109144543,0.38741207122802734
ExtraTreesClassifier,0.8731563421828908,0.16232585906982422
AdaBoostClassifier,0.8702064896755162,0.1812889575958252
XGBClassifier,0.8348082595870207,0.0759119987487793
LGBMClassifier,0.8525073746312685,0.3688778877258301
CatBoostClassifier,0.8687315634218289,0.20674419403076172
RadiusNeighborsClassifier,,
KNeighborsClassifier,0.8451327433628318,0.0007910728454589844
NearestCentroid,0.6371681415929203,0.0007419586181640625
QuadraticDiscriminantAnalysis,0.2920353982300885,0.01070713996887207
LinearDiscriminantAnalysis,0.8672566371681416,0.023022890090942383
GaussianNB,0.8510324483775811,0.0010139942169189453
BernoulliNB,0.8584070796460177,0.0012180805206298828
MLPClassifier,0.8643067846607669,2.0395069122314453
ExtraTreeClassifier,0.7935103244837758,0.002454996109008789
DecisionTreeClassifier,0.7846607669616519,0.021186113357543945
LabelSpreading,0.859882005899705,0.13470983505249023
LabelPropagation,0.8613569321533924,0.08967804908752441
DummyClassifier,0.8687315634218289,0.00043320655822753906
