classifier,score,time
SVC,0.8870967741935484,0.0012581348419189453
SGDClassifier,0.9193548387096774,0.0009191036224365234
RidgeClassifierCV,0.8709677419354839,0.005054950714111328
RidgeClassifier,0.8870967741935484,0.0022008419036865234
Perceptron,0.9032258064516129,0.0007312297821044922
PassiveAggressiveClassifier,0.9193548387096774,0.0009541511535644531
LogisticRegressionCV,0.9032258064516129,0.05379796028137207
LogisticRegression,0.9032258064516129,0.0015749931335449219
LinearSVC,0.9193548387096774,0.0007770061492919922
RandomForestClassifier,0.9354838709677419,0.07416510581970215
HistGradientBoostingClassifier,0.8870967741935484,0.3041210174560547
GradientBoostingClassifier,0.9032258064516129,0.04599189758300781
ExtraTreesClassifier,0.9354838709677419,0.034673213958740234
AdaBoostClassifier,0.9354838709677419,0.054930925369262695
XGBClassifier,0.8870967741935484,0.07940506935119629
LGBMClassifier,0.9032258064516129,0.15401506423950195
CatBoostClassifier,0.9193548387096774,0.10249996185302734
RadiusNeighborsClassifier,,
KNeighborsClassifier,0.8709677419354839,0.0004999637603759766
NearestCentroid,0.9193548387096774,0.00048804283142089844
QuadraticDiscriminantAnalysis,0.8387096774193549,0.0015439987182617188
LinearDiscriminantAnalysis,0.9032258064516129,0.0012269020080566406
GaussianNB,0.8870967741935484,0.0008959770202636719
BernoulliNB,0.9354838709677419,0.0007338523864746094
MLPClassifier,0.9193548387096774,3.542067050933838
ExtraTreeClassifier,0.9354838709677419,0.00061798095703125
DecisionTreeClassifier,0.8870967741935484,0.0007340908050537109
LabelSpreading,0.9032258064516129,0.008578062057495117
LabelPropagation,0.9193548387096774,0.006865262985229492
DummyClassifier,0.8548387096774194,0.0003650188446044922
