classifier,score,time
SVC,0.8870967741935484,0.0012309551239013672
SGDClassifier,0.9032258064516129,0.0044171810150146484
RidgeClassifierCV,0.8225806451612904,0.0035610198974609375
RidgeClassifier,0.8709677419354839,0.0009138584136962891
Perceptron,0.9032258064516129,0.00078582763671875
PassiveAggressiveClassifier,0.8870967741935484,0.0006520748138427734
LogisticRegressionCV,0.9032258064516129,0.06157684326171875
LogisticRegression,0.9193548387096774,0.0015697479248046875
LinearSVC,0.9354838709677419,0.0007600784301757812
RandomForestClassifier,0.9193548387096774,0.13134312629699707
HistGradientBoostingClassifier,0.8548387096774194,0.32320404052734375
GradientBoostingClassifier,0.8709677419354839,0.045478105545043945
ExtraTreesClassifier,0.8870967741935484,0.036128997802734375
AdaBoostClassifier,0.8548387096774194,0.05890202522277832
XGBClassifier,0.8870967741935484,0.08382987976074219
LGBMClassifier,0.8870967741935484,0.14784693717956543
CatBoostClassifier,0.9354838709677419,0.10544896125793457
RadiusNeighborsClassifier,,
KNeighborsClassifier,0.8709677419354839,0.0005939006805419922
NearestCentroid,0.8870967741935484,0.0005240440368652344
QuadraticDiscriminantAnalysis,0.7903225806451613,0.0008928775787353516
LinearDiscriminantAnalysis,0.9516129032258065,0.0009138584136962891
GaussianNB,0.9032258064516129,0.0005459785461425781
BernoulliNB,0.9354838709677419,0.000720977783203125
MLPClassifier,0.9032258064516129,4.224217176437378
ExtraTreeClassifier,0.967741935483871,0.0006210803985595703
DecisionTreeClassifier,0.9032258064516129,0.0007598400115966797
LabelSpreading,0.9032258064516129,0.0048639774322509766
LabelPropagation,0.9032258064516129,0.009206056594848633
DummyClassifier,0.8064516129032258,0.00013208389282226562
