classifier,score,time
SVC,0.8852459016393442,0.0016810894012451172
SGDClassifier,0.7704918032786885,0.0010008811950683594
RidgeClassifierCV,0.8688524590163934,0.0013802051544189453
RidgeClassifier,0.8524590163934426,0.0008721351623535156
Perceptron,0.7540983606557377,0.0007140636444091797
PassiveAggressiveClassifier,0.819672131147541,0.0007431507110595703
LogisticRegressionCV,0.8688524590163934,0.032466888427734375
LogisticRegression,0.8688524590163934,0.0013370513916015625
LinearSVC,0.9016393442622951,0.0007581710815429688
RandomForestClassifier,0.8032786885245902,0.04594588279724121
HistGradientBoostingClassifier,0.8032786885245902,0.23923683166503906
GradientBoostingClassifier,0.819672131147541,0.05177617073059082
ExtraTreesClassifier,0.8360655737704918,0.03676104545593262
AdaBoostClassifier,0.7540983606557377,0.055129051208496094
XGBClassifier,0.8360655737704918,0.07048797607421875
LGBMClassifier,0.819672131147541,0.17838692665100098
CatBoostClassifier,0.8360655737704918,0.15339994430541992
RadiusNeighborsClassifier,,
KNeighborsClassifier,0.8852459016393442,0.0014472007751464844
NearestCentroid,0.8852459016393442,0.0004830360412597656
QuadraticDiscriminantAnalysis,0.6721311475409836,0.0010521411895751953
LinearDiscriminantAnalysis,0.8688524590163934,0.0010020732879638672
GaussianNB,0.7213114754098361,0.0005621910095214844
BernoulliNB,0.8524590163934426,0.0007457733154296875
MLPClassifier,0.819672131147541,0.7750341892242432
ExtraTreeClassifier,0.7868852459016393,0.0018260478973388672
DecisionTreeClassifier,0.7868852459016393,0.0010247230529785156
LabelSpreading,0.8360655737704918,0.0013828277587890625
LabelPropagation,0.8360655737704918,0.000885009765625
DummyClassifier,0.4098360655737705,8.702278137207031e-05
