classifier,score,time
SVC,0.7962962962962963,0.0014760494232177734
SGDClassifier,0.8333333333333334,0.0009598731994628906
RidgeClassifierCV,0.8518518518518519,0.0012140274047851562
RidgeClassifier,0.8148148148148148,0.001318216323852539
Perceptron,0.7777777777777778,0.005789995193481445
PassiveAggressiveClassifier,0.8148148148148148,0.0006530284881591797
LogisticRegressionCV,0.8518518518518519,0.06695699691772461
LogisticRegression,0.8518518518518519,0.005138874053955078
LinearSVC,0.8333333333333334,0.002260923385620117
RandomForestClassifier,0.7777777777777778,0.08713865280151367
HistGradientBoostingClassifier,0.7777777777777778,0.2696828842163086
GradientBoostingClassifier,0.7037037037037037,0.05410480499267578
ExtraTreesClassifier,0.8333333333333334,0.03768205642700195
AdaBoostClassifier,0.7777777777777778,0.10511493682861328
XGBClassifier,0.8333333333333334,0.10124802589416504
LGBMClassifier,0.8333333333333334,0.1506643295288086
CatBoostClassifier,0.8148148148148148,0.11882495880126953
RadiusNeighborsClassifier,,
KNeighborsClassifier,0.8148148148148148,0.0005362033843994141
NearestCentroid,0.8148148148148148,0.0005600452423095703
QuadraticDiscriminantAnalysis,0.7222222222222222,0.0008652210235595703
LinearDiscriminantAnalysis,0.8333333333333334,0.0010340213775634766
GaussianNB,0.8148148148148148,0.0005660057067871094
BernoulliNB,0.7962962962962963,0.0009160041809082031
MLPClassifier,0.8148148148148148,5.873417139053345
ExtraTreeClassifier,0.8703703703703703,0.0011279582977294922
DecisionTreeClassifier,0.7037037037037037,0.0010230541229248047
LabelSpreading,0.8148148148148148,0.006138801574707031
LabelPropagation,0.7777777777777778,0.013440132141113281
DummyClassifier,0.5370370370370371,0.0002529621124267578
