classifier,score,time
SVC,0.8975609756097561,0.009104728698730469
SGDClassifier,0.8146341463414634,0.0026831626892089844
RidgeClassifierCV,0.8682926829268293,0.2400658130645752
RidgeClassifier,0.8682926829268293,0.030314922332763672
Perceptron,0.7951219512195122,0.004281044006347656
PassiveAggressiveClassifier,0.848780487804878,0.002953767776489258
LogisticRegressionCV,0.8585365853658536,0.19017601013183594
LogisticRegression,0.8731707317073171,0.010396957397460938
LinearSVC,0.8585365853658536,0.004406929016113281
RandomForestClassifier,0.9853658536585366,0.1345059871673584
HistGradientBoostingClassifier,0.9853658536585366,0.6623680591583252
GradientBoostingClassifier,0.9463414634146341,0.10313224792480469
ExtraTreesClassifier,0.9853658536585366,0.05290794372558594
AdaBoostClassifier,0.9219512195121952,0.07580208778381348
XGBClassifier,0.9853658536585366,0.05054283142089844
LGBMClassifier,0.9853658536585366,0.35692286491394043
CatBoostClassifier,0.9853658536585366,0.1661510467529297
RadiusNeighborsClassifier,,
KNeighborsClassifier,0.8195121951219512,0.0006699562072753906
NearestCentroid,0.8634146341463415,0.0006480216979980469
QuadraticDiscriminantAnalysis,0.7268292682926829,0.006663799285888672
LinearDiscriminantAnalysis,0.8682926829268293,0.024610042572021484
GaussianNB,0.8,0.0006940364837646484
BernoulliNB,0.8682926829268293,0.0009047985076904297
MLPClassifier,0.9707317073170731,2.9686851501464844
ExtraTreeClassifier,0.9853658536585366,0.0020530223846435547
DecisionTreeClassifier,0.9853658536585366,0.004251956939697266
LabelSpreading,0.9707317073170731,0.023931026458740234
LabelPropagation,0.9707317073170731,0.00845789909362793
DummyClassifier,0.5219512195121951,0.0001327991485595703
