classifier,score,time
SVC,1.0,0.0009715557098388672
SGDClassifier,1.0,0.000576019287109375
RidgeClassifierCV,1.0,0.001138925552368164
RidgeClassifier,1.0,0.0007770061492919922
Perceptron,1.0,0.0006132125854492188
PassiveAggressiveClassifier,1.0,0.0004901885986328125
LogisticRegressionCV,1.0,0.04713892936706543
LogisticRegression,1.0,0.0059320926666259766
LinearSVC,1.0,0.0005848407745361328
RandomForestClassifier,1.0,0.06477904319763184
HistGradientBoostingClassifier,1.0,0.08043193817138672
GradientBoostingClassifier,1.0,0.02060699462890625
ExtraTreesClassifier,1.0,0.028358936309814453
AdaBoostClassifier,1.0,0.0010628700256347656
XGBClassifier,1.0,0.03612208366394043
LGBMClassifier,1.0,0.0065898895263671875
CatBoostClassifier,1.0,0.03334188461303711
RadiusNeighborsClassifier,,
KNeighborsClassifier,1.0,0.0005018711090087891
NearestCentroid,1.0,0.0004470348358154297
QuadraticDiscriminantAnalysis,,
LinearDiscriminantAnalysis,1.0,0.0006859302520751953
GaussianNB,1.0,0.0005097389221191406
BernoulliNB,1.0,0.0006442070007324219
MLPClassifier,1.0,0.025093793869018555
ExtraTreeClassifier,1.0,0.0005650520324707031
DecisionTreeClassifier,1.0,0.0004949569702148438
LabelSpreading,1.0,0.000782012939453125
LabelPropagation,1.0,0.0004928112030029297
DummyClassifier,1.0,9.012222290039062e-05
