classifier,score,time
SVC,0.6111111111111112,0.0011239051818847656
SGDClassifier,0.5370370370370371,0.0008440017700195312
RidgeClassifierCV,0.6481481481481481,0.0009441375732421875
RidgeClassifier,0.6481481481481481,0.0007638931274414062
Perceptron,0.5185185185185185,0.0006442070007324219
PassiveAggressiveClassifier,0.6481481481481481,0.0006368160247802734
LogisticRegressionCV,0.6111111111111112,0.022211074829101562
LogisticRegression,0.6296296296296297,0.0009949207305908203
LinearSVC,0.6666666666666666,0.0006160736083984375
RandomForestClassifier,0.6111111111111112,0.04651594161987305
HistGradientBoostingClassifier,0.6666666666666666,0.20412921905517578
GradientBoostingClassifier,0.6481481481481481,0.03478097915649414
ExtraTreesClassifier,0.5370370370370371,0.04074692726135254
AdaBoostClassifier,0.6481481481481481,0.05424809455871582
XGBClassifier,0.6481481481481481,0.09840798377990723
LGBMClassifier,0.6851851851851852,0.13219189643859863
CatBoostClassifier,0.6296296296296297,0.03084397315979004
RadiusNeighborsClassifier,0.5555555555555556,0.0013611316680908203
KNeighborsClassifier,0.6481481481481481,0.0004899501800537109
NearestCentroid,0.5555555555555556,0.0004248619079589844
QuadraticDiscriminantAnalysis,0.5370370370370371,0.0005700588226318359
LinearDiscriminantAnalysis,0.6481481481481481,0.0006761550903320312
GaussianNB,0.5555555555555556,0.0005068778991699219
BernoulliNB,0.5555555555555556,0.0006508827209472656
MLPClassifier,0.6666666666666666,0.695504903793335
ExtraTreeClassifier,0.6111111111111112,0.0006489753723144531
DecisionTreeClassifier,0.6111111111111112,0.0007390975952148438
LabelSpreading,0.5925925925925926,0.0011272430419921875
LabelPropagation,0.5925925925925926,0.0008509159088134766
DummyClassifier,0.5370370370370371,9.894371032714844e-05
