classifier,score,time
SVC,0.7540983606557377,0.0019540786743164062
SGDClassifier,0.819672131147541,0.0017938613891601562
RidgeClassifierCV,0.7704918032786885,0.21373796463012695
RidgeClassifier,0.8032786885245902,0.05994224548339844
Perceptron,0.8360655737704918,0.0011179447174072266
PassiveAggressiveClassifier,0.8360655737704918,0.0017559528350830078
LogisticRegressionCV,0.819672131147541,0.1667630672454834
LogisticRegression,0.8032786885245902,0.008320093154907227
LinearSVC,0.7868852459016393,0.003271341323852539
RandomForestClassifier,0.7704918032786885,0.07691788673400879
HistGradientBoostingClassifier,0.8360655737704918,0.22233200073242188
GradientBoostingClassifier,0.8688524590163934,0.1062002182006836
ExtraTreesClassifier,0.7377049180327869,0.03979992866516113
AdaBoostClassifier,0.819672131147541,0.07409024238586426
XGBClassifier,0.819672131147541,0.05453801155090332
LGBMClassifier,0.8360655737704918,0.18937087059020996
CatBoostClassifier,0.8032786885245902,0.2239687442779541
RadiusNeighborsClassifier,,
KNeighborsClassifier,0.7377049180327869,0.00722503662109375
NearestCentroid,0.8032786885245902,0.00067901611328125
QuadraticDiscriminantAnalysis,0.6557377049180327,0.0451810359954834
LinearDiscriminantAnalysis,0.8360655737704918,0.02235889434814453
GaussianNB,0.5081967213114754,0.0022177696228027344
BernoulliNB,0.7704918032786885,0.0030291080474853516
MLPClassifier,0.7540983606557377,1.0260441303253174
ExtraTreeClassifier,0.7868852459016393,0.0033080577850341797
DecisionTreeClassifier,0.7377049180327869,0.007814884185791016
LabelSpreading,0.7704918032786885,0.009351968765258789
LabelPropagation,0.7704918032786885,0.0016779899597167969
DummyClassifier,0.639344262295082,0.00030994415283203125
