classifier,score,time
SVC,0.8518518518518519,0.0014810562133789062
SGDClassifier,0.8333333333333334,0.0009021759033203125
RidgeClassifierCV,0.8703703703703703,0.0012362003326416016
RidgeClassifier,0.8703703703703703,0.0008378028869628906
Perceptron,0.8703703703703703,0.0007369518280029297
PassiveAggressiveClassifier,0.7222222222222222,0.0006961822509765625
LogisticRegressionCV,0.8703703703703703,0.03417181968688965
LogisticRegression,0.8888888888888888,0.0016050338745117188
LinearSVC,0.8888888888888888,0.0007841587066650391
RandomForestClassifier,0.8518518518518519,0.05164003372192383
HistGradientBoostingClassifier,0.7777777777777778,0.5445079803466797
GradientBoostingClassifier,0.7407407407407407,0.07597994804382324
ExtraTreesClassifier,0.8703703703703703,0.05492520332336426
AdaBoostClassifier,0.7592592592592593,0.08351612091064453
XGBClassifier,0.8148148148148148,0.11002612113952637
LGBMClassifier,0.7777777777777778,0.1744232177734375
CatBoostClassifier,0.8333333333333334,0.11707925796508789
RadiusNeighborsClassifier,,
KNeighborsClassifier,0.8703703703703703,0.0006508827209472656
NearestCentroid,0.8518518518518519,0.0015149116516113281
QuadraticDiscriminantAnalysis,0.6666666666666666,0.0009698867797851562
LinearDiscriminantAnalysis,0.8703703703703703,0.0011458396911621094
GaussianNB,0.7592592592592593,0.0006961822509765625
BernoulliNB,0.8703703703703703,0.0009658336639404297
MLPClassifier,0.8148148148148148,5.91806173324585
ExtraTreeClassifier,0.6296296296296297,0.0008571147918701172
DecisionTreeClassifier,0.8333333333333334,0.004681825637817383
LabelSpreading,0.7777777777777778,0.016070842742919922
LabelPropagation,0.7777777777777778,0.009694814682006836
DummyClassifier,0.5185185185185185,0.0003809928894042969
