classifier,score,time
SVC,,
SGDClassifier,,
RidgeClassifierCV,1.0,0.1796097755432129
RidgeClassifier,1.0,0.08018994331359863
Perceptron,,
PassiveAggressiveClassifier,,
LogisticRegressionCV,,
LogisticRegression,,
LinearSVC,,
RandomForestClassifier,1.0,0.055760860443115234
HistGradientBoostingClassifier,1.0,0.07159209251403809
GradientBoostingClassifier,,
ExtraTreesClassifier,1.0,0.027751922607421875
AdaBoostClassifier,1.0,0.001714944839477539
XGBClassifier,1.0,0.036421775817871094
LGBMClassifier,1.0,0.004411935806274414
CatBoostClassifier,,
RadiusNeighborsClassifier,,
KNeighborsClassifier,1.0,0.0004990100860595703
NearestCentroid,,
QuadraticDiscriminantAnalysis,,
LinearDiscriminantAnalysis,1.0,0.0014581680297851562
GaussianNB,1.0,0.0005779266357421875
BernoulliNB,1.0,0.024719953536987305
MLPClassifier,1.0,0.39507031440734863
ExtraTreeClassifier,1.0,0.0005669593811035156
DecisionTreeClassifier,1.0,0.00047779083251953125
LabelSpreading,1.0,0.008911848068237305
LabelPropagation,1.0,0.006990194320678711
DummyClassifier,1.0,0.00011587142944335938
