classifier,score,time
SVC,,
SGDClassifier,,
RidgeClassifierCV,1.0,0.29903721809387207
RidgeClassifier,1.0,0.023220062255859375
Perceptron,,
PassiveAggressiveClassifier,,
LogisticRegressionCV,,
LogisticRegression,,
LinearSVC,,
RandomForestClassifier,1.0,0.06036496162414551
HistGradientBoostingClassifier,1.0,0.22208476066589355
GradientBoostingClassifier,,
ExtraTreesClassifier,1.0,0.02990412712097168
AdaBoostClassifier,1.0,0.001577138900756836
XGBClassifier,1.0,0.053843021392822266
LGBMClassifier,,
CatBoostClassifier,,
RadiusNeighborsClassifier,,
KNeighborsClassifier,1.0,0.0011510848999023438
NearestCentroid,,
QuadraticDiscriminantAnalysis,,
LinearDiscriminantAnalysis,1.0,0.14755892753601074
GaussianNB,1.0,0.004589080810546875
BernoulliNB,1.0,0.038900136947631836
MLPClassifier,1.0,2.2897326946258545
ExtraTreeClassifier,1.0,0.0009160041809082031
DecisionTreeClassifier,1.0,0.0013918876647949219
LabelSpreading,1.0,0.0461268424987793
LabelPropagation,1.0,0.026086807250976562
DummyClassifier,1.0,0.000141143798828125
