classifier,score,time
SVC,1.0,0.00156402587890625
SGDClassifier,0.8333333333333334,0.0009987354278564453
RidgeClassifierCV,1.0,0.0026862621307373047
RidgeClassifier,1.0,0.0027070045471191406
Perceptron,1.0,0.0009229183197021484
PassiveAggressiveClassifier,0.9166666666666666,0.0007801055908203125
LogisticRegressionCV,1.0,0.023013830184936523
LogisticRegression,1.0,0.0011401176452636719
LinearSVC,1.0,0.00074005126953125
RandomForestClassifier,0.9166666666666666,0.04186582565307617
HistGradientBoostingClassifier,0.9166666666666666,0.08307194709777832
GradientBoostingClassifier,0.8333333333333334,0.034889936447143555
ExtraTreesClassifier,1.0,0.040254831314086914
AdaBoostClassifier,1.0,0.053874969482421875
XGBClassifier,0.8333333333333334,0.07717585563659668
LGBMClassifier,0.9166666666666666,0.04108381271362305
CatBoostClassifier,0.9166666666666666,0.058801889419555664
RadiusNeighborsClassifier,,
KNeighborsClassifier,0.9166666666666666,0.0013928413391113281
NearestCentroid,1.0,0.0006840229034423828
QuadraticDiscriminantAnalysis,0.6666666666666666,0.0011320114135742188
LinearDiscriminantAnalysis,0.4166666666666667,0.014451026916503906
GaussianNB,0.8333333333333334,0.0007452964782714844
BernoulliNB,0.9166666666666666,0.006709098815917969
MLPClassifier,0.8333333333333334,1.247802734375
ExtraTreeClassifier,0.75,0.0007402896881103516
DecisionTreeClassifier,0.8333333333333334,0.0006909370422363281
LabelSpreading,0.9166666666666666,0.0009758472442626953
LabelPropagation,0.9166666666666666,0.0007069110870361328
DummyClassifier,0.25,0.00012993812561035156
