classifier,score,time
SVC,0.85,0.001644134521484375
SGDClassifier,0.8333333333333334,0.001007080078125
RidgeClassifierCV,0.9,0.0012857913970947266
RidgeClassifier,0.9,0.0008420944213867188
Perceptron,0.7166666666666667,0.0006852149963378906
PassiveAggressiveClassifier,0.7666666666666667,0.0007228851318359375
LogisticRegressionCV,0.8833333333333333,0.031391143798828125
LogisticRegression,0.8666666666666667,0.0015881061553955078
LinearSVC,0.9,0.0008530616760253906
RandomForestClassifier,0.8,0.04623293876647949
HistGradientBoostingClassifier,0.85,0.34589481353759766
GradientBoostingClassifier,0.8,0.05320596694946289
ExtraTreesClassifier,0.85,0.03701519966125488
AdaBoostClassifier,0.8,0.060047149658203125
XGBClassifier,0.8333333333333334,0.06518793106079102
LGBMClassifier,0.85,0.16283297538757324
CatBoostClassifier,0.85,0.15173101425170898
RadiusNeighborsClassifier,,
KNeighborsClassifier,0.8833333333333333,0.0016300678253173828
NearestCentroid,0.8333333333333334,0.0005857944488525391
QuadraticDiscriminantAnalysis,0.7833333333333333,0.0010309219360351562
LinearDiscriminantAnalysis,0.9,0.0009639263153076172
GaussianNB,0.8166666666666667,0.0005450248718261719
BernoulliNB,0.8333333333333334,0.0014216899871826172
MLPClassifier,0.8166666666666667,0.9350321292877197
ExtraTreeClassifier,0.75,0.000637054443359375
DecisionTreeClassifier,0.8,0.001010894775390625
LabelSpreading,0.7833333333333333,0.0014281272888183594
LabelPropagation,0.7833333333333333,0.0008561611175537109
DummyClassifier,0.5666666666666667,8.702278137207031e-05
