classifier,score,time
SVC,0.9025,1.015650987625122
SGDClassifier,0.9025,0.02861499786376953
RidgeClassifierCV,0.9025,0.5538120269775391
RidgeClassifier,0.9025,0.004374027252197266
Perceptron,0.9015,0.005137205123901367
PassiveAggressiveClassifier,0.7315,0.00952911376953125
LogisticRegressionCV,0.9025,0.4892609119415283
LogisticRegression,0.9025,0.03977179527282715
LinearSVC,0.9025,0.02634906768798828
RandomForestClassifier,0.892,0.5163428783416748
HistGradientBoostingClassifier,0.899,0.8524641990661621
GradientBoostingClassifier,0.902,0.6363990306854248
ExtraTreesClassifier,0.881,0.4731020927429199
AdaBoostClassifier,0.903,0.33461594581604004
XGBClassifier,0.8945,0.16855406761169434
LGBMClassifier,,
CatBoostClassifier,0.898,0.3129541873931885
RadiusNeighborsClassifier,,
KNeighborsClassifier,0.8945,0.0019440650939941406
NearestCentroid,0.6755,0.0017201900482177734
QuadraticDiscriminantAnalysis,0.811,0.0735011100769043
LinearDiscriminantAnalysis,0.9025,0.2875080108642578
GaussianNB,0.513,0.0027861595153808594
BernoulliNB,0.863,0.2381591796875
MLPClassifier,0.883,33.15891695022583
ExtraTreeClassifier,0.839,0.008249044418334961
DecisionTreeClassifier,0.8345,0.04015994071960449
LabelSpreading,0.8765,1.3846039772033691
LabelPropagation,0.876,0.6079747676849365
DummyClassifier,0.9025,0.000308990478515625
