classifier,score,time
SVC,0.8931297709923665,0.0024039745330810547
SGDClassifier,0.9007633587786259,0.002496957778930664
RidgeClassifierCV,0.8931297709923665,0.0014028549194335938
RidgeClassifier,0.8931297709923665,0.015342950820922852
Perceptron,0.9007633587786259,0.005707979202270508
PassiveAggressiveClassifier,0.8931297709923665,0.0010929107666015625
LogisticRegressionCV,0.8931297709923665,0.07631587982177734
LogisticRegression,0.8854961832061069,0.007237911224365234
LinearSVC,0.8931297709923665,0.0008471012115478516
RandomForestClassifier,0.8549618320610687,0.057808876037597656
HistGradientBoostingClassifier,0.8396946564885496,0.6742019653320312
GradientBoostingClassifier,0.8473282442748091,0.0748291015625
ExtraTreesClassifier,0.8549618320610687,0.040747880935668945
AdaBoostClassifier,0.8702290076335878,0.06993818283081055
XGBClassifier,0.8320610687022901,0.07519292831420898
LGBMClassifier,0.8625954198473282,0.2907421588897705
CatBoostClassifier,0.8625954198473282,0.04796409606933594
RadiusNeighborsClassifier,0.8931297709923665,0.0008549690246582031
KNeighborsClassifier,0.8549618320610687,0.0005667209625244141
NearestCentroid,0.6793893129770993,0.0005929470062255859
QuadraticDiscriminantAnalysis,0.7175572519083969,0.0005941390991210938
LinearDiscriminantAnalysis,0.8931297709923665,0.0008349418640136719
GaussianNB,0.7862595419847328,0.0005698204040527344
BernoulliNB,0.8931297709923665,0.0007259845733642578
MLPClassifier,0.8931297709923665,2.839479923248291
ExtraTreeClassifier,0.7938931297709924,0.0006928443908691406
DecisionTreeClassifier,0.816793893129771,0.0012958049774169922
LabelSpreading,0.8778625954198473,0.04891633987426758
LabelPropagation,0.8778625954198473,0.019713163375854492
DummyClassifier,0.8931297709923665,0.00015997886657714844
