classifier,score,time
SVC,0.9061371841155235,0.011511802673339844
SGDClassifier,0.9061371841155235,0.002137899398803711
RidgeClassifierCV,0.9133574007220217,0.02133464813232422
RidgeClassifier,0.9133574007220217,0.011262893676757812
Perceptron,0.924187725631769,0.00907278060913086
PassiveAggressiveClassifier,0.8808664259927798,0.0033469200134277344
LogisticRegressionCV,0.9386281588447654,0.3381838798522949
LogisticRegression,0.9133574007220217,0.008127927780151367
LinearSVC,0.9169675090252708,0.002023935317993164
RandomForestClassifier,0.9025270758122743,0.14251708984375
HistGradientBoostingClassifier,0.9097472924187726,0.6830949783325195
GradientBoostingClassifier,0.9133574007220217,0.1706998348236084
ExtraTreesClassifier,0.9025270758122743,0.06725621223449707
AdaBoostClassifier,0.9133574007220217,0.0973210334777832
XGBClassifier,0.9133574007220217,0.06538820266723633
LGBMClassifier,,
CatBoostClassifier,0.9169675090252708,0.12555789947509766
RadiusNeighborsClassifier,0.7328519855595668,0.0009641647338867188
KNeighborsClassifier,0.8339350180505415,0.0006537437438964844
NearestCentroid,0.7436823104693141,0.0005300045013427734
QuadraticDiscriminantAnalysis,0.7581227436823105,0.001065969467163086
LinearDiscriminantAnalysis,0.9169675090252708,0.011381149291992188
GaussianNB,0.7472924187725631,0.0006172657012939453
BernoulliNB,0.7256317689530686,0.0023260116577148438
MLPClassifier,0.924187725631769,1.3339040279388428
ExtraTreeClassifier,0.7653429602888087,0.000972747802734375
DecisionTreeClassifier,0.8844765342960289,0.005685091018676758
LabelSpreading,0.8736462093862816,0.01821112632751465
LabelPropagation,0.8628158844765343,0.023570775985717773
DummyClassifier,0.7328519855595668,0.00030112266540527344
