classifier,score,time
SVC,0.851063829787234,0.002897977828979492
SGDClassifier,0.8297872340425532,0.0017402172088623047
RidgeClassifierCV,0.851063829787234,0.23100876808166504
RidgeClassifier,0.8404255319148937,0.036657094955444336
Perceptron,0.8297872340425532,0.0023012161254882812
PassiveAggressiveClassifier,0.7872340425531915,0.0008609294891357422
LogisticRegressionCV,0.851063829787234,0.06615900993347168
LogisticRegression,0.851063829787234,0.0021049976348876953
LinearSVC,0.851063829787234,0.003551959991455078
RandomForestClassifier,0.851063829787234,0.10091066360473633
HistGradientBoostingClassifier,0.776595744680851,0.401824951171875
GradientBoostingClassifier,0.8297872340425532,0.06274104118347168
ExtraTreesClassifier,0.7872340425531915,0.044523000717163086
AdaBoostClassifier,0.7978723404255319,0.06075167655944824
XGBClassifier,0.7872340425531915,0.0704491138458252
LGBMClassifier,0.7659574468085106,0.2681467533111572
CatBoostClassifier,0.8297872340425532,0.18381690979003906
RadiusNeighborsClassifier,,
KNeighborsClassifier,0.8404255319148937,0.0006892681121826172
NearestCentroid,0.5957446808510638,0.001753091812133789
QuadraticDiscriminantAnalysis,0.1702127659574468,0.18382692337036133
LinearDiscriminantAnalysis,0.851063829787234,0.2691051959991455
GaussianNB,0.1702127659574468,0.0006818771362304688
BernoulliNB,0.8085106382978723,0.002985239028930664
MLPClassifier,0.7978723404255319,1.6484663486480713
ExtraTreeClassifier,0.7553191489361702,0.0007419586181640625
DecisionTreeClassifier,0.7659574468085106,0.002851724624633789
LabelSpreading,0.7872340425531915,0.009485006332397461
LabelPropagation,0.7872340425531915,0.0037078857421875
DummyClassifier,0.851063829787234,9.608268737792969e-05
