classifier,score,time
SVC,0.9824561403508771,0.002148151397705078
SGDClassifier,0.9649122807017544,0.0008757114410400391
RidgeClassifierCV,0.956140350877193,0.14589595794677734
RidgeClassifier,0.9649122807017544,0.03908205032348633
Perceptron,0.9473684210526315,0.002682209014892578
PassiveAggressiveClassifier,0.956140350877193,0.010525941848754883
LogisticRegressionCV,0.9649122807017544,0.15734291076660156
LogisticRegression,0.9736842105263158,0.00574183464050293
LinearSVC,0.9736842105263158,0.0013277530670166016
RandomForestClassifier,0.9649122807017544,0.12315201759338379
HistGradientBoostingClassifier,0.9649122807017544,0.5542252063751221
GradientBoostingClassifier,0.9649122807017544,0.3064870834350586
ExtraTreesClassifier,0.9736842105263158,0.03897380828857422
AdaBoostClassifier,0.9649122807017544,0.14955687522888184
XGBClassifier,0.9736842105263158,0.06731486320495605
LGBMClassifier,0.9824561403508771,0.29982995986938477
CatBoostClassifier,0.956140350877193,0.2124800682067871
RadiusNeighborsClassifier,0.868421052631579,0.0006718635559082031
KNeighborsClassifier,0.9736842105263158,0.0005009174346923828
NearestCentroid,0.956140350877193,0.0005819797515869141
QuadraticDiscriminantAnalysis,0.956140350877193,0.015313863754272461
LinearDiscriminantAnalysis,0.956140350877193,0.029198169708251953
GaussianNB,0.9385964912280702,0.0006248950958251953
BernoulliNB,0.6140350877192983,0.0007266998291015625
MLPClassifier,0.9736842105263158,1.2169418334960938
ExtraTreeClassifier,0.9210526315789473,0.0006699562072753906
DecisionTreeClassifier,0.9298245614035088,0.010004997253417969
LabelSpreading,0.9736842105263158,0.007015228271484375
LabelPropagation,0.9736842105263158,0.004487037658691406
DummyClassifier,0.631578947368421,0.00011801719665527344
