classifier,score,time
SVC,0.75,0.0006687641143798828
SGDClassifier,0.875,0.0005629062652587891
RidgeClassifierCV,0.75,0.001026153564453125
RidgeClassifier,0.75,0.0007772445678710938
Perceptron,0.875,0.0006239414215087891
PassiveAggressiveClassifier,0.75,0.0004951953887939453
LogisticRegressionCV,0.75,0.025894880294799805
LogisticRegression,0.75,0.0009801387786865234
LinearSVC,0.75,0.0005562305450439453
RandomForestClassifier,0.75,0.04328608512878418
HistGradientBoostingClassifier,0.75,0.06082582473754883
GradientBoostingClassifier,0.875,0.024134159088134766
ExtraTreesClassifier,0.75,0.034718990325927734
AdaBoostClassifier,0.75,0.05801200866699219
XGBClassifier,0.75,0.055432796478271484
LGBMClassifier,0.75,0.007833003997802734
CatBoostClassifier,0.75,0.09393477439880371
RadiusNeighborsClassifier,,
KNeighborsClassifier,0.75,0.0007112026214599609
NearestCentroid,1.0,0.0005030632019042969
QuadraticDiscriminantAnalysis,0.75,0.0010800361633300781
LinearDiscriminantAnalysis,0.875,0.0010008811950683594
GaussianNB,0.875,0.0006568431854248047
BernoulliNB,0.75,0.0009031295776367188
MLPClassifier,0.75,0.06910109519958496
ExtraTreeClassifier,0.75,0.000675201416015625
DecisionTreeClassifier,0.875,0.0005998611450195312
LabelSpreading,0.75,0.0008778572082519531
LabelPropagation,0.75,0.0008080005645751953
DummyClassifier,0.75,0.0003571510314941406
