classifier,score,time
SVC,0.8333333333333334,0.001394033432006836
SGDClassifier,0.7962962962962963,0.000797271728515625
RidgeClassifierCV,0.7962962962962963,0.0012729167938232422
RidgeClassifier,0.8148148148148148,0.0008389949798583984
Perceptron,0.7777777777777778,0.0007266998291015625
PassiveAggressiveClassifier,0.7777777777777778,0.0006299018859863281
LogisticRegressionCV,0.8333333333333334,0.028833866119384766
LogisticRegression,0.8148148148148148,0.001119852066040039
LinearSVC,0.8148148148148148,0.0006868839263916016
RandomForestClassifier,0.8518518518518519,0.04505586624145508
HistGradientBoostingClassifier,0.7777777777777778,0.17156505584716797
GradientBoostingClassifier,0.7777777777777778,0.04891610145568848
ExtraTreesClassifier,0.8333333333333334,0.035437822341918945
AdaBoostClassifier,0.7592592592592593,0.053964853286743164
XGBClassifier,0.8333333333333334,0.062394142150878906
LGBMClassifier,0.7962962962962963,0.1782360076904297
CatBoostClassifier,0.8333333333333334,0.15594768524169922
RadiusNeighborsClassifier,,
KNeighborsClassifier,0.8148148148148148,0.0014967918395996094
NearestCentroid,0.8148148148148148,0.0005209445953369141
QuadraticDiscriminantAnalysis,0.5,0.0009920597076416016
LinearDiscriminantAnalysis,0.8148148148148148,0.0009479522705078125
GaussianNB,0.7222222222222222,0.0005388259887695312
BernoulliNB,0.7962962962962963,0.0007319450378417969
MLPClassifier,0.8333333333333334,0.15897536277770996
ExtraTreeClassifier,0.7592592592592593,0.000614166259765625
DecisionTreeClassifier,0.6666666666666666,0.0008969306945800781
LabelSpreading,0.7777777777777778,0.0028629302978515625
LabelPropagation,0.7777777777777778,0.0025238990783691406
DummyClassifier,0.5370370370370371,0.00027298927307128906
