classifier,score,time
SVC,0.7348484848484849,0.014368057250976562
SGDClassifier,0.7234848484848485,0.002972841262817383
RidgeClassifierCV,0.7386363636363636,0.031913042068481445
RidgeClassifier,0.7386363636363636,0.00665593147277832
Perceptron,0.7234848484848485,0.001154184341430664
PassiveAggressiveClassifier,0.7651515151515151,0.0015120506286621094
LogisticRegressionCV,0.7878787878787878,0.2263350486755371
LogisticRegression,0.7310606060606061,0.0019047260284423828
LinearSVC,0.7689393939393939,0.0012271404266357422
RandomForestClassifier,0.9810606060606061,0.12073707580566406
HistGradientBoostingClassifier,0.9810606060606061,0.5840158462524414
GradientBoostingClassifier,0.9810606060606061,0.127122163772583
ExtraTreesClassifier,0.946969696969697,0.06859111785888672
AdaBoostClassifier,0.9696969696969697,0.08310699462890625
XGBClassifier,0.9810606060606061,0.061797142028808594
LGBMClassifier,0.9772727272727273,0.31395411491394043
CatBoostClassifier,0.9848484848484849,0.11033177375793457
RadiusNeighborsClassifier,0.6477272727272727,0.0009038448333740234
KNeighborsClassifier,0.6856060606060606,0.0005950927734375
NearestCentroid,0.571969696969697,0.00045490264892578125
QuadraticDiscriminantAnalysis,0.6212121212121212,0.0008461475372314453
LinearDiscriminantAnalysis,0.7424242424242424,0.0010340213775634766
GaussianNB,0.6439393939393939,0.0005929470062255859
BernoulliNB,0.571969696969697,0.0007700920104980469
MLPClassifier,0.8371212121212122,2.188204050064087
ExtraTreeClassifier,0.8446969696969697,0.0008561611175537109
DecisionTreeClassifier,0.9924242424242424,0.0019040107727050781
LabelSpreading,0.6931818181818182,0.018648147583007812
LabelPropagation,0.696969696969697,0.00717616081237793
DummyClassifier,0.6477272727272727,0.00011920928955078125
