classifier,score,time
SVC,,
SGDClassifier,,
RidgeClassifierCV,1.0,0.27608799934387207
RidgeClassifier,1.0,0.0077250003814697266
Perceptron,,
PassiveAggressiveClassifier,,
LogisticRegressionCV,,
LogisticRegression,,
LinearSVC,,
RandomForestClassifier,1.0,0.050132036209106445
HistGradientBoostingClassifier,1.0,0.22545099258422852
GradientBoostingClassifier,,
ExtraTreesClassifier,1.0,0.02815985679626465
AdaBoostClassifier,1.0,0.0013720989227294922
XGBClassifier,1.0,0.036244869232177734
LGBMClassifier,1.0,0.004344940185546875
CatBoostClassifier,,
RadiusNeighborsClassifier,,
KNeighborsClassifier,1.0,0.0005640983581542969
NearestCentroid,,
QuadraticDiscriminantAnalysis,,
LinearDiscriminantAnalysis,1.0,0.024339914321899414
GaussianNB,1.0,0.008026123046875
BernoulliNB,1.0,0.026683330535888672
MLPClassifier,1.0,1.1162960529327393
ExtraTreeClassifier,1.0,0.0007131099700927734
DecisionTreeClassifier,1.0,0.0004780292510986328
LabelSpreading,1.0,0.02074122428894043
LabelPropagation,1.0,0.009197235107421875
DummyClassifier,1.0,0.00037407875061035156
