classifier,score,time
SVC,0.8166666666666667,0.0015578269958496094
SGDClassifier,0.75,0.0008738040924072266
RidgeClassifierCV,0.8333333333333334,0.0013239383697509766
RidgeClassifier,0.8,0.0008499622344970703
Perceptron,0.6166666666666667,0.0007359981536865234
PassiveAggressiveClassifier,0.65,0.0006587505340576172
LogisticRegressionCV,0.8166666666666667,0.03004908561706543
LogisticRegression,0.8333333333333334,0.0015017986297607422
LinearSVC,0.8,0.0007460117340087891
RandomForestClassifier,0.85,0.04542899131774902
HistGradientBoostingClassifier,0.8166666666666667,0.18894386291503906
GradientBoostingClassifier,0.8,0.05103111267089844
ExtraTreesClassifier,0.8,0.03615880012512207
AdaBoostClassifier,0.75,0.05472302436828613
XGBClassifier,0.8,0.06464004516601562
LGBMClassifier,0.8,0.19458675384521484
CatBoostClassifier,0.85,0.15787220001220703
RadiusNeighborsClassifier,,
KNeighborsClassifier,0.8666666666666667,0.001444101333618164
NearestCentroid,0.8333333333333334,0.0004942417144775391
QuadraticDiscriminantAnalysis,0.5,0.0009889602661132812
LinearDiscriminantAnalysis,0.8,0.0009360313415527344
GaussianNB,0.85,0.0005469322204589844
BernoulliNB,0.8333333333333334,0.0007228851318359375
MLPClassifier,0.85,0.531724214553833
ExtraTreeClassifier,0.7333333333333333,0.0006279945373535156
DecisionTreeClassifier,0.6666666666666666,0.0009999275207519531
LabelSpreading,0.7666666666666667,0.0013689994812011719
LabelPropagation,0.7833333333333333,0.0008614063262939453
DummyClassifier,0.5333333333333333,8.392333984375e-05
