classifier,score,time
SVC,,
SGDClassifier,,
RidgeClassifierCV,1.0,1.042975902557373
RidgeClassifier,1.0,0.5383563041687012
Perceptron,,
PassiveAggressiveClassifier,,
LogisticRegressionCV,,
LogisticRegression,,
LinearSVC,,
RandomForestClassifier,1.0,0.06018567085266113
HistGradientBoostingClassifier,1.0,0.7383291721343994
GradientBoostingClassifier,,
ExtraTreesClassifier,1.0,0.050302982330322266
AdaBoostClassifier,1.0,0.026324987411499023
XGBClassifier,,
LGBMClassifier,,
CatBoostClassifier,,
RadiusNeighborsClassifier,,
KNeighborsClassifier,1.0,0.026730060577392578
NearestCentroid,,
QuadraticDiscriminantAnalysis,,
LinearDiscriminantAnalysis,1.0,5.680786848068237
GaussianNB,1.0,0.0879371166229248
BernoulliNB,1.0,0.07275700569152832
MLPClassifier,1.0,15.433798789978027
ExtraTreeClassifier,1.0,0.02889084815979004
DecisionTreeClassifier,1.0,0.022959232330322266
LabelSpreading,1.0,0.17764806747436523
LabelPropagation,1.0,0.20979619026184082
DummyClassifier,1.0,0.0004220008850097656
