classifier,score,time
SVC,0.6833333333333333,0.0017409324645996094
SGDClassifier,0.7833333333333333,0.0011889934539794922
RidgeClassifierCV,0.7833333333333333,0.0013811588287353516
RidgeClassifier,0.7833333333333333,0.0009090900421142578
Perceptron,0.75,0.0008859634399414062
PassiveAggressiveClassifier,0.65,0.0006787776947021484
LogisticRegressionCV,0.7833333333333333,0.031426191329956055
LogisticRegression,0.75,0.0016410350799560547
LinearSVC,0.7833333333333333,0.0006971359252929688
RandomForestClassifier,0.8166666666666667,0.049987077713012695
HistGradientBoostingClassifier,0.8166666666666667,0.2388291358947754
GradientBoostingClassifier,0.7833333333333333,0.0529789924621582
ExtraTreesClassifier,0.7166666666666667,0.03925895690917969
AdaBoostClassifier,0.8,0.056173086166381836
XGBClassifier,0.8,0.0722799301147461
LGBMClassifier,0.8,0.16800308227539062
CatBoostClassifier,0.8,0.09162688255310059
RadiusNeighborsClassifier,,
KNeighborsClassifier,0.65,0.0006971359252929688
NearestCentroid,0.6666666666666666,0.00047707557678222656
QuadraticDiscriminantAnalysis,0.65,0.0007758140563964844
LinearDiscriminantAnalysis,0.8166666666666667,0.0007348060607910156
GaussianNB,0.6833333333333333,0.0005092620849609375
BernoulliNB,0.6166666666666667,0.0006670951843261719
MLPClassifier,0.75,2.438805103302002
ExtraTreeClassifier,0.65,0.0006470680236816406
DecisionTreeClassifier,0.7666666666666667,0.0010409355163574219
LabelSpreading,0.5833333333333334,0.0011820793151855469
LabelPropagation,0.5666666666666667,0.0010089874267578125
DummyClassifier,0.6333333333333333,0.00010180473327636719
