classifier,score,time
SVC,0.8674698795180723,0.0697011947631836
SGDClassifier,0.8092369477911646,0.008773088455200195
RidgeClassifierCV,0.8453815261044176,0.439486026763916
RidgeClassifier,0.8453815261044176,0.07281303405761719
Perceptron,0.5742971887550201,0.002074003219604492
PassiveAggressiveClassifier,0.8112449799196787,0.003233194351196289
LogisticRegressionCV,0.8493975903614458,0.18696022033691406
LogisticRegression,0.8393574297188755,0.011056184768676758
LinearSVC,0.8433734939759037,0.004617929458618164
RandomForestClassifier,0.8895582329317269,0.12945890426635742
HistGradientBoostingClassifier,0.9036144578313253,0.6996481418609619
GradientBoostingClassifier,0.8775100401606426,0.14893794059753418
ExtraTreesClassifier,0.8875502008032129,0.10423803329467773
AdaBoostClassifier,0.8493975903614458,0.10191202163696289
XGBClassifier,0.8955823293172691,0.06392288208007812
LGBMClassifier,0.8955823293172691,0.3877699375152588
CatBoostClassifier,0.8795180722891566,0.1998589038848877
RadiusNeighborsClassifier,,
KNeighborsClassifier,0.8875502008032129,0.0013630390167236328
NearestCentroid,0.7991967871485943,0.00086212158203125
QuadraticDiscriminantAnalysis,0.5281124497991968,0.004575967788696289
LinearDiscriminantAnalysis,0.8453815261044176,0.2706260681152344
GaussianNB,0.5341365461847389,0.0033638477325439453
BernoulliNB,0.8172690763052208,0.00391387939453125
MLPClassifier,0.8835341365461847,2.273634672164917
ExtraTreeClassifier,0.8875502008032129,0.0025589466094970703
DecisionTreeClassifier,0.891566265060241,0.0042688846588134766
LabelSpreading,0.8674698795180723,0.07103896141052246
LabelPropagation,0.8674698795180723,0.028710126876831055
DummyClassifier,0.5180722891566265,0.00015425682067871094
