classifier,score,time
SVC,0.7833333333333333,0.0014951229095458984
SGDClassifier,0.7666666666666667,0.0009427070617675781
RidgeClassifierCV,0.8666666666666667,0.001135110855102539
RidgeClassifier,0.8666666666666667,0.0007927417755126953
Perceptron,0.7666666666666667,0.0006561279296875
PassiveAggressiveClassifier,0.7333333333333333,0.0005919933319091797
LogisticRegressionCV,0.8333333333333334,0.029788970947265625
LogisticRegression,0.8333333333333334,0.001455068588256836
LinearSVC,0.85,0.0006310939788818359
RandomForestClassifier,0.8166666666666667,0.047096967697143555
HistGradientBoostingClassifier,0.8,0.4382767677307129
GradientBoostingClassifier,0.8166666666666667,0.053173065185546875
ExtraTreesClassifier,0.7833333333333333,0.03838992118835449
AdaBoostClassifier,0.7166666666666667,0.05544877052307129
XGBClassifier,0.7833333333333333,0.05840635299682617
LGBMClassifier,0.8166666666666667,0.13310480117797852
CatBoostClassifier,0.8333333333333334,0.13547205924987793
RadiusNeighborsClassifier,,
KNeighborsClassifier,0.7666666666666667,0.0013720989227294922
NearestCentroid,0.6666666666666666,0.0005269050598144531
QuadraticDiscriminantAnalysis,0.7666666666666667,0.0015208721160888672
LinearDiscriminantAnalysis,0.8666666666666667,0.0031096935272216797
GaussianNB,0.8333333333333334,0.0005741119384765625
BernoulliNB,0.6666666666666666,0.0007390975952148438
MLPClassifier,0.8666666666666667,0.45379090309143066
ExtraTreeClassifier,0.7166666666666667,0.0006251335144042969
DecisionTreeClassifier,0.8166666666666667,0.0010540485382080078
LabelSpreading,0.8,0.0013470649719238281
LabelPropagation,0.75,0.000827789306640625
DummyClassifier,0.7,8.606910705566406e-05
