classifier,score,time
SVC,0.7083333333333334,0.0007259845733642578
SGDClassifier,0.75,0.0005881786346435547
RidgeClassifierCV,0.625,0.0010662078857421875
RidgeClassifier,0.625,0.000759124755859375
Perceptron,0.5416666666666666,0.0005631446838378906
PassiveAggressiveClassifier,0.75,0.0004820823669433594
LogisticRegressionCV,0.6666666666666666,0.0252227783203125
LogisticRegression,0.4583333333333333,0.0007970333099365234
LinearSVC,0.625,0.0004889965057373047
RandomForestClassifier,0.625,0.04236793518066406
HistGradientBoostingClassifier,0.75,0.09407496452331543
GradientBoostingClassifier,0.75,0.03775429725646973
ExtraTreesClassifier,0.6666666666666666,0.03087592124938965
AdaBoostClassifier,0.5833333333333334,0.049369096755981445
XGBClassifier,0.75,0.06269121170043945
LGBMClassifier,0.8333333333333334,0.06668972969055176
CatBoostClassifier,0.7083333333333334,0.09874105453491211
RadiusNeighborsClassifier,0.375,0.0006861686706542969
KNeighborsClassifier,0.7083333333333334,0.0004138946533203125
NearestCentroid,0.5833333333333334,0.0003809928894042969
QuadraticDiscriminantAnalysis,0.6666666666666666,0.0004730224609375
LinearDiscriminantAnalysis,0.6666666666666666,0.0006470680236816406
GaussianNB,0.6666666666666666,0.00045800209045410156
BernoulliNB,0.3333333333333333,0.0006110668182373047
MLPClassifier,0.8333333333333334,0.13271188735961914
ExtraTreeClassifier,0.5,0.0004630088806152344
DecisionTreeClassifier,0.75,0.0005524158477783203
LabelSpreading,0.6666666666666666,0.0005438327789306641
LabelPropagation,0.6666666666666666,0.00046896934509277344
DummyClassifier,0.375,7.486343383789062e-05
