classifier,score,time
SVC,0.7333333333333333,0.0014548301696777344
SGDClassifier,0.8,0.0006959438323974609
RidgeClassifierCV,0.8833333333333333,0.0011382102966308594
RidgeClassifier,0.8833333333333333,0.0009379386901855469
Perceptron,0.7833333333333333,0.0006811618804931641
PassiveAggressiveClassifier,0.8666666666666667,0.0006678104400634766
LogisticRegressionCV,0.8833333333333333,0.03040909767150879
LogisticRegression,0.8333333333333334,0.0015170574188232422
LinearSVC,0.8833333333333333,0.000637054443359375
RandomForestClassifier,0.8666666666666667,0.04945874214172363
HistGradientBoostingClassifier,0.8666666666666667,0.1956501007080078
GradientBoostingClassifier,0.8666666666666667,0.05257892608642578
ExtraTreesClassifier,0.7666666666666667,0.03801393508911133
AdaBoostClassifier,0.85,0.05503106117248535
XGBClassifier,0.8666666666666667,0.060502052307128906
LGBMClassifier,0.9166666666666666,0.15784120559692383
CatBoostClassifier,0.85,0.14127707481384277
RadiusNeighborsClassifier,,
KNeighborsClassifier,0.6666666666666666,0.00048089027404785156
NearestCentroid,0.6166666666666667,0.00047016143798828125
QuadraticDiscriminantAnalysis,0.6,0.0008640289306640625
LinearDiscriminantAnalysis,0.8833333333333333,0.000782012939453125
GaussianNB,0.7666666666666667,0.0005130767822265625
BernoulliNB,0.6166666666666667,0.0006940364837646484
MLPClassifier,0.8,1.1205379962921143
ExtraTreeClassifier,0.6666666666666666,0.0006279945373535156
DecisionTreeClassifier,0.8166666666666667,0.002360105514526367
LabelSpreading,0.6833333333333333,0.004578113555908203
LabelPropagation,0.6833333333333333,0.00556182861328125
DummyClassifier,0.6333333333333333,0.0002739429473876953
