classifier,score,time
SVC,0.9788408463661453,0.03861093521118164
SGDClassifier,0.9576816927322908,0.007046222686767578
RidgeClassifierCV,0.9567617295308187,0.5026729106903076
RidgeClassifier,0.9567617295308187,0.027298927307128906
Perceptron,0.9549218031278749,0.003300905227661133
PassiveAggressiveClassifier,0.9484820607175714,0.009824037551879883
LogisticRegressionCV,0.9576816927322908,0.17540216445922852
LogisticRegression,0.9641214351425943,0.010841131210327148
LinearSVC,0.9604415823367065,0.007883071899414062
RandomForestClassifier,0.9788408463661453,0.157135009765625
HistGradientBoostingClassifier,0.9788408463661453,0.7926290035247803
GradientBoostingClassifier,0.9751609935602575,0.36043787002563477
ExtraTreesClassifier,0.9788408463661453,0.1273660659790039
AdaBoostClassifier,0.9595216191352346,0.1968691349029541
XGBClassifier,0.9788408463661453,0.10285401344299316
LGBMClassifier,0.9788408463661453,0.4763147830963135
CatBoostClassifier,0.9788408463661453,0.2245800495147705
RadiusNeighborsClassifier,0.9788408463661453,0.0012629032135009766
KNeighborsClassifier,0.9760809567617296,0.0007910728454589844
NearestCentroid,0.9328426862925483,0.0009400844573974609
QuadraticDiscriminantAnalysis,0.6375344986200552,0.10966086387634277
LinearDiscriminantAnalysis,0.953081876724931,0.10117483139038086
GaussianNB,0.7286108555657773,0.0030269622802734375
BernoulliNB,0.9503219871205152,0.2584817409515381
MLPClassifier,0.9788408463661453,1.674025058746338
ExtraTreeClassifier,0.9788408463661453,0.0016279220581054688
DecisionTreeClassifier,0.9788408463661453,0.009725093841552734
LabelSpreading,0.9788408463661453,0.35768675804138184
LabelPropagation,0.9788408463661453,0.22943806648254395
DummyClassifier,0.8187672493100276,0.00019502639770507812
