classifier,score,time
SVC,0.7592592592592593,0.0017399787902832031
SGDClassifier,0.8148148148148148,0.0009407997131347656
RidgeClassifierCV,0.8518518518518519,0.0014348030090332031
RidgeClassifier,0.8518518518518519,0.0010249614715576172
Perceptron,0.8888888888888888,0.0009150505065917969
PassiveAggressiveClassifier,0.8333333333333334,0.000782012939453125
LogisticRegressionCV,0.8703703703703703,0.03144502639770508
LogisticRegression,0.8333333333333334,0.0016241073608398438
LinearSVC,0.8703703703703703,0.0007500648498535156
RandomForestClassifier,0.8148148148148148,0.04708075523376465
HistGradientBoostingClassifier,0.8148148148148148,0.2289409637451172
GradientBoostingClassifier,0.7777777777777778,0.05078005790710449
ExtraTreesClassifier,0.8148148148148148,0.04028487205505371
AdaBoostClassifier,0.7407407407407407,0.05434298515319824
XGBClassifier,0.7777777777777778,0.06421017646789551
LGBMClassifier,0.8333333333333334,0.17557501792907715
CatBoostClassifier,0.8703703703703703,0.1507549285888672
RadiusNeighborsClassifier,,
KNeighborsClassifier,0.7962962962962963,0.0014460086822509766
NearestCentroid,0.8333333333333334,0.0005059242248535156
QuadraticDiscriminantAnalysis,0.5925925925925926,0.0009849071502685547
LinearDiscriminantAnalysis,0.8518518518518519,0.0009620189666748047
GaussianNB,0.7777777777777778,0.0005412101745605469
BernoulliNB,0.8333333333333334,0.0007297992706298828
MLPClassifier,0.8333333333333334,0.5088517665863037
ExtraTreeClassifier,0.7222222222222222,0.0006351470947265625
DecisionTreeClassifier,0.6666666666666666,0.0009272098541259766
LabelSpreading,0.8148148148148148,0.0012631416320800781
LabelPropagation,0.8148148148148148,0.0008103847503662109
DummyClassifier,0.4444444444444444,0.0002498626708984375
