classifier,score,time
SVC,0.67,2.79666805267334
SGDClassifier,0.6075,0.3401148319244385
RidgeClassifierCV,0.645,2.852475881576538
RidgeClassifier,0.625,0.46236228942871094
Perceptron,0.6325,0.36113715171813965
PassiveAggressiveClassifier,0.6175,1.0975408554077148
LogisticRegressionCV,0.67,6.550819158554077
LogisticRegression,0.635,0.5013430118560791
LinearSVC,0.6075,0.11020398139953613
RandomForestClassifier,0.67,1.040961742401123
HistGradientBoostingClassifier,0.64,11.51201581954956
GradientBoostingClassifier,0.66,3.5533339977264404
ExtraTreesClassifier,0.67,1.2861499786376953
AdaBoostClassifier,0.6225,2.2424838542938232
XGBClassifier,0.6,1.8671000003814697
LGBMClassifier,0.6275,0.6882727146148682
CatBoostClassifier,0.65,0.5906047821044922
RadiusNeighborsClassifier,,
KNeighborsClassifier,0.585,0.030755996704101562
NearestCentroid,0.565,0.037943124771118164
QuadraticDiscriminantAnalysis,0.51,11.32378625869751
LinearDiscriminantAnalysis,0.67,12.160212993621826
GaussianNB,0.39,0.10359716415405273
BernoulliNB,0.67,0.1216731071472168
MLPClassifier,0.5925,41.338478088378906
ExtraTreeClassifier,0.625,0.07019805908203125
DecisionTreeClassifier,0.5825,0.20583796501159668
LabelSpreading,0.5725,0.3072090148925781
LabelPropagation,0.5725,0.3043060302734375
DummyClassifier,0.67,0.0011920928955078125
