classifier,score,time
SVC,0.8375,1.1189687252044678
SGDClassifier,0.8375,0.055001020431518555
RidgeClassifierCV,0.8525,5.289932012557983
RidgeClassifier,0.8625,0.3906850814819336
Perceptron,0.83,0.140794038772583
PassiveAggressiveClassifier,0.8425,0.13954901695251465
LogisticRegressionCV,0.8575,2.03346586227417
LogisticRegression,0.83,0.07507491111755371
LinearSVC,0.8575,0.024241924285888672
RandomForestClassifier,0.75,0.7585930824279785
HistGradientBoostingClassifier,0.4975,6.385470867156982
GradientBoostingClassifier,0.695,1.1556689739227295
ExtraTreesClassifier,0.805,1.1542868614196777
AdaBoostClassifier,0.72,0.6971008777618408
XGBClassifier,0.7025,0.38018202781677246
LGBMClassifier,,
CatBoostClassifier,0.67,0.2823648452758789
RadiusNeighborsClassifier,,
KNeighborsClassifier,0.7375,0.009087085723876953
NearestCentroid,0.7275,0.010000944137573242
QuadraticDiscriminantAnalysis,0.695,5.638408899307251
LinearDiscriminantAnalysis,0.625,5.177577018737793
GaussianNB,0.7775,0.13220000267028809
BernoulliNB,0.8175,0.06595683097839355
MLPClassifier,0.8425,21.924112796783447
ExtraTreeClassifier,0.7525,0.02776789665222168
DecisionTreeClassifier,0.7475,0.5097060203552246
LabelSpreading,0.7775,0.1343379020690918
LabelPropagation,0.7875,0.1005399227142334
DummyClassifier,0.5325,0.00022292137145996094
