classifier,score,time
SVC,0.7666666666666667,0.0034432411193847656
SGDClassifier,0.7833333333333333,0.002766132354736328
RidgeClassifierCV,0.7666666666666667,0.4678499698638916
RidgeClassifier,0.7666666666666667,0.1311328411102295
Perceptron,0.7333333333333333,0.0021071434020996094
PassiveAggressiveClassifier,0.8166666666666667,0.006700038909912109
LogisticRegressionCV,0.8,1.5921826362609863
LogisticRegression,0.8,0.06176304817199707
LinearSVC,0.7666666666666667,0.0013768672943115234
RandomForestClassifier,0.9166666666666666,0.10326504707336426
HistGradientBoostingClassifier,0.8666666666666667,0.6521940231323242
GradientBoostingClassifier,0.9166666666666666,0.06980609893798828
ExtraTreesClassifier,0.8166666666666667,0.046399831771850586
AdaBoostClassifier,0.8166666666666667,0.06989288330078125
XGBClassifier,0.8833333333333333,0.09260106086730957
LGBMClassifier,,
CatBoostClassifier,0.8833333333333333,0.13721609115600586
RadiusNeighborsClassifier,,
KNeighborsClassifier,0.7666666666666667,0.0009253025054931641
NearestCentroid,0.7333333333333333,0.000865936279296875
QuadraticDiscriminantAnalysis,0.48333333333333334,0.19921493530273438
LinearDiscriminantAnalysis,0.7333333333333333,0.10542821884155273
GaussianNB,0.3333333333333333,0.003345012664794922
BernoulliNB,0.7333333333333333,0.0011708736419677734
MLPClassifier,0.7333333333333333,6.0653228759765625
ExtraTreeClassifier,0.6666666666666666,0.0038268566131591797
DecisionTreeClassifier,0.85,0.004427909851074219
LabelSpreading,0.7,0.02323603630065918
LabelPropagation,0.7,0.003422975540161133
DummyClassifier,0.75,0.0001380443572998047
