classifier,score,time
SVC,0.819672131147541,0.009785890579223633
SGDClassifier,0.8032786885245902,0.0027017593383789062
RidgeClassifierCV,0.8360655737704918,0.0025489330291748047
RidgeClassifier,0.8524590163934426,0.0011701583862304688
Perceptron,0.8032786885245902,0.0010139942169189453
PassiveAggressiveClassifier,0.8032786885245902,0.0009181499481201172
LogisticRegressionCV,0.8360655737704918,0.07139110565185547
LogisticRegression,0.8360655737704918,0.002460002899169922
LinearSVC,0.8524590163934426,0.0009872913360595703
RandomForestClassifier,0.819672131147541,0.10347104072570801
HistGradientBoostingClassifier,0.7704918032786885,0.3076610565185547
GradientBoostingClassifier,0.819672131147541,0.07903313636779785
ExtraTreesClassifier,0.7868852459016393,0.05537700653076172
AdaBoostClassifier,0.819672131147541,0.0856468677520752
XGBClassifier,0.7704918032786885,0.07504892349243164
LGBMClassifier,0.8032786885245902,0.18655681610107422
CatBoostClassifier,0.8360655737704918,0.11984992027282715
RadiusNeighborsClassifier,,
KNeighborsClassifier,0.8688524590163934,0.0014789104461669922
NearestCentroid,0.8360655737704918,0.0005996227264404297
QuadraticDiscriminantAnalysis,0.7049180327868853,0.0010228157043457031
LinearDiscriminantAnalysis,0.8360655737704918,0.0011470317840576172
GaussianNB,0.819672131147541,0.0006859302520751953
BernoulliNB,0.819672131147541,0.0008630752563476562
MLPClassifier,0.8360655737704918,6.636035919189453
ExtraTreeClassifier,0.7868852459016393,0.0008618831634521484
DecisionTreeClassifier,0.8032786885245902,0.001291036605834961
LabelSpreading,0.819672131147541,0.005337953567504883
LabelPropagation,0.819672131147541,0.0103302001953125
DummyClassifier,0.5081967213114754,0.0003631114959716797
