classifier,score,time
SVC,0.922077922077922,0.002148866653442383
SGDClassifier,0.974025974025974,0.0011548995971679688
RidgeClassifierCV,0.961038961038961,0.10727763175964355
RidgeClassifier,0.961038961038961,0.09706592559814453
Perceptron,0.974025974025974,0.0027136802673339844
PassiveAggressiveClassifier,0.948051948051948,0.003534078598022461
LogisticRegressionCV,0.961038961038961,0.18971610069274902
LogisticRegression,0.961038961038961,0.0021719932556152344
LinearSVC,0.961038961038961,0.0008339881896972656
RandomForestClassifier,0.961038961038961,0.07460808753967285
HistGradientBoostingClassifier,0.974025974025974,0.3354380130767822
GradientBoostingClassifier,0.961038961038961,0.0510408878326416
ExtraTreesClassifier,0.961038961038961,0.03474998474121094
AdaBoostClassifier,0.961038961038961,0.055967092514038086
XGBClassifier,0.961038961038961,0.07422709465026855
LGBMClassifier,0.961038961038961,0.23816895484924316
CatBoostClassifier,0.961038961038961,0.17252802848815918
RadiusNeighborsClassifier,,
KNeighborsClassifier,0.922077922077922,0.0016710758209228516
NearestCentroid,0.8701298701298701,0.0006170272827148438
QuadraticDiscriminantAnalysis,0.922077922077922,0.053781986236572266
LinearDiscriminantAnalysis,0.961038961038961,0.26938700675964355
GaussianNB,0.961038961038961,0.0022330284118652344
BernoulliNB,0.9090909090909091,0.002228975296020508
MLPClassifier,0.961038961038961,0.7045431137084961
ExtraTreeClassifier,0.8831168831168831,0.0006968975067138672
DecisionTreeClassifier,0.935064935064935,0.0007758140563964844
LabelSpreading,0.9090909090909091,0.006596803665161133
LabelPropagation,0.9090909090909091,0.0012989044189453125
DummyClassifier,0.6753246753246753,0.00028896331787109375
