classifier,score,time
SVC,,
SGDClassifier,,
RidgeClassifierCV,1.0,0.1835780143737793
RidgeClassifier,1.0,0.08405303955078125
Perceptron,,
PassiveAggressiveClassifier,,
LogisticRegressionCV,,
LogisticRegression,,
LinearSVC,,
RandomForestClassifier,1.0,0.04470324516296387
HistGradientBoostingClassifier,1.0,0.05310988426208496
GradientBoostingClassifier,,
ExtraTreesClassifier,1.0,0.027749061584472656
AdaBoostClassifier,1.0,0.0011990070343017578
XGBClassifier,1.0,0.0591280460357666
LGBMClassifier,1.0,0.0039501190185546875
CatBoostClassifier,,
RadiusNeighborsClassifier,,
KNeighborsClassifier,1.0,0.0006930828094482422
NearestCentroid,,
QuadraticDiscriminantAnalysis,,
LinearDiscriminantAnalysis,1.0,0.012511968612670898
GaussianNB,1.0,0.0016813278198242188
BernoulliNB,1.0,0.022539138793945312
MLPClassifier,1.0,0.3203771114349365
ExtraTreeClassifier,1.0,0.0005252361297607422
DecisionTreeClassifier,1.0,0.0004611015319824219
LabelSpreading,1.0,0.006073713302612305
LabelPropagation,1.0,0.005742788314819336
DummyClassifier,1.0,0.0002570152282714844
