classifier,score,time
SVC,0.68,0.05354595184326172
SGDClassifier,0.71,0.005069732666015625
RidgeClassifierCV,0.7125,0.09392595291137695
RidgeClassifier,0.7175,0.012691020965576172
Perceptron,0.6275,0.003664255142211914
PassiveAggressiveClassifier,0.595,0.015111923217773438
LogisticRegressionCV,0.7125,1.1111371517181396
LogisticRegression,0.7125,0.08158016204833984
LinearSVC,0.715,0.002593994140625
RandomForestClassifier,0.7175,0.23465704917907715
HistGradientBoostingClassifier,0.6925,0.9484140872955322
GradientBoostingClassifier,0.7125,0.18256187438964844
ExtraTreesClassifier,0.6975,0.10858798027038574
AdaBoostClassifier,0.7025,0.1082150936126709
XGBClassifier,0.685,0.07955503463745117
LGBMClassifier,0.685,0.39107823371887207
CatBoostClassifier,0.715,0.13453888893127441
RadiusNeighborsClassifier,,
KNeighborsClassifier,0.66,0.0007519721984863281
NearestCentroid,0.6375,0.0011169910430908203
QuadraticDiscriminantAnalysis,0.62,0.15442299842834473
LinearDiscriminantAnalysis,0.7125,0.005888938903808594
GaussianNB,0.6375,0.0007150173187255859
BernoulliNB,0.61,0.0008842945098876953
MLPClassifier,0.7075,15.868993997573853
ExtraTreeClassifier,0.6175,0.001383066177368164
DecisionTreeClassifier,0.6275,0.007896661758422852
LabelSpreading,0.645,0.07648777961730957
LabelPropagation,0.645,0.03927016258239746
DummyClassifier,0.4825,0.00017380714416503906
