classifier,score,time
SVC,0.9024390243902439,0.0010478496551513672
SGDClassifier,0.9512195121951219,0.0006940364837646484
RidgeClassifierCV,0.926829268292683,0.0010449886322021484
RidgeClassifier,0.926829268292683,0.0007948875427246094
Perceptron,0.8780487804878049,0.0006940364837646484
PassiveAggressiveClassifier,0.8536585365853658,0.0006458759307861328
LogisticRegressionCV,0.9024390243902439,0.058645009994506836
LogisticRegression,0.926829268292683,0.006438016891479492
LinearSVC,0.926829268292683,0.0019609928131103516
RandomForestClassifier,0.8536585365853658,0.08442807197570801
HistGradientBoostingClassifier,0.9024390243902439,0.308682918548584
GradientBoostingClassifier,0.8780487804878049,0.040762901306152344
ExtraTreesClassifier,0.8048780487804879,0.035791873931884766
AdaBoostClassifier,0.8292682926829268,0.05145692825317383
XGBClassifier,0.8536585365853658,0.08868288993835449
LGBMClassifier,0.8536585365853658,0.13059401512145996
CatBoostClassifier,0.8780487804878049,0.09728217124938965
RadiusNeighborsClassifier,,
KNeighborsClassifier,0.8780487804878049,0.0004398822784423828
NearestCentroid,0.7073170731707317,0.0004658699035644531
QuadraticDiscriminantAnalysis,0.8292682926829268,0.0018019676208496094
LinearDiscriminantAnalysis,0.9024390243902439,0.0012030601501464844
GaussianNB,0.7560975609756098,0.0005002021789550781
BernoulliNB,0.8780487804878049,0.0006568431854248047
MLPClassifier,0.8292682926829268,3.8883278369903564
ExtraTreeClassifier,0.8048780487804879,0.0016810894012451172
DecisionTreeClassifier,0.8292682926829268,0.0021369457244873047
LabelSpreading,0.8048780487804879,0.0021698474884033203
LabelPropagation,0.8048780487804879,0.0045392513275146484
DummyClassifier,0.9024390243902439,9.703636169433594e-05
