classifier,score,time
SVC,0.75,0.0007390975952148438
SGDClassifier,0.5833333333333334,0.0005502700805664062
RidgeClassifierCV,0.5833333333333334,0.0010461807250976562
RidgeClassifier,0.5833333333333334,0.0007460117340087891
Perceptron,0.6666666666666666,0.0005822181701660156
PassiveAggressiveClassifier,0.5416666666666666,0.0004730224609375
LogisticRegressionCV,0.7083333333333334,0.02460312843322754
LogisticRegression,0.6666666666666666,0.0007717609405517578
LinearSVC,0.7083333333333334,0.0004858970642089844
RandomForestClassifier,0.7083333333333334,0.04191279411315918
HistGradientBoostingClassifier,0.875,0.16634130477905273
GradientBoostingClassifier,0.8333333333333334,0.03862595558166504
ExtraTreesClassifier,0.7916666666666666,0.03116893768310547
AdaBoostClassifier,0.8333333333333334,0.0493779182434082
XGBClassifier,0.75,0.10683321952819824
LGBMClassifier,0.8333333333333334,0.06380534172058105
CatBoostClassifier,0.7916666666666666,0.08958697319030762
RadiusNeighborsClassifier,0.5416666666666666,0.0007011890411376953
KNeighborsClassifier,0.6666666666666666,0.0004169940948486328
NearestCentroid,0.5,0.0003898143768310547
QuadraticDiscriminantAnalysis,0.7083333333333334,0.0004839897155761719
LinearDiscriminantAnalysis,0.6666666666666666,0.0006511211395263672
GaussianNB,0.625,0.0004620552062988281
BernoulliNB,0.5416666666666666,0.0006289482116699219
MLPClassifier,0.8333333333333334,0.13567614555358887
ExtraTreeClassifier,0.5833333333333334,0.00045800209045410156
DecisionTreeClassifier,0.7083333333333334,0.0005817413330078125
LabelSpreading,0.7083333333333334,0.0005366802215576172
LabelPropagation,0.6666666666666666,0.0004718303680419922
DummyClassifier,0.5416666666666666,7.557868957519531e-05
