classifier,score,time
SVC,0.8421052631578947,0.00125885009765625
SGDClassifier,0.7894736842105263,0.011071920394897461
RidgeClassifierCV,0.8421052631578947,0.06854391098022461
RidgeClassifier,0.8421052631578947,0.0009560585021972656
Perceptron,0.5789473684210527,0.0007281303405761719
PassiveAggressiveClassifier,0.631578947368421,0.000621795654296875
LogisticRegressionCV,0.8157894736842105,0.14759016036987305
LogisticRegression,0.8157894736842105,0.0016391277313232422
LinearSVC,0.868421052631579,0.014208793640136719
RandomForestClassifier,0.7631578947368421,0.0799720287322998
HistGradientBoostingClassifier,0.868421052631579,0.1684250831604004
GradientBoostingClassifier,0.8421052631578947,0.04036402702331543
ExtraTreesClassifier,0.7631578947368421,0.03674602508544922
AdaBoostClassifier,0.8421052631578947,0.05115509033203125
XGBClassifier,0.868421052631579,0.10038614273071289
LGBMClassifier,0.8947368421052632,0.09109616279602051
CatBoostClassifier,0.8947368421052632,0.13160443305969238
RadiusNeighborsClassifier,,
KNeighborsClassifier,0.7105263157894737,0.000705718994140625
NearestCentroid,0.868421052631579,0.0005323886871337891
QuadraticDiscriminantAnalysis,0.631578947368421,0.022530078887939453
LinearDiscriminantAnalysis,0.8421052631578947,0.11356735229492188
GaussianNB,0.8421052631578947,0.0013968944549560547
BernoulliNB,0.8947368421052632,0.0007309913635253906
MLPClassifier,0.8157894736842105,4.7502501010894775
ExtraTreeClassifier,0.631578947368421,0.0006561279296875
DecisionTreeClassifier,0.6842105263157895,0.0008273124694824219
LabelSpreading,0.7368421052631579,0.005108833312988281
LabelPropagation,0.7368421052631579,0.02294015884399414
DummyClassifier,0.5526315789473685,0.00012803077697753906
