classifier,score,time
SVC,0.7241379310344828,0.0016567707061767578
SGDClassifier,0.5862068965517241,0.0010921955108642578
RidgeClassifierCV,0.7586206896551724,0.18417119979858398
RidgeClassifier,0.7241379310344828,0.02766704559326172
Perceptron,0.6551724137931034,0.0009338855743408203
PassiveAggressiveClassifier,0.603448275862069,0.0007081031799316406
LogisticRegressionCV,0.7068965517241379,0.07672119140625
LogisticRegression,0.7241379310344828,0.001783132553100586
LinearSVC,0.7241379310344828,0.005101919174194336
RandomForestClassifier,0.6896551724137931,0.0639040470123291
HistGradientBoostingClassifier,0.7241379310344828,0.21072888374328613
GradientBoostingClassifier,0.6206896551724138,0.03839826583862305
ExtraTreesClassifier,0.6896551724137931,0.0428159236907959
AdaBoostClassifier,0.6379310344827587,0.05038714408874512
XGBClassifier,0.6206896551724138,0.0884559154510498
LGBMClassifier,0.6724137931034483,0.1602621078491211
CatBoostClassifier,0.7068965517241379,0.1428368091583252
RadiusNeighborsClassifier,,
KNeighborsClassifier,0.7068965517241379,0.0016818046569824219
NearestCentroid,0.6724137931034483,0.0005030632019042969
QuadraticDiscriminantAnalysis,0.6724137931034483,0.2000882625579834
LinearDiscriminantAnalysis,0.7068965517241379,0.17238712310791016
GaussianNB,0.41379310344827586,0.0006260871887207031
BernoulliNB,0.7068965517241379,0.0008001327514648438
MLPClassifier,0.6379310344827587,1.882298231124878
ExtraTreeClassifier,0.6379310344827587,0.0006749629974365234
DecisionTreeClassifier,0.5517241379310345,0.003513813018798828
LabelSpreading,0.6206896551724138,0.004220724105834961
LabelPropagation,0.6379310344827587,0.002231121063232422
DummyClassifier,0.6551724137931034,9.965896606445312e-05
