classifier,score,time
SVC,0.8989169675090253,0.022546052932739258
SGDClassifier,0.9133574007220217,0.020244121551513672
RidgeClassifierCV,0.8844765342960289,0.09594488143920898
RidgeClassifier,0.8844765342960289,0.029141664505004883
Perceptron,0.8989169675090253,0.0017337799072265625
PassiveAggressiveClassifier,0.8989169675090253,0.003142833709716797
LogisticRegressionCV,0.927797833935018,1.649744987487793
LogisticRegression,0.8953068592057761,0.04811501502990723
LinearSVC,0.9169675090252708,0.0015950202941894531
RandomForestClassifier,0.8844765342960289,0.19531702995300293
HistGradientBoostingClassifier,0.9133574007220217,1.0050230026245117
GradientBoostingClassifier,0.8916967509025271,0.17564105987548828
ExtraTreesClassifier,0.8844765342960289,0.07305288314819336
AdaBoostClassifier,0.9097472924187726,0.13747811317443848
XGBClassifier,0.9133574007220217,0.2211461067199707
LGBMClassifier,,
CatBoostClassifier,0.8844765342960289,0.08104395866394043
RadiusNeighborsClassifier,0.6931407942238267,0.0009682178497314453
KNeighborsClassifier,0.8628158844765343,0.0009188652038574219
NearestCentroid,0.7292418772563177,0.0015668869018554688
QuadraticDiscriminantAnalysis,0.8628158844765343,0.0024929046630859375
LinearDiscriminantAnalysis,0.8916967509025271,0.0024650096893310547
GaussianNB,0.7978339350180506,0.0020749568939208984
BernoulliNB,0.6895306859205776,0.0015878677368164062
MLPClassifier,0.9169675090252708,8.971983194351196
ExtraTreeClassifier,0.7689530685920578,0.0010578632354736328
DecisionTreeClassifier,0.8772563176895307,0.00626826286315918
LabelSpreading,0.8231046931407943,0.08127188682556152
LabelPropagation,0.8267148014440433,0.028100013732910156
DummyClassifier,0.6895306859205776,0.0006430149078369141
