classifier,score,time
SVC,0.8833333333333333,0.0018041133880615234
SGDClassifier,0.8,0.001154184341430664
RidgeClassifierCV,0.9,0.0015110969543457031
RidgeClassifier,0.9,0.0009520053863525391
Perceptron,0.8666666666666667,0.0008270740509033203
PassiveAggressiveClassifier,0.8333333333333334,0.0008299350738525391
LogisticRegressionCV,0.85,0.032334089279174805
LogisticRegression,0.9,0.0013568401336669922
LinearSVC,0.9,0.0008502006530761719
RandomForestClassifier,0.8833333333333333,0.048039913177490234
HistGradientBoostingClassifier,0.7666666666666667,0.2719731330871582
GradientBoostingClassifier,0.8333333333333334,0.05197572708129883
ExtraTreesClassifier,0.8666666666666667,0.03790926933288574
AdaBoostClassifier,0.7833333333333333,0.057315826416015625
XGBClassifier,0.7666666666666667,0.08110284805297852
LGBMClassifier,0.75,0.18195390701293945
CatBoostClassifier,0.8666666666666667,0.15730786323547363
RadiusNeighborsClassifier,,
KNeighborsClassifier,0.8666666666666667,0.0006930828094482422
NearestCentroid,0.8833333333333333,0.0004961490631103516
QuadraticDiscriminantAnalysis,0.6333333333333333,0.0021309852600097656
LinearDiscriminantAnalysis,0.9,0.0009989738464355469
GaussianNB,0.7666666666666667,0.0005621910095214844
BernoulliNB,0.85,0.0007429122924804688
MLPClassifier,0.8166666666666667,5.658531188964844
ExtraTreeClassifier,0.7166666666666667,0.000701904296875
DecisionTreeClassifier,0.7833333333333333,0.0010330677032470703
LabelSpreading,0.85,0.004211902618408203
LabelPropagation,0.85,0.015730857849121094
DummyClassifier,0.6166666666666667,0.00011420249938964844
