classifier,score,time
SVC,0.8360655737704918,0.002825021743774414
SGDClassifier,0.7540983606557377,0.0009610652923583984
RidgeClassifierCV,0.819672131147541,0.0029230117797851562
RidgeClassifier,0.8360655737704918,0.0012781620025634766
Perceptron,0.7540983606557377,0.0008020401000976562
PassiveAggressiveClassifier,0.8524590163934426,0.001373291015625
LogisticRegressionCV,0.8360655737704918,0.031058311462402344
LogisticRegression,0.8360655737704918,0.0018610954284667969
LinearSVC,0.8360655737704918,0.0007948875427246094
RandomForestClassifier,0.7868852459016393,0.04835200309753418
HistGradientBoostingClassifier,0.7540983606557377,0.40634703636169434
GradientBoostingClassifier,0.7704918032786885,0.05358314514160156
ExtraTreesClassifier,0.7868852459016393,0.03787398338317871
AdaBoostClassifier,0.7868852459016393,0.0551760196685791
XGBClassifier,0.7049180327868853,0.0759732723236084
LGBMClassifier,0.7540983606557377,0.19593381881713867
CatBoostClassifier,0.7377049180327869,0.09624695777893066
RadiusNeighborsClassifier,,
KNeighborsClassifier,0.8524590163934426,0.0005056858062744141
NearestCentroid,0.8524590163934426,0.0014488697052001953
QuadraticDiscriminantAnalysis,0.45901639344262296,0.0013120174407958984
LinearDiscriminantAnalysis,0.8360655737704918,0.0013420581817626953
GaussianNB,0.6721311475409836,0.0005648136138916016
BernoulliNB,0.819672131147541,0.000713348388671875
MLPClassifier,0.7540983606557377,7.704142808914185
ExtraTreeClassifier,0.7213114754098361,0.0006372928619384766
DecisionTreeClassifier,0.7540983606557377,0.0009682178497314453
LabelSpreading,0.7049180327868853,0.002153158187866211
LabelPropagation,0.6885245901639344,0.008560895919799805
DummyClassifier,0.5409836065573771,0.00010609626770019531
