classifier,score,time
SVC,0.956140350877193,0.0021538734436035156
SGDClassifier,0.956140350877193,0.0009758472442626953
RidgeClassifierCV,0.9473684210526315,0.09319090843200684
RidgeClassifier,0.9473684210526315,0.10576081275939941
Perceptron,0.9385964912280702,0.0010838508605957031
PassiveAggressiveClassifier,0.9736842105263158,0.0012590885162353516
LogisticRegressionCV,0.9649122807017544,0.10764288902282715
LogisticRegression,0.956140350877193,0.0011739730834960938
LinearSVC,0.9649122807017544,0.0010170936584472656
RandomForestClassifier,0.9385964912280702,0.1164548397064209
HistGradientBoostingClassifier,0.9298245614035088,0.5568902492523193
GradientBoostingClassifier,0.9385964912280702,0.3042259216308594
ExtraTreesClassifier,0.9473684210526315,0.0375058650970459
AdaBoostClassifier,0.956140350877193,0.14230704307556152
XGBClassifier,0.956140350877193,0.03955411911010742
LGBMClassifier,,
CatBoostClassifier,0.9385964912280702,0.2133791446685791
RadiusNeighborsClassifier,,
KNeighborsClassifier,0.956140350877193,0.0015549659729003906
NearestCentroid,0.9210526315789473,0.0005230903625488281
QuadraticDiscriminantAnalysis,0.9473684210526315,0.0011789798736572266
LinearDiscriminantAnalysis,0.9473684210526315,0.2700159549713135
GaussianNB,0.8947368421052632,0.001711130142211914
BernoulliNB,0.6140350877192983,0.0019838809967041016
MLPClassifier,0.9736842105263158,1.0188517570495605
ExtraTreeClassifier,0.8947368421052632,0.0028519630432128906
DecisionTreeClassifier,0.9035087719298246,0.009572982788085938
LabelSpreading,0.956140350877193,0.007868051528930664
LabelPropagation,0.956140350877193,0.0030727386474609375
DummyClassifier,0.5964912280701754,0.0001049041748046875
