classifier,score,time
SVC,0.8466981132075472,0.21651911735534668
SGDClassifier,0.847877358490566,0.011333942413330078
RidgeClassifierCV,0.847877358490566,0.35785603523254395
RidgeClassifier,0.847877358490566,0.014873981475830078
Perceptron,0.847877358490566,0.002262115478515625
PassiveAggressiveClassifier,0.8419811320754716,0.004271745681762695
LogisticRegressionCV,0.8466981132075472,0.22687315940856934
LogisticRegression,0.8455188679245284,0.018410921096801758
LinearSVC,0.8490566037735849,0.013099193572998047
RandomForestClassifier,0.8466981132075472,0.40097999572753906
HistGradientBoostingClassifier,0.8419811320754716,1.0693750381469727
GradientBoostingClassifier,0.8419811320754716,0.4947528839111328
ExtraTreesClassifier,0.839622641509434,0.24713802337646484
AdaBoostClassifier,0.8360849056603774,0.19339680671691895
XGBClassifier,0.8313679245283019,0.10106682777404785
LGBMClassifier,0.8372641509433962,0.41074299812316895
CatBoostClassifier,0.8431603773584906,0.22548913955688477
RadiusNeighborsClassifier,,
KNeighborsClassifier,0.8242924528301887,0.0008211135864257812
NearestCentroid,0.6214622641509434,0.0008561611175537109
QuadraticDiscriminantAnalysis,0.3867924528301887,0.12862229347229004
LinearDiscriminantAnalysis,0.8408018867924528,0.08509588241577148
GaussianNB,0.8183962264150944,0.0024902820587158203
BernoulliNB,0.8219339622641509,0.00138092041015625
MLPClassifier,0.8408018867924528,7.301254034042358
ExtraTreeClassifier,0.7606132075471698,0.0024230480194091797
DecisionTreeClassifier,0.7582547169811321,0.029769182205200195
LabelSpreading,0.839622641509434,0.2918260097503662
LabelPropagation,0.839622641509434,0.13654398918151855
DummyClassifier,0.8466981132075472,0.00044798851013183594
