classifier,score,time
SVC,0.75,0.0009388923645019531
SGDClassifier,0.775,0.0006740093231201172
RidgeClassifierCV,0.75,0.0010938644409179688
RidgeClassifier,0.75,0.0007789134979248047
Perceptron,0.8,0.0006041526794433594
PassiveAggressiveClassifier,0.8,0.0005140304565429688
LogisticRegressionCV,0.775,0.03430604934692383
LogisticRegression,0.775,0.0011892318725585938
LinearSVC,0.775,0.000576019287109375
RandomForestClassifier,0.725,0.04273104667663574
HistGradientBoostingClassifier,0.825,0.2211441993713379
GradientBoostingClassifier,0.65,0.04103684425354004
ExtraTreesClassifier,0.725,0.03297996520996094
AdaBoostClassifier,0.8,0.05081892013549805
XGBClassifier,0.825,0.10791420936584473
LGBMClassifier,,
CatBoostClassifier,0.775,0.13756990432739258
RadiusNeighborsClassifier,,
KNeighborsClassifier,0.8,0.0004570484161376953
NearestCentroid,0.75,0.0004200935363769531
QuadraticDiscriminantAnalysis,0.25,0.0007450580596923828
LinearDiscriminantAnalysis,0.75,0.000720977783203125
GaussianNB,0.475,0.0004889965057373047
BernoulliNB,0.75,0.0006580352783203125
MLPClassifier,0.65,0.46177196502685547
ExtraTreeClassifier,0.725,0.0006709098815917969
DecisionTreeClassifier,0.625,0.0007367134094238281
LabelSpreading,0.675,0.0020313262939453125
LabelPropagation,0.675,0.0019969940185546875
DummyClassifier,0.75,0.0002288818359375
