classifier,score,time
SVC,0.8,0.0023260116577148438
SGDClassifier,0.7666666666666667,0.0012850761413574219
RidgeClassifierCV,0.8166666666666667,0.0016503334045410156
RidgeClassifier,0.8166666666666667,0.0012171268463134766
Perceptron,0.6666666666666666,0.0010561943054199219
PassiveAggressiveClassifier,0.7833333333333333,0.0009300708770751953
LogisticRegressionCV,0.8333333333333334,0.05112290382385254
LogisticRegression,0.85,0.002154111862182617
LinearSVC,0.8166666666666667,0.0010449886322021484
RandomForestClassifier,0.8166666666666667,0.07899713516235352
HistGradientBoostingClassifier,0.8166666666666667,0.5310201644897461
GradientBoostingClassifier,0.8166666666666667,0.08523797988891602
ExtraTreesClassifier,0.8666666666666667,0.06527900695800781
AdaBoostClassifier,0.8333333333333334,0.08826684951782227
XGBClassifier,0.85,0.11189889907836914
LGBMClassifier,0.8333333333333334,0.173447847366333
CatBoostClassifier,0.8666666666666667,0.11150217056274414
RadiusNeighborsClassifier,0.7333333333333333,0.0007419586181640625
KNeighborsClassifier,0.7833333333333333,0.0005297660827636719
NearestCentroid,0.65,0.0005862712860107422
QuadraticDiscriminantAnalysis,0.36666666666666664,0.0007719993591308594
LinearDiscriminantAnalysis,0.8166666666666667,0.0009098052978515625
GaussianNB,0.8,0.0006229877471923828
BernoulliNB,0.6166666666666667,0.0008881092071533203
MLPClassifier,0.8,4.971455097198486
ExtraTreeClassifier,0.6833333333333333,0.0017600059509277344
DecisionTreeClassifier,0.7833333333333333,0.012613773345947266
LabelSpreading,0.7,0.002672910690307617
LabelPropagation,0.7166666666666667,0.0016918182373046875
DummyClassifier,0.7166666666666667,0.00013184547424316406
