classifier,score,time
SVC,0.8360655737704918,0.003100156784057617
SGDClassifier,0.8360655737704918,0.0008661746978759766
RidgeClassifierCV,0.8360655737704918,0.0012810230255126953
RidgeClassifier,0.819672131147541,0.0008502006530761719
Perceptron,0.819672131147541,0.0007679462432861328
PassiveAggressiveClassifier,0.819672131147541,0.0006861686706542969
LogisticRegressionCV,0.8032786885245902,0.03202104568481445
LogisticRegression,0.8032786885245902,0.0012409687042236328
LinearSVC,0.819672131147541,0.0007557868957519531
RandomForestClassifier,0.8360655737704918,0.04730582237243652
HistGradientBoostingClassifier,0.7704918032786885,0.40366315841674805
GradientBoostingClassifier,0.7704918032786885,0.051728248596191406
ExtraTreesClassifier,0.8032786885245902,0.03661799430847168
AdaBoostClassifier,0.7049180327868853,0.05504202842712402
XGBClassifier,0.7540983606557377,0.07924413681030273
LGBMClassifier,0.7377049180327869,0.188126802444458
CatBoostClassifier,0.8360655737704918,0.09799504280090332
RadiusNeighborsClassifier,,
KNeighborsClassifier,0.8688524590163934,0.0009388923645019531
NearestCentroid,0.8524590163934426,0.001856088638305664
QuadraticDiscriminantAnalysis,0.5409836065573771,0.0008628368377685547
LinearDiscriminantAnalysis,0.819672131147541,0.0012767314910888672
GaussianNB,0.8360655737704918,0.0005719661712646484
BernoulliNB,0.8360655737704918,0.0007770061492919922
MLPClassifier,0.7377049180327869,7.710006952285767
ExtraTreeClassifier,0.7868852459016393,0.0006427764892578125
DecisionTreeClassifier,0.7540983606557377,0.0009448528289794922
LabelSpreading,0.819672131147541,0.011750221252441406
LabelPropagation,0.819672131147541,0.014223098754882812
DummyClassifier,0.5081967213114754,0.0004401206970214844
