classifier,score,time
SVC,0.94,0.0195310115814209
SGDClassifier,0.94,0.005506992340087891
RidgeClassifierCV,0.94,0.15114593505859375
RidgeClassifier,0.94,0.022532939910888672
Perceptron,0.935,0.0032660961151123047
PassiveAggressiveClassifier,0.935,0.012871980667114258
LogisticRegressionCV,0.94,0.812913179397583
LogisticRegression,0.94,0.03338003158569336
LinearSVC,0.94,0.005239963531494141
RandomForestClassifier,0.94,0.15419697761535645
HistGradientBoostingClassifier,0.935,1.0507800579071045
GradientBoostingClassifier,0.9325,0.23120713233947754
ExtraTreesClassifier,0.935,0.07772588729858398
AdaBoostClassifier,0.94,0.11375594139099121
XGBClassifier,0.93,0.1596050262451172
LGBMClassifier,0.94,0.42621397972106934
CatBoostClassifier,0.94,0.12757611274719238
RadiusNeighborsClassifier,,
KNeighborsClassifier,0.94,0.0008149147033691406
NearestCentroid,0.715,0.0015690326690673828
QuadraticDiscriminantAnalysis,0.7575,0.02351069450378418
LinearDiscriminantAnalysis,0.9425,0.08172011375427246
GaussianNB,0.415,0.0007863044738769531
BernoulliNB,0.9325,0.001010894775390625
MLPClassifier,0.925,40.60088777542114
ExtraTreeClassifier,0.9025,0.0013072490692138672
DecisionTreeClassifier,0.88,0.005872964859008789
LabelSpreading,0.93,0.07375288009643555
LabelPropagation,0.93,0.03598618507385254
DummyClassifier,0.94,0.0001518726348876953
