classifier,score,time
SVC,0.5,0.0005424022674560547
SGDClassifier,0.5,0.0005121231079101562
RidgeClassifierCV,0.5,0.002605915069580078
RidgeClassifier,0.5,0.0007941722869873047
Perceptron,0.5,0.0005950927734375
PassiveAggressiveClassifier,0.5,0.0004630088806152344
LogisticRegressionCV,0.5,0.028535127639770508
LogisticRegression,0.5,0.0026891231536865234
LinearSVC,0.5,0.0004999637603759766
RandomForestClassifier,0.5,0.07102584838867188
HistGradientBoostingClassifier,0.5,0.16127705574035645
GradientBoostingClassifier,0.5,0.0159759521484375
ExtraTreesClassifier,0.5,0.02720928192138672
AdaBoostClassifier,0.5,0.00096893310546875
XGBClassifier,0.5,0.03373908996582031
LGBMClassifier,,
CatBoostClassifier,0.5,0.024788856506347656
RadiusNeighborsClassifier,,
KNeighborsClassifier,0.5,0.00045609474182128906
NearestCentroid,0.5,0.0004127025604248047
QuadraticDiscriminantAnalysis,,
LinearDiscriminantAnalysis,0.5,0.0005857944488525391
GaussianNB,0.5,0.0004889965057373047
BernoulliNB,0.5,0.0005958080291748047
MLPClassifier,0.5,0.023878812789916992
ExtraTreeClassifier,0.5,0.0005068778991699219
DecisionTreeClassifier,0.5,0.000431060791015625
LabelSpreading,0.5,0.0005960464477539062
LabelPropagation,0.5,0.0005700588226318359
DummyClassifier,0.5,9.012222290039062e-05
