classifier,score,time
SVC,,
SGDClassifier,,
RidgeClassifierCV,1.0,0.16769790649414062
RidgeClassifier,1.0,0.07121777534484863
Perceptron,,
PassiveAggressiveClassifier,,
LogisticRegressionCV,,
LogisticRegression,,
LinearSVC,,
RandomForestClassifier,1.0,0.06683111190795898
HistGradientBoostingClassifier,1.0,0.051614999771118164
GradientBoostingClassifier,,
ExtraTreesClassifier,1.0,0.027780771255493164
AdaBoostClassifier,1.0,0.001207113265991211
XGBClassifier,1.0,0.04293084144592285
LGBMClassifier,1.0,0.004248857498168945
CatBoostClassifier,,
RadiusNeighborsClassifier,,
KNeighborsClassifier,1.0,0.0005078315734863281
NearestCentroid,,
QuadraticDiscriminantAnalysis,,
LinearDiscriminantAnalysis,1.0,0.15366125106811523
GaussianNB,1.0,0.0006291866302490234
BernoulliNB,1.0,0.005699872970581055
MLPClassifier,1.0,0.406033992767334
ExtraTreeClassifier,1.0,0.0015630722045898438
DecisionTreeClassifier,1.0,0.0015680789947509766
LabelSpreading,1.0,0.011916875839233398
LabelPropagation,1.0,0.007647037506103516
DummyClassifier,1.0,0.0002961158752441406
