classifier,score,time
SVC,,
SGDClassifier,,
RidgeClassifierCV,1.0,0.3112180233001709
RidgeClassifier,1.0,0.009026050567626953
Perceptron,,
PassiveAggressiveClassifier,,
LogisticRegressionCV,,
LogisticRegression,,
LinearSVC,,
RandomForestClassifier,1.0,0.053518056869506836
HistGradientBoostingClassifier,1.0,0.2151169776916504
GradientBoostingClassifier,,
ExtraTreesClassifier,1.0,0.030813932418823242
AdaBoostClassifier,1.0,0.0016372203826904297
XGBClassifier,1.0,0.05742216110229492
LGBMClassifier,1.0,0.005854129791259766
CatBoostClassifier,,
RadiusNeighborsClassifier,,
KNeighborsClassifier,1.0,0.001978158950805664
NearestCentroid,,
QuadraticDiscriminantAnalysis,,
LinearDiscriminantAnalysis,1.0,0.09874105453491211
GaussianNB,1.0,0.0196530818939209
BernoulliNB,1.0,0.028985023498535156
MLPClassifier,1.0,2.3514511585235596
ExtraTreeClassifier,1.0,0.002359628677368164
DecisionTreeClassifier,1.0,0.0008916854858398438
LabelSpreading,1.0,0.0528411865234375
LabelPropagation,1.0,0.029888153076171875
DummyClassifier,1.0,0.0001342296600341797
