classifier,score,time
SVC,,
SGDClassifier,,
RidgeClassifierCV,1.0,0.3168468475341797
RidgeClassifier,1.0,0.008851051330566406
Perceptron,,
PassiveAggressiveClassifier,,
LogisticRegressionCV,,
LogisticRegression,,
LinearSVC,,
RandomForestClassifier,1.0,0.07720494270324707
HistGradientBoostingClassifier,1.0,0.2157611846923828
GradientBoostingClassifier,,
ExtraTreesClassifier,1.0,0.028029203414916992
AdaBoostClassifier,1.0,0.0019030570983886719
XGBClassifier,1.0,0.03923606872558594
LGBMClassifier,1.0,0.005465984344482422
CatBoostClassifier,,
RadiusNeighborsClassifier,,
KNeighborsClassifier,1.0,0.0006468296051025391
NearestCentroid,,
QuadraticDiscriminantAnalysis,,
LinearDiscriminantAnalysis,1.0,0.026921987533569336
GaussianNB,1.0,0.0006148815155029297
BernoulliNB,1.0,0.02851104736328125
MLPClassifier,1.0,1.3706908226013184
ExtraTreeClassifier,1.0,0.0007300376892089844
DecisionTreeClassifier,1.0,0.0004878044128417969
LabelSpreading,1.0,0.026432037353515625
LabelPropagation,1.0,0.03499102592468262
DummyClassifier,1.0,0.00013899803161621094
