classifier,score,time
SVC,,
SGDClassifier,,
RidgeClassifierCV,1.0,0.21208715438842773
RidgeClassifier,1.0,0.015964984893798828
Perceptron,,
PassiveAggressiveClassifier,,
LogisticRegressionCV,,
LogisticRegression,,
LinearSVC,,
RandomForestClassifier,1.0,0.07527613639831543
HistGradientBoostingClassifier,1.0,0.05207204818725586
GradientBoostingClassifier,,
ExtraTreesClassifier,1.0,0.028243064880371094
AdaBoostClassifier,1.0,0.0012700557708740234
XGBClassifier,1.0,0.03129315376281738
LGBMClassifier,1.0,0.005139827728271484
CatBoostClassifier,,
RadiusNeighborsClassifier,,
KNeighborsClassifier,1.0,0.0005612373352050781
NearestCentroid,,
QuadraticDiscriminantAnalysis,,
LinearDiscriminantAnalysis,1.0,0.001817941665649414
GaussianNB,1.0,0.0005729198455810547
BernoulliNB,1.0,0.020914077758789062
MLPClassifier,1.0,0.5509459972381592
ExtraTreeClassifier,1.0,0.0005609989166259766
DecisionTreeClassifier,1.0,0.00047397613525390625
LabelSpreading,1.0,0.020009756088256836
LabelPropagation,1.0,0.004224061965942383
DummyClassifier,1.0,0.0001239776611328125
