classifier,score,time
SVC,1.0,0.0005240440368652344
SGDClassifier,1.0,0.0005269050598144531
RidgeClassifierCV,1.0,0.0009179115295410156
RidgeClassifier,1.0,0.0007779598236083984
Perceptron,0.4,0.0006051063537597656
PassiveAggressiveClassifier,1.0,0.0004680156707763672
LogisticRegressionCV,1.0,0.030187129974365234
LogisticRegression,1.0,0.0008711814880371094
LinearSVC,1.0,0.0004937648773193359
RandomForestClassifier,1.0,0.03947186470031738
HistGradientBoostingClassifier,0.6,0.04894113540649414
GradientBoostingClassifier,1.0,0.0222170352935791
ExtraTreesClassifier,1.0,0.03461766242980957
AdaBoostClassifier,1.0,0.04446005821228027
XGBClassifier,0.6,0.047119140625
LGBMClassifier,0.6,0.007513999938964844
CatBoostClassifier,1.0,0.015494823455810547
RadiusNeighborsClassifier,,
KNeighborsClassifier,0.8,0.0004367828369140625
NearestCentroid,1.0,0.0003829002380371094
QuadraticDiscriminantAnalysis,1.0,0.0004711151123046875
LinearDiscriminantAnalysis,1.0,0.0005698204040527344
GaussianNB,1.0,0.0004532337188720703
BernoulliNB,1.0,0.0005750656127929688
MLPClassifier,1.0,0.07308173179626465
ExtraTreeClassifier,1.0,0.0005209445953369141
DecisionTreeClassifier,1.0,0.00043272972106933594
LabelSpreading,1.0,0.0005161762237548828
LabelPropagation,1.0,0.0004489421844482422
DummyClassifier,0.6,8.916854858398438e-05
