classifier,score,time
SVC,0.8870967741935484,0.0012738704681396484
SGDClassifier,0.8709677419354839,0.0008213520050048828
RidgeClassifierCV,0.9354838709677419,0.001300811767578125
RidgeClassifier,0.9354838709677419,0.0008609294891357422
Perceptron,0.9516129032258065,0.0006771087646484375
PassiveAggressiveClassifier,0.9193548387096774,0.0006918907165527344
LogisticRegressionCV,0.9032258064516129,0.029417037963867188
LogisticRegression,0.9032258064516129,0.0015671253204345703
LinearSVC,0.9193548387096774,0.0006628036499023438
RandomForestClassifier,0.8870967741935484,0.04241800308227539
HistGradientBoostingClassifier,0.8870967741935484,0.24774503707885742
GradientBoostingClassifier,0.8870967741935484,0.044889211654663086
ExtraTreesClassifier,0.8709677419354839,0.03447723388671875
AdaBoostClassifier,0.8870967741935484,0.05320000648498535
XGBClassifier,0.8709677419354839,0.09070396423339844
LGBMClassifier,0.8548387096774194,0.16114091873168945
CatBoostClassifier,0.8870967741935484,0.152022123336792
RadiusNeighborsClassifier,,
KNeighborsClassifier,0.8709677419354839,0.0014650821685791016
NearestCentroid,0.8870967741935484,0.0005099773406982422
QuadraticDiscriminantAnalysis,0.7741935483870968,0.0009839534759521484
LinearDiscriminantAnalysis,0.9032258064516129,0.0009531974792480469
GaussianNB,0.8870967741935484,0.0005509853363037109
BernoulliNB,0.9032258064516129,0.0007259845733642578
MLPClassifier,0.8870967741935484,0.3679330348968506
ExtraTreeClassifier,0.8709677419354839,0.0005986690521240234
DecisionTreeClassifier,0.9354838709677419,0.0007600784301757812
LabelSpreading,0.8870967741935484,0.0016851425170898438
LabelPropagation,0.8870967741935484,0.0030341148376464844
DummyClassifier,0.8870967741935484,0.00023698806762695312
