classifier,score,time
SVC,0.6525,1.438371181488037
SGDClassifier,0.6465,0.015544891357421875
RidgeClassifierCV,0.6525,0.36350584030151367
RidgeClassifier,0.6525,0.0064160823822021484
Perceptron,0.521,0.008788824081420898
PassiveAggressiveClassifier,0.577,0.015674829483032227
LogisticRegressionCV,0.733,1.0039260387420654
LogisticRegression,0.6505,0.043402910232543945
LinearSVC,0.6525,0.029526948928833008
RandomForestClassifier,0.7305,0.7215378284454346
HistGradientBoostingClassifier,0.7325,0.9370179176330566
GradientBoostingClassifier,0.7425,0.8071351051330566
ExtraTreesClassifier,0.7245,0.47100210189819336
AdaBoostClassifier,0.737,0.3625316619873047
XGBClassifier,0.7245,0.09667205810546875
LGBMClassifier,0.734,0.41461992263793945
CatBoostClassifier,0.7425,0.2915220260620117
RadiusNeighborsClassifier,,
KNeighborsClassifier,0.603,0.0012021064758300781
NearestCentroid,0.614,0.0012679100036621094
QuadraticDiscriminantAnalysis,0.553,0.010077238082885742
LinearDiscriminantAnalysis,0.652,0.01823592185974121
GaussianNB,0.607,0.0051250457763671875
BernoulliNB,0.6035,0.22311878204345703
MLPClassifier,0.668,9.616759061813354
ExtraTreeClassifier,0.641,0.0050029754638671875
DecisionTreeClassifier,0.6415,0.07136201858520508
LabelSpreading,0.6375,1.1845970153808594
LabelPropagation,0.634,0.6320409774780273
DummyClassifier,0.5115,0.003271818161010742
