classifier,score,time
SVC,0.8524590163934426,0.0016529560089111328
SGDClassifier,0.819672131147541,0.0009949207305908203
RidgeClassifierCV,0.819672131147541,0.0012929439544677734
RidgeClassifier,0.819672131147541,0.0008327960968017578
Perceptron,0.7049180327868853,0.0006589889526367188
PassiveAggressiveClassifier,0.7540983606557377,0.0006961822509765625
LogisticRegressionCV,0.8032786885245902,0.032740116119384766
LogisticRegression,0.8360655737704918,0.0012412071228027344
LinearSVC,0.8360655737704918,0.0007228851318359375
RandomForestClassifier,0.8032786885245902,0.04488801956176758
HistGradientBoostingClassifier,0.819672131147541,0.1956019401550293
GradientBoostingClassifier,0.819672131147541,0.051055192947387695
ExtraTreesClassifier,0.819672131147541,0.036245107650756836
AdaBoostClassifier,0.7540983606557377,0.05630373954772949
XGBClassifier,0.819672131147541,0.06844401359558105
LGBMClassifier,0.819672131147541,0.1592261791229248
CatBoostClassifier,0.819672131147541,0.1609630584716797
RadiusNeighborsClassifier,,
KNeighborsClassifier,0.8524590163934426,0.0014421939849853516
NearestCentroid,0.7868852459016393,0.0004930496215820312
QuadraticDiscriminantAnalysis,0.5573770491803278,0.0010499954223632812
LinearDiscriminantAnalysis,0.8032786885245902,0.000982046127319336
GaussianNB,0.7213114754098361,0.0005469322204589844
BernoulliNB,0.7868852459016393,0.0007359981536865234
MLPClassifier,0.7868852459016393,0.8156218528747559
ExtraTreeClassifier,0.639344262295082,0.0017399787902832031
DecisionTreeClassifier,0.7540983606557377,0.003916263580322266
LabelSpreading,0.7540983606557377,0.0013649463653564453
LabelPropagation,0.7540983606557377,0.0008890628814697266
DummyClassifier,0.5737704918032787,8.797645568847656e-05
