classifier,score,time
SVC,0.6931818181818182,0.017735719680786133
SGDClassifier,0.6477272727272727,0.002421855926513672
RidgeClassifierCV,0.6931818181818182,0.061788082122802734
RidgeClassifier,0.6931818181818182,0.008645772933959961
Perceptron,0.7121212121212122,0.0012087821960449219
PassiveAggressiveClassifier,0.6893939393939394,0.01133584976196289
LogisticRegressionCV,0.7840909090909091,0.2806968688964844
LogisticRegression,0.7121212121212122,0.028800010681152344
LinearSVC,0.7083333333333334,0.0013611316680908203
RandomForestClassifier,0.9848484848484849,0.13970613479614258
HistGradientBoostingClassifier,0.9810606060606061,0.9338440895080566
GradientBoostingClassifier,0.9810606060606061,0.1254868507385254
ExtraTreesClassifier,0.9128787878787878,0.08718109130859375
AdaBoostClassifier,0.9886363636363636,0.0993659496307373
XGBClassifier,0.9924242424242424,0.09976387023925781
LGBMClassifier,0.9810606060606061,0.31635594367980957
CatBoostClassifier,0.9810606060606061,0.057469844818115234
RadiusNeighborsClassifier,0.5871212121212122,0.0008878707885742188
KNeighborsClassifier,0.6363636363636364,0.0007350444793701172
NearestCentroid,0.5378787878787878,0.0005929470062255859
QuadraticDiscriminantAnalysis,0.6477272727272727,0.0006940364837646484
LinearDiscriminantAnalysis,0.6893939393939394,0.0014200210571289062
GaussianNB,0.6363636363636364,0.0009188652038574219
BernoulliNB,0.5378787878787878,0.0008630752563476562
MLPClassifier,0.821969696969697,17.617349863052368
ExtraTreeClassifier,0.875,0.002260923385620117
DecisionTreeClassifier,0.9886363636363636,0.003954887390136719
LabelSpreading,0.6628787878787878,0.07652616500854492
LabelPropagation,0.6515151515151515,0.01929759979248047
DummyClassifier,0.5871212121212122,0.00017213821411132812
