classifier,score,time
SVC,0.8475,0.046794891357421875
SGDClassifier,0.855,0.0042340755462646484
RidgeClassifierCV,0.85,0.2636990547180176
RidgeClassifier,0.85,0.0894930362701416
Perceptron,0.8475,0.00127410888671875
PassiveAggressiveClassifier,0.8425,0.005728960037231445
LogisticRegressionCV,0.8525,0.6501240730285645
LogisticRegression,0.8475,0.11835289001464844
LinearSVC,0.85,0.0073261260986328125
RandomForestClassifier,0.8525,0.27736806869506836
HistGradientBoostingClassifier,0.83,0.8645269870758057
GradientBoostingClassifier,0.83,0.2478480339050293
ExtraTreesClassifier,0.8525,0.10674214363098145
AdaBoostClassifier,0.8375,0.13051414489746094
XGBClassifier,0.8275,0.1418590545654297
LGBMClassifier,0.8325,0.39552783966064453
CatBoostClassifier,0.825,0.13881325721740723
RadiusNeighborsClassifier,,
KNeighborsClassifier,0.8475,0.0024356842041015625
NearestCentroid,0.6625,0.0006830692291259766
QuadraticDiscriminantAnalysis,0.63,0.014889955520629883
LinearDiscriminantAnalysis,0.85,0.1387920379638672
GaussianNB,0.8275,0.0029420852661132812
BernoulliNB,0.8275,0.0027227401733398438
MLPClassifier,0.8325,1060.367611169815
ExtraTreeClassifier,0.75,0.0014042854309082031
DecisionTreeClassifier,0.76,0.011951208114624023
LabelSpreading,0.83,0.05527997016906738
LabelPropagation,0.83,0.028959035873413086
DummyClassifier,0.8475,0.00018787384033203125
