classifier,score,time
SVC,0.8870967741935484,0.00799417495727539
SGDClassifier,0.9032258064516129,0.007441997528076172
RidgeClassifierCV,0.8709677419354839,0.5158231258392334
RidgeClassifier,0.8870967741935484,0.03064703941345215
Perceptron,0.9032258064516129,0.013218879699707031
PassiveAggressiveClassifier,0.9032258064516129,0.041487932205200195
LogisticRegressionCV,0.9032258064516129,0.3889427185058594
LogisticRegression,0.9032258064516129,0.011354923248291016
LinearSVC,0.9032258064516129,0.1888570785522461
RandomForestClassifier,0.8870967741935484,0.28475213050842285
HistGradientBoostingClassifier,0.8709677419354839,0.9524030685424805
GradientBoostingClassifier,0.8548387096774194,3.962273120880127
ExtraTreesClassifier,0.8870967741935484,0.0613713264465332
AdaBoostClassifier,0.9032258064516129,1.5005769729614258
XGBClassifier,0.8548387096774194,0.34787797927856445
LGBMClassifier,0.8548387096774194,0.34055185317993164
CatBoostClassifier,0.8548387096774194,2.666353702545166
RadiusNeighborsClassifier,,
KNeighborsClassifier,0.8225806451612904,0.0036420822143554688
NearestCentroid,0.7580645161290323,0.0025501251220703125
QuadraticDiscriminantAnalysis,0.5806451612903226,0.1034247875213623
LinearDiscriminantAnalysis,0.8709677419354839,0.529412031173706
GaussianNB,0.7580645161290323,0.017242908477783203
BernoulliNB,0.4838709677419355,0.0030701160430908203
MLPClassifier,0.9193548387096774,1.1267530918121338
ExtraTreeClassifier,0.8225806451612904,0.008006095886230469
DecisionTreeClassifier,0.8548387096774194,0.07944011688232422
LabelSpreading,0.8548387096774194,0.0038573741912841797
LabelPropagation,0.8548387096774194,0.0038361549377441406
DummyClassifier,0.532258064516129,0.0003390312194824219
