classifier,score,time
SVC,0.9912280701754386,0.0015940666198730469
SGDClassifier,1.0,0.0008790493011474609
RidgeClassifierCV,1.0,0.17577910423278809
RidgeClassifier,0.9912280701754386,0.015872955322265625
Perceptron,0.9736842105263158,0.0008809566497802734
PassiveAggressiveClassifier,1.0,0.019655942916870117
LogisticRegressionCV,1.0,0.12973999977111816
LogisticRegression,0.9736842105263158,0.003756999969482422
LinearSVC,0.9912280701754386,0.0023729801177978516
RandomForestClassifier,1.0,0.10261869430541992
HistGradientBoostingClassifier,1.0,0.4783790111541748
GradientBoostingClassifier,1.0,0.12863802909851074
ExtraTreesClassifier,0.9736842105263158,0.040099143981933594
AdaBoostClassifier,1.0,0.002432107925415039
XGBClassifier,1.0,0.03237104415893555
LGBMClassifier,,
CatBoostClassifier,1.0,0.26912617683410645
RadiusNeighborsClassifier,,
KNeighborsClassifier,0.9912280701754386,0.0006530284881591797
NearestCentroid,0.9298245614035088,0.0005502700805664062
QuadraticDiscriminantAnalysis,0.9649122807017544,0.0011410713195800781
LinearDiscriminantAnalysis,0.9912280701754386,0.2690868377685547
GaussianNB,0.8771929824561403,0.0018968582153320312
BernoulliNB,0.6140350877192983,0.002621889114379883
MLPClassifier,0.9824561403508771,0.9104349613189697
ExtraTreeClassifier,0.9824561403508771,0.0005998611450195312
DecisionTreeClassifier,1.0,0.0014591217041015625
LabelSpreading,0.9824561403508771,0.006523847579956055
LabelPropagation,0.9824561403508771,0.00740814208984375
DummyClassifier,0.6228070175438597,0.00047588348388671875
