classifier,score,time
SVC,0.9865,0.24574494361877441
SGDClassifier,0.9865,0.006875753402709961
RidgeClassifierCV,0.9865,0.40900182723999023
RidgeClassifier,0.9865,0.009084939956665039
Perceptron,0.98,0.009072303771972656
PassiveAggressiveClassifier,0.9865,0.014286041259765625
LogisticRegressionCV,0.9865,0.19475603103637695
LogisticRegression,0.9865,0.019958019256591797
LinearSVC,0.9865,0.014526128768920898
RandomForestClassifier,0.9865,0.41658592224121094
HistGradientBoostingClassifier,0.9855,0.9875469207763672
GradientBoostingClassifier,0.9835,0.858349084854126
ExtraTreesClassifier,0.9855,0.22150516510009766
AdaBoostClassifier,0.986,0.38092803955078125
XGBClassifier,0.986,0.08714103698730469
LGBMClassifier,0.9855,0.41547417640686035
CatBoostClassifier,0.9865,0.28916311264038086
RadiusNeighborsClassifier,,
KNeighborsClassifier,0.986,0.0010449886322021484
NearestCentroid,0.657,0.001207113265991211
QuadraticDiscriminantAnalysis,0.9805,0.01674509048461914
LinearDiscriminantAnalysis,0.984,0.05956101417541504
GaussianNB,0.3415,0.0018551349639892578
BernoulliNB,0.9615,0.2392411231994629
MLPClassifier,0.9855,3.655670166015625
ExtraTreeClassifier,0.9695,0.002698183059692383
DecisionTreeClassifier,0.964,0.03363299369812012
LabelSpreading,0.9865,0.9656288623809814
LabelPropagation,0.985,0.6030211448669434
DummyClassifier,0.9865,0.0002589225769042969
