classifier,score,time
SVC,0.8688524590163934,0.0018432140350341797
SGDClassifier,0.8032786885245902,0.0009899139404296875
RidgeClassifierCV,0.8852459016393442,0.001374959945678711
RidgeClassifier,0.8852459016393442,0.0008487701416015625
Perceptron,0.8524590163934426,0.0006761550903320312
PassiveAggressiveClassifier,0.819672131147541,0.0006809234619140625
LogisticRegressionCV,0.8688524590163934,0.03233194351196289
LogisticRegression,0.8852459016393442,0.0014369487762451172
LinearSVC,0.8688524590163934,0.0007398128509521484
RandomForestClassifier,0.8688524590163934,0.046591997146606445
HistGradientBoostingClassifier,0.8524590163934426,0.21077609062194824
GradientBoostingClassifier,0.8360655737704918,0.05278277397155762
ExtraTreesClassifier,0.8852459016393442,0.03760480880737305
AdaBoostClassifier,0.8032786885245902,0.05521678924560547
XGBClassifier,0.8524590163934426,0.06479406356811523
LGBMClassifier,0.8688524590163934,0.19825100898742676
CatBoostClassifier,0.8688524590163934,0.1559150218963623
RadiusNeighborsClassifier,,
KNeighborsClassifier,0.8524590163934426,0.0014519691467285156
NearestCentroid,0.8524590163934426,0.0005068778991699219
QuadraticDiscriminantAnalysis,0.6065573770491803,0.0010581016540527344
LinearDiscriminantAnalysis,0.8852459016393442,0.0010030269622802734
GaussianNB,0.8524590163934426,0.0005509853363037109
BernoulliNB,0.8688524590163934,0.0007388591766357422
MLPClassifier,0.8852459016393442,0.7607648372650146
ExtraTreeClassifier,0.7868852459016393,0.0006856918334960938
DecisionTreeClassifier,0.8360655737704918,0.0009913444519042969
LabelSpreading,0.8688524590163934,0.0020720958709716797
LabelPropagation,0.8688524590163934,0.0008788108825683594
DummyClassifier,0.4918032786885246,0.0002789497375488281
