classifier,score,time
SVC,,
SGDClassifier,,
RidgeClassifierCV,1.0,0.14051389694213867
RidgeClassifier,1.0,0.07598280906677246
Perceptron,,
PassiveAggressiveClassifier,,
LogisticRegressionCV,,
LogisticRegression,,
LinearSVC,,
RandomForestClassifier,1.0,0.09167599678039551
HistGradientBoostingClassifier,1.0,0.07457304000854492
GradientBoostingClassifier,,
ExtraTreesClassifier,1.0,0.0279390811920166
AdaBoostClassifier,1.0,0.0012209415435791016
XGBClassifier,1.0,0.08277559280395508
LGBMClassifier,1.0,0.00410008430480957
CatBoostClassifier,,
RadiusNeighborsClassifier,,
KNeighborsClassifier,1.0,0.04783892631530762
NearestCentroid,,
QuadraticDiscriminantAnalysis,,
LinearDiscriminantAnalysis,1.0,0.047637939453125
GaussianNB,1.0,0.0006339550018310547
BernoulliNB,1.0,0.04010891914367676
MLPClassifier,1.0,0.34600281715393066
ExtraTreeClassifier,1.0,0.00055694580078125
DecisionTreeClassifier,1.0,0.0004730224609375
LabelSpreading,1.0,0.0026350021362304688
LabelPropagation,1.0,0.001934051513671875
DummyClassifier,1.0,9.298324584960938e-05
