classifier,score,time
SVC,,
SGDClassifier,,
RidgeClassifierCV,1.0,0.32787394523620605
RidgeClassifier,1.0,0.010782957077026367
Perceptron,,
PassiveAggressiveClassifier,,
LogisticRegressionCV,,
LogisticRegression,,
LinearSVC,,
RandomForestClassifier,1.0,0.07720232009887695
HistGradientBoostingClassifier,1.0,0.23537087440490723
GradientBoostingClassifier,,
ExtraTreesClassifier,1.0,0.02899003028869629
AdaBoostClassifier,1.0,0.001394033432006836
XGBClassifier,1.0,0.03382992744445801
LGBMClassifier,1.0,0.004148244857788086
CatBoostClassifier,,
RadiusNeighborsClassifier,,
KNeighborsClassifier,1.0,0.0005481243133544922
NearestCentroid,,
QuadraticDiscriminantAnalysis,,
LinearDiscriminantAnalysis,1.0,0.028113126754760742
GaussianNB,1.0,0.0006139278411865234
BernoulliNB,1.0,0.009829998016357422
MLPClassifier,1.0,1.5842030048370361
ExtraTreeClassifier,1.0,0.0006310939788818359
DecisionTreeClassifier,1.0,0.00047898292541503906
LabelSpreading,1.0,0.02447795867919922
LabelPropagation,1.0,0.017162084579467773
DummyClassifier,1.0,0.0003070831298828125
