classifier,score,time
SVC,0.9707602339181286,0.0255277156829834
SGDClassifier,0.9590643274853801,0.0031609535217285156
RidgeClassifierCV,0.935672514619883,0.3443598747253418
RidgeClassifier,0.9415204678362573,0.03331303596496582
Perceptron,0.8538011695906432,0.0018241405487060547
PassiveAggressiveClassifier,0.9444444444444444,0.0033299922943115234
LogisticRegressionCV,0.9707602339181286,0.7348790168762207
LogisticRegression,0.9473684210526315,0.006742000579833984
LinearSVC,0.9619883040935673,0.0024938583374023438
RandomForestClassifier,0.9824561403508771,0.29860806465148926
HistGradientBoostingClassifier,0.9883040935672515,1.0380370616912842
GradientBoostingClassifier,0.9941520467836257,0.9496357440948486
ExtraTreesClassifier,0.9883040935672515,0.06762909889221191
AdaBoostClassifier,0.9853801169590644,0.3820521831512451
XGBClassifier,0.9883040935672515,0.08895587921142578
LGBMClassifier,0.9853801169590644,0.39743590354919434
CatBoostClassifier,0.9912280701754386,0.18270182609558105
RadiusNeighborsClassifier,0.8508771929824561,0.0006670951843261719
KNeighborsClassifier,0.9298245614035088,0.0005860328674316406
NearestCentroid,0.9298245614035088,0.0007200241088867188
QuadraticDiscriminantAnalysis,0.9766081871345029,0.033864736557006836
LinearDiscriminantAnalysis,0.9298245614035088,0.27619075775146484
GaussianNB,0.9444444444444444,0.003220796585083008
BernoulliNB,0.6198830409356725,0.003217935562133789
MLPClassifier,0.9678362573099415,16.861395359039307
ExtraTreeClassifier,0.9532163742690059,0.002343893051147461
DecisionTreeClassifier,0.9678362573099415,0.019988059997558594
LabelSpreading,0.9473684210526315,0.037503957748413086
LabelPropagation,0.9473684210526315,0.027892351150512695
DummyClassifier,0.6198830409356725,0.0001380443572998047
