classifier,score,time
SVC,0.8490566037735849,0.21876907348632812
SGDClassifier,0.847877358490566,0.011408805847167969
RidgeClassifierCV,0.8502358490566038,0.3268289566040039
RidgeClassifier,0.8502358490566038,0.04101395606994629
Perceptron,0.652122641509434,0.0019998550415039062
PassiveAggressiveClassifier,0.8431603773584906,0.002427816390991211
LogisticRegressionCV,0.8561320754716981,0.1941969394683838
LogisticRegression,0.8549528301886793,0.019982099533081055
LinearSVC,0.8490566037735849,0.016871929168701172
RandomForestClassifier,0.8490566037735849,0.3294799327850342
HistGradientBoostingClassifier,0.8431603773584906,0.7846510410308838
GradientBoostingClassifier,0.8443396226415094,0.3868112564086914
ExtraTreesClassifier,0.8549528301886793,0.17311811447143555
AdaBoostClassifier,0.8455188679245284,0.19858098030090332
XGBClassifier,0.8266509433962265,0.0807790756225586
LGBMClassifier,0.8419811320754716,0.40039706230163574
CatBoostClassifier,0.8431603773584906,0.21776390075683594
RadiusNeighborsClassifier,,
KNeighborsClassifier,0.8290094339622641,0.0007848739624023438
NearestCentroid,0.6297169811320755,0.0007989406585693359
QuadraticDiscriminantAnalysis,0.20400943396226415,0.011780977249145508
LinearDiscriminantAnalysis,0.8466981132075472,0.01928091049194336
GaussianNB,0.8266509433962265,0.00115203857421875
BernoulliNB,0.7995283018867925,0.0013859272003173828
MLPClassifier,0.8514150943396226,2.6305181980133057
ExtraTreeClassifier,0.7676886792452831,0.002119779586791992
DecisionTreeClassifier,0.7275943396226415,0.022407054901123047
LabelSpreading,0.8443396226415094,0.2214210033416748
LabelPropagation,0.8431603773584906,0.14206719398498535
DummyClassifier,0.8490566037735849,0.00017213821411132812
