classifier,score,time
SVC,,
SGDClassifier,,
RidgeClassifierCV,1.0,1.2575690746307373
RidgeClassifier,1.0,0.4099249839782715
Perceptron,,
PassiveAggressiveClassifier,,
LogisticRegressionCV,,
LogisticRegression,,
LinearSVC,,
RandomForestClassifier,1.0,0.15515613555908203
HistGradientBoostingClassifier,1.0,0.11453509330749512
GradientBoostingClassifier,,
ExtraTreesClassifier,1.0,0.03945183753967285
AdaBoostClassifier,1.0,0.003909111022949219
XGBClassifier,,
LGBMClassifier,,
CatBoostClassifier,,
RadiusNeighborsClassifier,,
KNeighborsClassifier,1.0,0.0041239261627197266
NearestCentroid,,
QuadraticDiscriminantAnalysis,,
LinearDiscriminantAnalysis,1.0,1.2748470306396484
GaussianNB,1.0,0.006049156188964844
BernoulliNB,1.0,0.015949010848999023
MLPClassifier,1.0,5.3934290409088135
ExtraTreeClassifier,1.0,0.002547025680541992
DecisionTreeClassifier,1.0,0.002434968948364258
LabelSpreading,1.0,0.10671401023864746
LabelPropagation,1.0,0.06084299087524414
DummyClassifier,1.0,0.0005018711090087891
