classifier,score,time
SVC,1.0,0.0005948543548583984
SGDClassifier,1.0,0.0005619525909423828
RidgeClassifierCV,1.0,0.0010170936584472656
RidgeClassifier,1.0,0.0008299350738525391
Perceptron,1.0,0.0006515979766845703
PassiveAggressiveClassifier,1.0,0.0031669139862060547
LogisticRegressionCV,1.0,0.0393369197845459
LogisticRegression,1.0,0.0009591579437255859
LinearSVC,1.0,0.0005629062652587891
RandomForestClassifier,1.0,0.04648590087890625
HistGradientBoostingClassifier,0.4444444444444444,0.03498196601867676
GradientBoostingClassifier,1.0,0.020869016647338867
ExtraTreesClassifier,1.0,0.034191131591796875
AdaBoostClassifier,1.0,0.0012121200561523438
XGBClassifier,1.0,0.03741097450256348
LGBMClassifier,0.4444444444444444,0.008404016494750977
CatBoostClassifier,1.0,0.017398834228515625
RadiusNeighborsClassifier,0.7777777777777778,0.0008220672607421875
KNeighborsClassifier,1.0,0.0005230903625488281
NearestCentroid,0.7777777777777778,0.00048422813415527344
QuadraticDiscriminantAnalysis,0.5555555555555556,0.0014700889587402344
LinearDiscriminantAnalysis,1.0,0.0007948875427246094
GaussianNB,0.7777777777777778,0.0005869865417480469
BernoulliNB,0.7777777777777778,0.0007398128509521484
MLPClassifier,1.0,0.08020782470703125
ExtraTreeClassifier,1.0,0.0006771087646484375
DecisionTreeClassifier,1.0,0.0005781650543212891
LabelSpreading,1.0,0.0006890296936035156
LabelPropagation,1.0,0.0006041526794433594
DummyClassifier,0.4444444444444444,0.00011682510375976562
