classifier,score,time
SVC,0.7868852459016393,0.0016798973083496094
SGDClassifier,0.8032786885245902,0.0009500980377197266
RidgeClassifierCV,0.7868852459016393,0.0013239383697509766
RidgeClassifier,0.819672131147541,0.0008382797241210938
Perceptron,0.639344262295082,0.0007009506225585938
PassiveAggressiveClassifier,0.5573770491803278,0.0005881786346435547
LogisticRegressionCV,0.8032786885245902,0.03040909767150879
LogisticRegression,0.7868852459016393,0.0013451576232910156
LinearSVC,0.7868852459016393,0.0007932186126708984
RandomForestClassifier,0.7540983606557377,0.04577159881591797
HistGradientBoostingClassifier,0.7704918032786885,0.20450615882873535
GradientBoostingClassifier,0.7704918032786885,0.051725149154663086
ExtraTreesClassifier,0.7377049180327869,0.03642868995666504
AdaBoostClassifier,0.7704918032786885,0.05544424057006836
XGBClassifier,0.7377049180327869,0.06412267684936523
LGBMClassifier,0.7377049180327869,0.18155884742736816
CatBoostClassifier,0.7704918032786885,0.15427565574645996
RadiusNeighborsClassifier,,
KNeighborsClassifier,0.8360655737704918,0.001466989517211914
NearestCentroid,0.7704918032786885,0.00047588348388671875
QuadraticDiscriminantAnalysis,0.36065573770491804,0.0010669231414794922
LinearDiscriminantAnalysis,0.819672131147541,0.0010061264038085938
GaussianNB,0.7704918032786885,0.0005559921264648438
BernoulliNB,0.7704918032786885,0.0007379055023193359
MLPClassifier,0.7540983606557377,1.206178903579712
ExtraTreeClassifier,0.7377049180327869,0.0006928443908691406
DecisionTreeClassifier,0.6885245901639344,0.0009937286376953125
LabelSpreading,0.7213114754098361,0.003960132598876953
LabelPropagation,0.7213114754098361,0.0018489360809326172
DummyClassifier,0.6229508196721312,0.0002899169921875
