classifier,score,time
SVC,0.9532163742690059,0.015403985977172852
SGDClassifier,0.9473684210526315,0.003247976303100586
RidgeClassifierCV,0.9152046783625731,0.2889087200164795
RidgeClassifier,0.9152046783625731,0.02399420738220215
Perceptron,0.9210526315789473,0.0016319751739501953
PassiveAggressiveClassifier,0.9210526315789473,0.005286216735839844
LogisticRegressionCV,0.956140350877193,0.28253793716430664
LogisticRegression,0.9327485380116959,0.002592802047729492
LinearSVC,0.9473684210526315,0.0024919509887695312
RandomForestClassifier,0.9824561403508771,0.2596108913421631
HistGradientBoostingClassifier,0.9970760233918129,0.672605037689209
GradientBoostingClassifier,0.9824561403508771,0.917820930480957
ExtraTreesClassifier,0.9912280701754386,0.06504392623901367
AdaBoostClassifier,0.9853801169590644,0.36558103561401367
XGBClassifier,0.9912280701754386,0.06600713729858398
LGBMClassifier,0.9941520467836257,0.39345884323120117
CatBoostClassifier,0.9912280701754386,0.22307920455932617
RadiusNeighborsClassifier,0.8216374269005848,0.0006949901580810547
KNeighborsClassifier,0.9269005847953217,0.0015277862548828125
NearestCentroid,0.9122807017543859,0.0006618499755859375
QuadraticDiscriminantAnalysis,0.9473684210526315,0.0501101016998291
LinearDiscriminantAnalysis,0.9093567251461988,0.26915407180786133
GaussianNB,0.9327485380116959,0.0022640228271484375
BernoulliNB,0.5994152046783626,0.0026607513427734375
MLPClassifier,0.9766081871345029,2.654054880142212
ExtraTreeClassifier,0.9532163742690059,0.0009429454803466797
DecisionTreeClassifier,0.9736842105263158,0.019254207611083984
LabelSpreading,0.9298245614035088,0.030263185501098633
LabelPropagation,0.9327485380116959,0.029844999313354492
DummyClassifier,0.5994152046783626,0.0003159046173095703
