classifier,score,time
SVC,0.9354838709677419,0.008744955062866211
SGDClassifier,0.9516129032258065,0.010020256042480469
RidgeClassifierCV,0.9193548387096774,0.5151040554046631
RidgeClassifier,0.9354838709677419,0.06822705268859863
Perceptron,0.9354838709677419,0.006866931915283203
PassiveAggressiveClassifier,0.9354838709677419,0.03397512435913086
LogisticRegressionCV,0.967741935483871,2.30593204498291
LogisticRegression,0.9516129032258065,0.1514582633972168
LinearSVC,0.9516129032258065,0.17991185188293457
RandomForestClassifier,0.9193548387096774,0.29319334030151367
HistGradientBoostingClassifier,0.9032258064516129,1.604947805404663
GradientBoostingClassifier,0.9193548387096774,4.361588954925537
ExtraTreesClassifier,0.9516129032258065,0.060311079025268555
AdaBoostClassifier,0.9032258064516129,1.5472629070281982
XGBClassifier,0.9032258064516129,0.49416017532348633
LGBMClassifier,0.9032258064516129,0.3492770195007324
CatBoostClassifier,0.9193548387096774,3.1797618865966797
RadiusNeighborsClassifier,,
KNeighborsClassifier,0.9032258064516129,0.0030698776245117188
NearestCentroid,0.8387096774193549,0.005096912384033203
QuadraticDiscriminantAnalysis,0.7580645161290323,0.20541977882385254
LinearDiscriminantAnalysis,0.9354838709677419,0.6638453006744385
GaussianNB,0.8870967741935484,0.010889053344726562
BernoulliNB,0.5645161290322581,0.0597987174987793
MLPClassifier,0.9516129032258065,8.22470474243164
ExtraTreeClassifier,0.8387096774193549,0.00657200813293457
DecisionTreeClassifier,0.8064516129032258,0.13015222549438477
LabelSpreading,0.9193548387096774,0.04378390312194824
LabelPropagation,0.9193548387096774,0.01621413230895996
DummyClassifier,0.5161290322580645,0.00016379356384277344
