classifier,score,time
SVC,0.7,0.004141092300415039
SGDClassifier,0.6714285714285714,0.006224870681762695
RidgeClassifierCV,0.7,0.36257505416870117
RidgeClassifier,0.7,0.07233619689941406
Perceptron,0.5857142857142857,0.0019457340240478516
PassiveAggressiveClassifier,0.5428571428571428,0.0026290416717529297
LogisticRegressionCV,0.6571428571428571,1.294846773147583
LogisticRegression,0.6857142857142857,0.07572388648986816
LinearSVC,0.6714285714285714,0.004533052444458008
RandomForestClassifier,0.7571428571428571,0.10232996940612793
HistGradientBoostingClassifier,0.7,0.48345279693603516
GradientBoostingClassifier,0.7285714285714285,0.05262327194213867
ExtraTreesClassifier,0.7285714285714285,0.0462038516998291
AdaBoostClassifier,0.7142857142857143,0.06664896011352539
XGBClassifier,0.7285714285714285,0.10865092277526855
LGBMClassifier,,
CatBoostClassifier,0.7142857142857143,0.1211080551147461
RadiusNeighborsClassifier,,
KNeighborsClassifier,0.7,0.0007731914520263672
NearestCentroid,0.7142857142857143,0.000804901123046875
QuadraticDiscriminantAnalysis,0.5428571428571428,0.0663762092590332
LinearDiscriminantAnalysis,0.6714285714285714,0.3552823066711426
GaussianNB,0.5285714285714286,0.0036339759826660156
BernoulliNB,0.7428571428571429,0.0055391788482666016
MLPClassifier,0.7428571428571429,7.999124050140381
ExtraTreeClassifier,0.7428571428571429,0.0010631084442138672
DecisionTreeClassifier,0.7428571428571429,0.006525754928588867
LabelSpreading,0.7142857142857143,0.013339996337890625
LabelPropagation,0.7142857142857143,0.005034923553466797
DummyClassifier,0.45714285714285713,0.0001499652862548828
