classifier,score,time
SVC,0.8561320754716981,0.39479804039001465
SGDClassifier,0.8561320754716981,0.014395952224731445
RidgeClassifierCV,0.8573113207547169,0.5494768619537354
RidgeClassifier,0.8573113207547169,0.0016078948974609375
Perceptron,0.7700471698113207,0.006379842758178711
PassiveAggressiveClassifier,0.8573113207547169,0.008730173110961914
LogisticRegressionCV,0.8620283018867925,2.768341064453125
LogisticRegression,0.8608490566037735,0.16993117332458496
LinearSVC,0.8596698113207547,0.007985115051269531
RandomForestClassifier,0.8643867924528302,0.3771040439605713
HistGradientBoostingClassifier,0.8490566037735849,1.1097259521484375
GradientBoostingClassifier,0.8514150943396226,0.41149115562438965
ExtraTreesClassifier,0.8596698113207547,0.19190192222595215
AdaBoostClassifier,0.8490566037735849,0.20175981521606445
XGBClassifier,0.8466981132075472,0.09790515899658203
LGBMClassifier,0.8466981132075472,0.387570858001709
CatBoostClassifier,0.8525943396226415,0.22109317779541016
RadiusNeighborsClassifier,,
KNeighborsClassifier,0.8443396226415094,0.0008249282836914062
NearestCentroid,0.6533018867924528,0.001291036605834961
QuadraticDiscriminantAnalysis,0.14622641509433962,0.1322190761566162
LinearDiscriminantAnalysis,0.8561320754716981,0.26894116401672363
GaussianNB,0.8372641509433962,0.008310079574584961
BernoulliNB,0.8360849056603774,0.002469778060913086
MLPClassifier,0.8596698113207547,7.028780937194824
ExtraTreeClassifier,0.7653301886792453,0.0046956539154052734
DecisionTreeClassifier,0.7818396226415094,0.024439096450805664
LabelSpreading,0.8525943396226415,0.20935416221618652
LabelPropagation,0.8514150943396226,0.11163806915283203
DummyClassifier,0.8561320754716981,0.0001761913299560547
