classifier,score,time
SVC,0.5185185185185185,0.0013048648834228516
SGDClassifier,0.5925925925925926,0.000823974609375
RidgeClassifierCV,0.46296296296296297,0.0010747909545898438
RidgeClassifier,0.46296296296296297,0.0008089542388916016
Perceptron,0.5,0.0006551742553710938
PassiveAggressiveClassifier,0.5555555555555556,0.0005083084106445312
LogisticRegressionCV,0.48148148148148145,0.01856398582458496
LogisticRegression,0.48148148148148145,0.0007841587066650391
LinearSVC,0.46296296296296297,0.0005161762237548828
RandomForestClassifier,0.5740740740740741,0.04763007164001465
HistGradientBoostingClassifier,0.5555555555555556,0.23865890502929688
GradientBoostingClassifier,0.5740740740740741,0.034651994705200195
ExtraTreesClassifier,0.6296296296296297,0.03484916687011719
AdaBoostClassifier,0.5555555555555556,0.05311894416809082
XGBClassifier,0.5370370370370371,0.10293388366699219
LGBMClassifier,0.5555555555555556,0.14780211448669434
CatBoostClassifier,0.5555555555555556,0.07982110977172852
RadiusNeighborsClassifier,0.5555555555555556,0.0015048980712890625
KNeighborsClassifier,0.6296296296296297,0.0007469654083251953
NearestCentroid,0.5925925925925926,0.0005660057067871094
QuadraticDiscriminantAnalysis,0.48148148148148145,0.0004761219024658203
LinearDiscriminantAnalysis,0.46296296296296297,0.000659942626953125
GaussianNB,0.5,0.0006880760192871094
BernoulliNB,0.5370370370370371,0.0010380744934082031
MLPClassifier,0.48148148148148145,0.1620500087738037
ExtraTreeClassifier,0.6111111111111112,0.0005412101745605469
DecisionTreeClassifier,0.5740740740740741,0.0006439685821533203
LabelSpreading,0.5555555555555556,0.010060787200927734
LabelPropagation,0.5370370370370371,0.0022399425506591797
DummyClassifier,0.5555555555555556,0.00024819374084472656
