classifier,score,time
SVC,,
SGDClassifier,,
RidgeClassifierCV,1.0,0.3457810878753662
RidgeClassifier,1.0,0.023651123046875
Perceptron,,
PassiveAggressiveClassifier,,
LogisticRegressionCV,,
LogisticRegression,,
LinearSVC,,
RandomForestClassifier,1.0,0.07350492477416992
HistGradientBoostingClassifier,1.0,0.5357990264892578
GradientBoostingClassifier,,
ExtraTreesClassifier,1.0,0.04503178596496582
AdaBoostClassifier,1.0,0.002862215042114258
XGBClassifier,,
LGBMClassifier,,
CatBoostClassifier,,
RadiusNeighborsClassifier,,
KNeighborsClassifier,1.0,0.0018949508666992188
NearestCentroid,,
QuadraticDiscriminantAnalysis,,
LinearDiscriminantAnalysis,1.0,0.11634683609008789
GaussianNB,1.0,0.002557992935180664
BernoulliNB,1.0,0.047660112380981445
MLPClassifier,1.0,1.2664449214935303
ExtraTreeClassifier,1.0,0.0016908645629882812
DecisionTreeClassifier,1.0,0.004997968673706055
LabelSpreading,1.0,0.019088029861450195
LabelPropagation,1.0,0.009563922882080078
DummyClassifier,1.0,0.0005917549133300781
