classifier,score,time
SVC,,
SGDClassifier,,
RidgeClassifierCV,1.0,2.042147159576416
RidgeClassifier,1.0,0.5045328140258789
Perceptron,,
PassiveAggressiveClassifier,,
LogisticRegressionCV,,
LogisticRegression,,
LinearSVC,,
RandomForestClassifier,1.0,0.0760960578918457
HistGradientBoostingClassifier,1.0,0.5541009902954102
GradientBoostingClassifier,,
ExtraTreesClassifier,1.0,0.06487607955932617
AdaBoostClassifier,1.0,0.04105710983276367
XGBClassifier,,
LGBMClassifier,,
CatBoostClassifier,,
RadiusNeighborsClassifier,,
KNeighborsClassifier,1.0,0.050621986389160156
NearestCentroid,,
QuadraticDiscriminantAnalysis,,
LinearDiscriminantAnalysis,1.0,9.92336392402649
GaussianNB,1.0,0.13820385932922363
BernoulliNB,1.0,0.12465405464172363
MLPClassifier,1.0,8.680056095123291
ExtraTreeClassifier,1.0,0.04170799255371094
DecisionTreeClassifier,1.0,0.04230809211730957
LabelSpreading,1.0,0.29695820808410645
LabelPropagation,1.0,0.31808996200561523
DummyClassifier,1.0,0.0005311965942382812
