classifier,score,time
SVC,0.8333333333333334,0.0015339851379394531
SGDClassifier,0.8333333333333334,0.0010738372802734375
RidgeClassifierCV,0.7777777777777778,0.0013380050659179688
RidgeClassifier,0.7592592592592593,0.0008499622344970703
Perceptron,0.7962962962962963,0.0006840229034423828
PassiveAggressiveClassifier,0.7407407407407407,0.0006611347198486328
LogisticRegressionCV,0.7962962962962963,0.029712915420532227
LogisticRegression,0.8148148148148148,0.001291036605834961
LinearSVC,0.7962962962962963,0.0007450580596923828
RandomForestClassifier,0.7777777777777778,0.046159982681274414
HistGradientBoostingClassifier,0.8333333333333334,0.1765897274017334
GradientBoostingClassifier,0.7962962962962963,0.0532381534576416
ExtraTreesClassifier,0.8333333333333334,0.03592801094055176
AdaBoostClassifier,0.7777777777777778,0.05561518669128418
XGBClassifier,0.8148148148148148,0.0626077651977539
LGBMClassifier,0.7962962962962963,0.14477014541625977
CatBoostClassifier,0.7962962962962963,0.14962100982666016
RadiusNeighborsClassifier,,
KNeighborsClassifier,0.8518518518518519,0.040705204010009766
NearestCentroid,0.8148148148148148,0.0005440711975097656
QuadraticDiscriminantAnalysis,0.6296296296296297,0.0010139942169189453
LinearDiscriminantAnalysis,0.7592592592592593,0.0009517669677734375
GaussianNB,0.6111111111111112,0.0005471706390380859
BernoulliNB,0.7777777777777778,0.0007278919219970703
MLPClassifier,0.8333333333333334,1.214073896408081
ExtraTreeClassifier,0.7777777777777778,0.0006301403045654297
DecisionTreeClassifier,0.6296296296296297,0.0009429454803466797
LabelSpreading,0.8148148148148148,0.001194000244140625
LabelPropagation,0.8148148148148148,0.0029642581939697266
DummyClassifier,0.6111111111111112,0.00023674964904785156
