classifier,score,time
SVC,0.51,0.020571231842041016
SGDClassifier,0.515,0.005543947219848633
RidgeClassifierCV,0.465,0.4122960567474365
RidgeClassifier,0.47,0.0856180191040039
Perceptron,0.445,0.0013213157653808594
PassiveAggressiveClassifier,0.52,0.001775979995727539
LogisticRegressionCV,0.455,0.33777523040771484
LogisticRegression,0.465,0.008631706237792969
LinearSVC,0.47,0.0038030147552490234
RandomForestClassifier,0.56,0.1611020565032959
HistGradientBoostingClassifier,0.505,0.8780877590179443
GradientBoostingClassifier,0.48,0.14951181411743164
ExtraTreesClassifier,0.48,0.09348511695861816
AdaBoostClassifier,0.485,0.09144282341003418
XGBClassifier,0.54,0.08500194549560547
LGBMClassifier,0.49,0.31524038314819336
CatBoostClassifier,0.51,0.17210984230041504
RadiusNeighborsClassifier,,
KNeighborsClassifier,0.495,0.007305145263671875
NearestCentroid,0.47,0.0006690025329589844
QuadraticDiscriminantAnalysis,0.47,0.16437101364135742
LinearDiscriminantAnalysis,0.475,0.27642130851745605
GaussianNB,0.515,0.0028848648071289062
BernoulliNB,0.455,0.0011470317840576172
MLPClassifier,0.495,3.4446117877960205
ExtraTreeClassifier,0.52,0.0030069351196289062
DecisionTreeClassifier,0.55,0.004912137985229492
LabelSpreading,0.545,0.019382953643798828
LabelPropagation,0.54,0.006524801254272461
DummyClassifier,0.495,0.00012111663818359375
