classifier,score,time
SVC,0.7413793103448276,0.001983165740966797
SGDClassifier,0.5,0.001638174057006836
RidgeClassifierCV,0.6896551724137931,0.21728110313415527
RidgeClassifier,0.6896551724137931,0.053733110427856445
Perceptron,0.6724137931034483,0.0012662410736083984
PassiveAggressiveClassifier,0.5,0.0008580684661865234
LogisticRegressionCV,0.6724137931034483,0.10409927368164062
LogisticRegression,0.6896551724137931,0.004724979400634766
LinearSVC,0.6724137931034483,0.0008318424224853516
RandomForestClassifier,0.7241379310344828,0.07869219779968262
HistGradientBoostingClassifier,0.7241379310344828,0.21477198600769043
GradientBoostingClassifier,0.7241379310344828,0.04451394081115723
ExtraTreesClassifier,0.7068965517241379,0.04003310203552246
AdaBoostClassifier,0.7068965517241379,0.05804181098937988
XGBClassifier,0.7586206896551724,0.0852508544921875
LGBMClassifier,0.6896551724137931,0.16892290115356445
CatBoostClassifier,0.7413793103448276,0.15410780906677246
RadiusNeighborsClassifier,,
KNeighborsClassifier,0.7241379310344828,0.002496004104614258
NearestCentroid,0.6896551724137931,0.0026350021362304688
QuadraticDiscriminantAnalysis,0.7241379310344828,0.19273805618286133
LinearDiscriminantAnalysis,0.6896551724137931,0.268754243850708
GaussianNB,0.5172413793103449,0.0006771087646484375
BernoulliNB,0.6896551724137931,0.001489877700805664
MLPClassifier,0.7068965517241379,1.232490062713623
ExtraTreeClassifier,0.7068965517241379,0.0007419586181640625
DecisionTreeClassifier,0.7241379310344828,0.0014820098876953125
LabelSpreading,0.7068965517241379,0.0039348602294921875
LabelPropagation,0.7413793103448276,0.003292083740234375
DummyClassifier,0.7068965517241379,9.608268737792969e-05
