classifier,score,time
SVC,0.885,0.06249809265136719
SGDClassifier,0.855,0.006577968597412109
RidgeClassifierCV,0.875,0.28217291831970215
RidgeClassifier,0.875,0.0025811195373535156
Perceptron,0.8625,0.002187967300415039
PassiveAggressiveClassifier,0.865,0.0024640560150146484
LogisticRegressionCV,0.8525,1.1166069507598877
LogisticRegression,0.855,0.060179948806762695
LinearSVC,0.875,0.005676746368408203
RandomForestClassifier,0.8975,0.1835191249847412
HistGradientBoostingClassifier,0.8925,1.8323168754577637
GradientBoostingClassifier,0.875,0.17263388633728027
ExtraTreesClassifier,0.8775,0.13572406768798828
AdaBoostClassifier,0.8625,0.13500094413757324
XGBClassifier,0.89,0.16620206832885742
LGBMClassifier,0.8925,0.6155519485473633
CatBoostClassifier,0.905,0.15275025367736816
RadiusNeighborsClassifier,,
KNeighborsClassifier,0.895,0.0008740425109863281
NearestCentroid,0.8325,0.0008552074432373047
QuadraticDiscriminantAnalysis,0.77,0.011468172073364258
LinearDiscriminantAnalysis,0.855,0.04958391189575195
GaussianNB,0.79,0.004521846771240234
BernoulliNB,0.865,0.011852025985717773
MLPClassifier,0.8925,9.4063880443573
ExtraTreeClassifier,0.88,0.005316972732543945
DecisionTreeClassifier,0.88,0.004437923431396484
LabelSpreading,0.895,0.08026885986328125
LabelPropagation,0.895,0.06339097023010254
DummyClassifier,0.735,0.00021982192993164062
