classifier,score,time
SVC,0.8688524590163934,0.0016798973083496094
SGDClassifier,0.8524590163934426,0.0010471343994140625
RidgeClassifierCV,0.8852459016393442,0.0013692378997802734
RidgeClassifier,0.8688524590163934,0.0008649826049804688
Perceptron,0.8360655737704918,0.0006949901580810547
PassiveAggressiveClassifier,0.5573770491803278,0.0010597705841064453
LogisticRegressionCV,0.8688524590163934,0.03137516975402832
LogisticRegression,0.9016393442622951,0.0013859272003173828
LinearSVC,0.8688524590163934,0.00080108642578125
RandomForestClassifier,0.819672131147541,0.047358036041259766
HistGradientBoostingClassifier,0.7868852459016393,0.2791001796722412
GradientBoostingClassifier,0.7868852459016393,0.05131793022155762
ExtraTreesClassifier,0.819672131147541,0.03652310371398926
AdaBoostClassifier,0.7704918032786885,0.05573415756225586
XGBClassifier,0.8032786885245902,0.07596111297607422
LGBMClassifier,0.819672131147541,0.16445112228393555
CatBoostClassifier,0.8032786885245902,0.15370607376098633
RadiusNeighborsClassifier,,
KNeighborsClassifier,0.8524590163934426,0.0016529560089111328
NearestCentroid,0.8524590163934426,0.0006260871887207031
QuadraticDiscriminantAnalysis,0.6885245901639344,0.0011091232299804688
LinearDiscriminantAnalysis,0.8524590163934426,0.002695322036743164
GaussianNB,0.7704918032786885,0.0016400814056396484
BernoulliNB,0.8360655737704918,0.0008478164672851562
MLPClassifier,0.7868852459016393,1.2641468048095703
ExtraTreeClassifier,0.6721311475409836,0.0007028579711914062
DecisionTreeClassifier,0.7540983606557377,0.0010051727294921875
LabelSpreading,0.8360655737704918,0.0016109943389892578
LabelPropagation,0.8360655737704918,0.000904083251953125
DummyClassifier,0.5245901639344263,8.487701416015625e-05
