classifier,score,time
SVC,0.9075,0.047181129455566406
SGDClassifier,0.9075,0.009312152862548828
RidgeClassifierCV,0.9075,0.5038950443267822
RidgeClassifier,0.9075,0.04719114303588867
Perceptron,0.8425,0.0019261837005615234
PassiveAggressiveClassifier,0.9075,0.009612798690795898
LogisticRegressionCV,0.9075,1.45210599899292
LogisticRegression,0.9075,0.21268296241760254
LinearSVC,0.9075,0.008154869079589844
RandomForestClassifier,0.91,0.26226305961608887
HistGradientBoostingClassifier,0.9,1.5998578071594238
GradientBoostingClassifier,0.9025,0.2987852096557617
ExtraTreesClassifier,0.88,0.17820310592651367
AdaBoostClassifier,0.91,0.14821767807006836
XGBClassifier,0.895,0.18667006492614746
LGBMClassifier,,
CatBoostClassifier,0.9075,0.21528005599975586
RadiusNeighborsClassifier,,
KNeighborsClassifier,0.9125,0.0013301372528076172
NearestCentroid,0.6625,0.0012650489807128906
QuadraticDiscriminantAnalysis,0.4675,0.07628798484802246
LinearDiscriminantAnalysis,0.91,0.30547118186950684
GaussianNB,0.405,0.0036149024963378906
BernoulliNB,0.86,0.01442575454711914
MLPClassifier,0.885,47.78651428222656
ExtraTreeClassifier,0.8425,0.0021419525146484375
DecisionTreeClassifier,0.8225,0.009891033172607422
LabelSpreading,0.8575,0.08564996719360352
LabelPropagation,0.8575,0.03666996955871582
DummyClassifier,0.9075,0.00023293495178222656
