classifier,score,time
SVC,0.8032786885245902,0.0017058849334716797
SGDClassifier,0.8360655737704918,0.0008108615875244141
RidgeClassifierCV,0.8032786885245902,0.0013709068298339844
RidgeClassifier,0.7704918032786885,0.0008730888366699219
Perceptron,0.8688524590163934,0.0007379055023193359
PassiveAggressiveClassifier,0.8032786885245902,0.0007138252258300781
LogisticRegressionCV,0.8032786885245902,0.03177762031555176
LogisticRegression,0.8032786885245902,0.001123189926147461
LinearSVC,0.7868852459016393,0.0007331371307373047
RandomForestClassifier,0.8032786885245902,0.046211957931518555
HistGradientBoostingClassifier,0.7868852459016393,0.1983950138092041
GradientBoostingClassifier,0.8360655737704918,0.051167964935302734
ExtraTreesClassifier,0.819672131147541,0.039705753326416016
AdaBoostClassifier,0.7377049180327869,0.0606379508972168
XGBClassifier,0.7868852459016393,0.06398177146911621
LGBMClassifier,0.7704918032786885,0.22113823890686035
CatBoostClassifier,0.7868852459016393,0.15627527236938477
RadiusNeighborsClassifier,,
KNeighborsClassifier,0.819672131147541,0.017267942428588867
NearestCentroid,0.8032786885245902,0.0004930496215820312
QuadraticDiscriminantAnalysis,0.6557377049180327,0.0010371208190917969
LinearDiscriminantAnalysis,0.7704918032786885,0.0009958744049072266
GaussianNB,0.6229508196721312,0.0005519390106201172
BernoulliNB,0.7868852459016393,0.0007371902465820312
MLPClassifier,0.7868852459016393,0.809128999710083
ExtraTreeClassifier,0.8032786885245902,0.0006721019744873047
DecisionTreeClassifier,0.6721311475409836,0.002067089080810547
LabelSpreading,0.7377049180327869,0.00451207160949707
LabelPropagation,0.7377049180327869,0.0011069774627685547
DummyClassifier,0.45901639344262296,8.988380432128906e-05
