classifier,score,time
SVC,0.8782608695652174,0.08734703063964844
SGDClassifier,0.8770186335403727,0.008411169052124023
RidgeClassifierCV,0.8869565217391304,0.4463613033294678
RidgeClassifier,0.8869565217391304,0.05459284782409668
Perceptron,0.8795031055900621,0.007720232009887695
PassiveAggressiveClassifier,0.8770186335403727,0.005627870559692383
LogisticRegressionCV,0.8981366459627329,0.25481510162353516
LogisticRegression,0.8968944099378882,0.016318082809448242
LinearSVC,0.8906832298136645,0.007231950759887695
RandomForestClassifier,0.901863354037267,0.24892902374267578
HistGradientBoostingClassifier,0.9031055900621118,0.7724430561065674
GradientBoostingClassifier,0.8919254658385093,0.2899918556213379
ExtraTreesClassifier,0.8720496894409938,0.1746213436126709
AdaBoostClassifier,0.8919254658385093,0.1572563648223877
XGBClassifier,0.8919254658385093,0.07081317901611328
LGBMClassifier,,
CatBoostClassifier,0.8956521739130435,0.2208566665649414
RadiusNeighborsClassifier,,
KNeighborsClassifier,0.8559006211180125,0.000997781753540039
NearestCentroid,0.7118012422360248,0.0020291805267333984
QuadraticDiscriminantAnalysis,0.42857142857142855,0.009752988815307617
LinearDiscriminantAnalysis,0.8944099378881988,0.2786281108856201
GaussianNB,0.7900621118012422,0.0014562606811523438
BernoulliNB,0.7900621118012422,0.001628875732421875
MLPClassifier,0.8795031055900621,6.838699102401733
ExtraTreeClassifier,0.808695652173913,0.007425069808959961
DecisionTreeClassifier,0.8322981366459627,0.02037811279296875
LabelSpreading,0.8521739130434782,0.2224414348602295
LabelPropagation,0.8521739130434782,0.11454892158508301
DummyClassifier,0.8509316770186336,0.00039696693420410156
