classifier,score,time
SVC,0.8032786885245902,0.0017919540405273438
SGDClassifier,0.7704918032786885,0.0009810924530029297
RidgeClassifierCV,0.7868852459016393,0.0013382434844970703
RidgeClassifier,0.8360655737704918,0.0010378360748291016
Perceptron,0.7540983606557377,0.0007848739624023438
PassiveAggressiveClassifier,0.5901639344262295,0.0006880760192871094
LogisticRegressionCV,0.7704918032786885,0.03201580047607422
LogisticRegression,0.7868852459016393,0.0012209415435791016
LinearSVC,0.819672131147541,0.0008187294006347656
RandomForestClassifier,0.7704918032786885,0.05266094207763672
HistGradientBoostingClassifier,0.7377049180327869,0.4119901657104492
GradientBoostingClassifier,0.7377049180327869,0.07904314994812012
ExtraTreesClassifier,0.819672131147541,0.06465983390808105
AdaBoostClassifier,0.7868852459016393,0.0887141227722168
XGBClassifier,0.7540983606557377,0.12023401260375977
LGBMClassifier,0.7213114754098361,0.20477509498596191
CatBoostClassifier,0.7868852459016393,0.11654400825500488
RadiusNeighborsClassifier,,
KNeighborsClassifier,0.7868852459016393,0.0005810260772705078
NearestCentroid,0.7704918032786885,0.0005807876586914062
QuadraticDiscriminantAnalysis,0.639344262295082,0.0011570453643798828
LinearDiscriminantAnalysis,0.8360655737704918,0.0011620521545410156
GaussianNB,0.7377049180327869,0.0006887912750244141
BernoulliNB,0.7704918032786885,0.0008749961853027344
MLPClassifier,0.7540983606557377,5.361564874649048
ExtraTreeClassifier,0.6885245901639344,0.0009510517120361328
DecisionTreeClassifier,0.6721311475409836,0.0015170574188232422
LabelSpreading,0.7049180327868853,0.010577917098999023
LabelPropagation,0.6885245901639344,0.002275705337524414
DummyClassifier,0.5245901639344263,0.00013399124145507812
