classifier,score,time
SVC,0.65,0.0008080005645751953
SGDClassifier,0.45,0.0006072521209716797
RidgeClassifierCV,0.65,0.001180887222290039
RidgeClassifier,0.7,0.0008220672607421875
Perceptron,0.65,0.0006229877471923828
PassiveAggressiveClassifier,0.6,0.0004968643188476562
LogisticRegressionCV,0.65,0.049343109130859375
LogisticRegression,0.65,0.0010161399841308594
LinearSVC,0.7,0.0005371570587158203
RandomForestClassifier,0.65,0.0419008731842041
HistGradientBoostingClassifier,0.6,0.07586312294006348
GradientBoostingClassifier,0.55,0.0334169864654541
ExtraTreesClassifier,0.55,0.03108811378479004
AdaBoostClassifier,0.55,0.04716634750366211
XGBClassifier,0.6,0.0842888355255127
LGBMClassifier,0.55,0.050200700759887695
CatBoostClassifier,0.65,0.08825492858886719
RadiusNeighborsClassifier,0.6,0.0007338523864746094
KNeighborsClassifier,0.65,0.0004436969757080078
NearestCentroid,0.35,0.0004119873046875
QuadraticDiscriminantAnalysis,0.6,0.00075531005859375
LinearDiscriminantAnalysis,0.55,0.0006930828094482422
GaussianNB,0.35,0.0004818439483642578
BernoulliNB,0.6,0.0006480216979980469
MLPClassifier,0.7,0.13835501670837402
ExtraTreeClassifier,0.5,0.0009179115295410156
DecisionTreeClassifier,0.5,0.0006940364837646484
LabelSpreading,0.55,0.0011019706726074219
LabelPropagation,0.5,0.0006091594696044922
DummyClassifier,0.65,8.392333984375e-05
