classifier,score,time
SVC,,
SGDClassifier,,
RidgeClassifierCV,1.0,0.8436667919158936
RidgeClassifier,1.0,0.07146501541137695
Perceptron,,
PassiveAggressiveClassifier,,
LogisticRegressionCV,,
LogisticRegression,,
LinearSVC,,
RandomForestClassifier,1.0,0.13239383697509766
HistGradientBoostingClassifier,1.0,0.1281900405883789
GradientBoostingClassifier,,
ExtraTreesClassifier,1.0,0.031987905502319336
AdaBoostClassifier,1.0,0.002962827682495117
XGBClassifier,1.0,0.11903190612792969
LGBMClassifier,1.0,0.014552116394042969
CatBoostClassifier,,
RadiusNeighborsClassifier,,
KNeighborsClassifier,1.0,0.00403904914855957
NearestCentroid,,
QuadraticDiscriminantAnalysis,,
LinearDiscriminantAnalysis,1.0,0.5401499271392822
GaussianNB,1.0,0.00973367691040039
BernoulliNB,1.0,0.01976799964904785
MLPClassifier,1.0,2.7410800457000732
ExtraTreeClassifier,1.0,0.0017538070678710938
DecisionTreeClassifier,1.0,0.0016303062438964844
LabelSpreading,1.0,0.09696483612060547
LabelPropagation,1.0,0.061495065689086914
DummyClassifier,1.0,0.0020682811737060547
