classifier,score,time
SVC,,
SGDClassifier,,
RidgeClassifierCV,1.0,1.519737720489502
RidgeClassifier,1.0,0.5231568813323975
Perceptron,,
PassiveAggressiveClassifier,,
LogisticRegressionCV,,
LogisticRegression,,
LinearSVC,,
RandomForestClassifier,1.0,0.10696792602539062
HistGradientBoostingClassifier,1.0,0.26230812072753906
GradientBoostingClassifier,,
ExtraTreesClassifier,1.0,0.03523683547973633
AdaBoostClassifier,1.0,0.006073951721191406
XGBClassifier,,
LGBMClassifier,1.0,0.017750978469848633
CatBoostClassifier,,
RadiusNeighborsClassifier,,
KNeighborsClassifier,1.0,0.007395029067993164
NearestCentroid,,
QuadraticDiscriminantAnalysis,,
LinearDiscriminantAnalysis,1.0,2.1409521102905273
GaussianNB,1.0,0.07602214813232422
BernoulliNB,1.0,0.03237605094909668
MLPClassifier,1.0,7.198693037033081
ExtraTreeClassifier,1.0,0.009712934494018555
DecisionTreeClassifier,1.0,0.006966114044189453
LabelSpreading,1.0,0.09398794174194336
LabelPropagation,1.0,0.045786142349243164
DummyClassifier,1.0,0.00019311904907226562
