classifier,score,time
SVC,,
SGDClassifier,,
RidgeClassifierCV,1.0,0.19664716720581055
RidgeClassifier,1.0,0.07411503791809082
Perceptron,,
PassiveAggressiveClassifier,,
LogisticRegressionCV,,
LogisticRegression,,
LinearSVC,,
RandomForestClassifier,1.0,0.06542015075683594
HistGradientBoostingClassifier,1.0,0.25377583503723145
GradientBoostingClassifier,,
ExtraTreesClassifier,1.0,0.03837704658508301
AdaBoostClassifier,1.0,0.001415252685546875
XGBClassifier,1.0,0.08094596862792969
LGBMClassifier,1.0,0.006648063659667969
CatBoostClassifier,,
RadiusNeighborsClassifier,,
KNeighborsClassifier,1.0,0.0014739036560058594
NearestCentroid,,
QuadraticDiscriminantAnalysis,,
LinearDiscriminantAnalysis,1.0,0.016977310180664062
GaussianNB,1.0,0.0017249584197998047
BernoulliNB,1.0,0.01829695701599121
MLPClassifier,1.0,1.2840168476104736
ExtraTreeClassifier,1.0,0.0011310577392578125
DecisionTreeClassifier,1.0,0.0007379055023193359
LabelSpreading,1.0,0.02400684356689453
LabelPropagation,1.0,0.009778738021850586
DummyClassifier,1.0,0.00019097328186035156
