classifier,score,time
SVC,0.7662337662337663,0.005065202713012695
SGDClassifier,0.7142857142857143,0.0024042129516601562
RidgeClassifierCV,0.7727272727272727,0.0010678768157958984
RidgeClassifier,0.7727272727272727,0.000782012939453125
Perceptron,0.6753246753246753,0.0007600784301757812
PassiveAggressiveClassifier,0.7727272727272727,0.000701904296875
LogisticRegressionCV,0.7727272727272727,0.021808862686157227
LogisticRegression,0.7532467532467533,0.0010449886322021484
LinearSVC,0.7792207792207793,0.0007460117340087891
RandomForestClassifier,0.7597402597402597,0.07219815254211426
HistGradientBoostingClassifier,0.7532467532467533,0.6129438877105713
GradientBoostingClassifier,0.7597402597402597,0.08666110038757324
ExtraTreesClassifier,0.7532467532467533,0.0516819953918457
AdaBoostClassifier,0.7922077922077922,0.06949400901794434
XGBClassifier,0.7467532467532467,0.11563801765441895
LGBMClassifier,0.7662337662337663,0.28838014602661133
CatBoostClassifier,0.7792207792207793,0.04650712013244629
RadiusNeighborsClassifier,0.6753246753246753,0.0007312297821044922
KNeighborsClassifier,0.7402597402597403,0.0005528926849365234
NearestCentroid,0.7012987012987013,0.00043010711669921875
QuadraticDiscriminantAnalysis,0.7207792207792207,0.0005052089691162109
LinearDiscriminantAnalysis,0.7792207792207793,0.0006761550903320312
GaussianNB,0.7532467532467533,0.00047707557678222656
BernoulliNB,0.6688311688311688,0.0006382465362548828
MLPClassifier,0.7792207792207793,3.2917401790618896
ExtraTreeClassifier,0.6688311688311688,0.0007190704345703125
DecisionTreeClassifier,0.6688311688311688,0.0019032955169677734
LabelSpreading,0.7272727272727273,0.013092279434204102
LabelPropagation,0.7337662337662337,0.010085821151733398
DummyClassifier,0.6753246753246753,0.00014019012451171875
