classifier,score,time
SVC,0.9074074074074074,0.001711130142211914
SGDClassifier,0.9629629629629629,0.0010492801666259766
RidgeClassifierCV,0.9629629629629629,0.09208989143371582
RidgeClassifier,0.9629629629629629,0.06487202644348145
Perceptron,1.0,0.002141237258911133
PassiveAggressiveClassifier,0.9814814814814815,0.0021240711212158203
LogisticRegressionCV,0.9814814814814815,0.6398510932922363
LogisticRegression,0.9259259259259259,0.0044269561767578125
LinearSVC,0.9814814814814815,0.003245115280151367
RandomForestClassifier,0.9814814814814815,0.12006688117980957
HistGradientBoostingClassifier,0.9074074074074074,0.49068617820739746
GradientBoostingClassifier,1.0,0.0734710693359375
ExtraTreesClassifier,1.0,0.058667898178100586
AdaBoostClassifier,1.0,0.09107518196105957
XGBClassifier,0.9814814814814815,0.07981419563293457
LGBMClassifier,0.9074074074074074,0.24728608131408691
CatBoostClassifier,1.0,0.06919598579406738
RadiusNeighborsClassifier,,
KNeighborsClassifier,0.9259259259259259,0.001070261001586914
NearestCentroid,0.8703703703703703,0.0011310577392578125
QuadraticDiscriminantAnalysis,0.7407407407407407,0.06145524978637695
LinearDiscriminantAnalysis,0.8703703703703703,0.3408510684967041
GaussianNB,0.8703703703703703,0.003170013427734375
BernoulliNB,0.9074074074074074,0.0017359256744384766
MLPClassifier,0.9444444444444444,2.6385982036590576
ExtraTreeClassifier,0.9629629629629629,0.001725912094116211
DecisionTreeClassifier,1.0,0.0013010501861572266
LabelSpreading,0.9444444444444444,0.0018939971923828125
LabelPropagation,0.9444444444444444,0.0014672279357910156
DummyClassifier,0.8703703703703703,0.00035881996154785156
