classifier,score,time
SVC,0.9259259259259259,0.007144927978515625
SGDClassifier,0.9259259259259259,0.006708860397338867
RidgeClassifierCV,1.0,0.46316003799438477
RidgeClassifier,1.0,0.05081009864807129
Perceptron,0.9259259259259259,0.009730100631713867
PassiveAggressiveClassifier,1.0,0.021691083908081055
LogisticRegressionCV,1.0,0.22112822532653809
LogisticRegression,1.0,0.020537853240966797
LinearSVC,1.0,0.07768416404724121
RandomForestClassifier,0.9259259259259259,0.13251996040344238
HistGradientBoostingClassifier,0.9629629629629629,0.6272451877593994
GradientBoostingClassifier,1.0,1.2358849048614502
ExtraTreesClassifier,1.0,0.03841876983642578
AdaBoostClassifier,1.0,0.017473936080932617
XGBClassifier,1.0,0.32036590576171875
LGBMClassifier,,
CatBoostClassifier,1.0,2.8652849197387695
RadiusNeighborsClassifier,,
KNeighborsClassifier,1.0,0.005774021148681641
NearestCentroid,0.9259259259259259,0.007437705993652344
QuadraticDiscriminantAnalysis,1.0,0.06856608390808105
LinearDiscriminantAnalysis,1.0,0.5480852127075195
GaussianNB,1.0,0.009530067443847656
BernoulliNB,0.8888888888888888,0.013250112533569336
MLPClassifier,1.0,1.0226109027862549
ExtraTreeClassifier,0.9259259259259259,0.0043790340423583984
DecisionTreeClassifier,1.0,0.034560203552246094
LabelSpreading,0.7407407407407407,0.012094974517822266
LabelPropagation,0.7407407407407407,0.0060138702392578125
DummyClassifier,0.9259259259259259,0.00045800209045410156
