classifier,score,time
SVC,0.8852459016393442,0.001664876937866211
SGDClassifier,0.8032786885245902,0.001146078109741211
RidgeClassifierCV,0.8852459016393442,0.006764888763427734
RidgeClassifier,0.8852459016393442,0.0010981559753417969
Perceptron,0.8032786885245902,0.0007870197296142578
PassiveAggressiveClassifier,0.7704918032786885,0.0006492137908935547
LogisticRegressionCV,0.8524590163934426,0.08304095268249512
LogisticRegression,0.8852459016393442,0.0015139579772949219
LinearSVC,0.8688524590163934,0.0007848739624023438
RandomForestClassifier,0.8852459016393442,0.08099603652954102
HistGradientBoostingClassifier,0.8524590163934426,0.3063480854034424
GradientBoostingClassifier,0.8032786885245902,0.051932334899902344
ExtraTreesClassifier,0.9016393442622951,0.03699898719787598
AdaBoostClassifier,0.7377049180327869,0.05859208106994629
XGBClassifier,0.8360655737704918,0.07205486297607422
LGBMClassifier,0.8524590163934426,0.19062089920043945
CatBoostClassifier,0.9016393442622951,0.09894394874572754
RadiusNeighborsClassifier,,
KNeighborsClassifier,0.8852459016393442,0.0005340576171875
NearestCentroid,0.8852459016393442,0.0004949569702148438
QuadraticDiscriminantAnalysis,0.45901639344262296,0.0009028911590576172
LinearDiscriminantAnalysis,0.8852459016393442,0.0009329319000244141
GaussianNB,0.6885245901639344,0.001233816146850586
BernoulliNB,0.8524590163934426,0.0007278919219970703
MLPClassifier,0.8360655737704918,6.4318625926971436
ExtraTreeClassifier,0.8360655737704918,0.0006499290466308594
DecisionTreeClassifier,0.8360655737704918,0.0009350776672363281
LabelSpreading,0.8524590163934426,0.008444070816040039
LabelPropagation,0.8524590163934426,0.0042209625244140625
DummyClassifier,0.5573770491803278,0.0005850791931152344
