classifier,score,time
SVC,0.9302325581395349,0.0011751651763916016
SGDClassifier,0.8604651162790697,0.0008831024169921875
RidgeClassifierCV,0.9069767441860465,0.0013089179992675781
RidgeClassifier,0.9302325581395349,0.0008368492126464844
Perceptron,0.627906976744186,0.0008409023284912109
PassiveAggressiveClassifier,0.8372093023255814,0.0006148815155029297
LogisticRegressionCV,0.9069767441860465,0.03390169143676758
LogisticRegression,0.9069767441860465,0.001068115234375
LinearSVC,0.8837209302325582,0.0006611347198486328
RandomForestClassifier,0.8837209302325582,0.04352116584777832
HistGradientBoostingClassifier,0.813953488372093,0.15733003616333008
GradientBoostingClassifier,0.813953488372093,0.04484200477600098
ExtraTreesClassifier,0.8372093023255814,0.03425908088684082
AdaBoostClassifier,0.7906976744186046,0.05185818672180176
XGBClassifier,0.8372093023255814,0.06748199462890625
LGBMClassifier,0.813953488372093,0.12405514717102051
CatBoostClassifier,0.8372093023255814,0.15068387985229492
RadiusNeighborsClassifier,,
KNeighborsClassifier,0.8372093023255814,0.0006520748138427734
NearestCentroid,0.8837209302325582,0.0006189346313476562
QuadraticDiscriminantAnalysis,0.7441860465116279,0.0009987354278564453
LinearDiscriminantAnalysis,0.8837209302325582,0.0009427070617675781
GaussianNB,0.8837209302325582,0.0005490779876708984
BernoulliNB,0.8837209302325582,0.0007350444793701172
MLPClassifier,0.8837209302325582,0.6257579326629639
ExtraTreeClassifier,0.813953488372093,0.0006110668182373047
DecisionTreeClassifier,0.7209302325581395,0.0008382797241210938
LabelSpreading,0.7906976744186046,0.0013539791107177734
LabelPropagation,0.7906976744186046,0.0006940364837646484
DummyClassifier,0.5348837209302325,8.177757263183594e-05
