classifier,score,time
SVC,0.7868852459016393,0.0016889572143554688
SGDClassifier,0.8360655737704918,0.001104116439819336
RidgeClassifierCV,0.819672131147541,0.0014977455139160156
RidgeClassifier,0.8360655737704918,0.0010190010070800781
Perceptron,0.7868852459016393,0.0008440017700195312
PassiveAggressiveClassifier,0.7868852459016393,0.0009140968322753906
LogisticRegressionCV,0.8360655737704918,0.03207993507385254
LogisticRegression,0.819672131147541,0.0013358592987060547
LinearSVC,0.8524590163934426,0.0007417201995849609
RandomForestClassifier,0.819672131147541,0.04563498497009277
HistGradientBoostingClassifier,0.7704918032786885,0.22893595695495605
GradientBoostingClassifier,0.7868852459016393,0.05083012580871582
ExtraTreesClassifier,0.819672131147541,0.03649592399597168
AdaBoostClassifier,0.7540983606557377,0.05517911911010742
XGBClassifier,0.7868852459016393,0.07213902473449707
LGBMClassifier,0.7704918032786885,0.1665499210357666
CatBoostClassifier,0.8032786885245902,0.15453696250915527
RadiusNeighborsClassifier,,
KNeighborsClassifier,0.8360655737704918,0.0014519691467285156
NearestCentroid,0.8360655737704918,0.0005080699920654297
QuadraticDiscriminantAnalysis,0.6721311475409836,0.002257823944091797
LinearDiscriminantAnalysis,0.819672131147541,0.0010287761688232422
GaussianNB,0.7377049180327869,0.0005559921264648438
BernoulliNB,0.819672131147541,0.0007350444793701172
MLPClassifier,0.819672131147541,0.9686777591705322
ExtraTreeClassifier,0.7868852459016393,0.0018072128295898438
DecisionTreeClassifier,0.7213114754098361,0.0021550655364990234
LabelSpreading,0.7868852459016393,0.005405902862548828
LabelPropagation,0.7868852459016393,0.0008969306945800781
DummyClassifier,0.6229508196721312,8.988380432128906e-05
