classifier,score,time
SVC,0.7704918032786885,0.0016260147094726562
SGDClassifier,0.7704918032786885,0.0008718967437744141
RidgeClassifierCV,0.7704918032786885,0.00133514404296875
RidgeClassifier,0.7704918032786885,0.0008451938629150391
Perceptron,0.7049180327868853,0.0006809234619140625
PassiveAggressiveClassifier,0.7049180327868853,0.0006458759307861328
LogisticRegressionCV,0.7704918032786885,0.029928922653198242
LogisticRegression,0.7540983606557377,0.0010540485382080078
LinearSVC,0.7704918032786885,0.0007398128509521484
RandomForestClassifier,0.7540983606557377,0.04615497589111328
HistGradientBoostingClassifier,0.7868852459016393,0.18657398223876953
GradientBoostingClassifier,0.7704918032786885,0.05173802375793457
ExtraTreesClassifier,0.7704918032786885,0.03633832931518555
AdaBoostClassifier,0.7213114754098361,0.05528116226196289
XGBClassifier,0.7704918032786885,0.059879302978515625
LGBMClassifier,0.7540983606557377,0.19742608070373535
CatBoostClassifier,0.819672131147541,0.16245794296264648
RadiusNeighborsClassifier,,
KNeighborsClassifier,0.8032786885245902,0.0014951229095458984
NearestCentroid,0.7868852459016393,0.0005121231079101562
QuadraticDiscriminantAnalysis,0.6721311475409836,0.0010309219360351562
LinearDiscriminantAnalysis,0.7704918032786885,0.0009799003601074219
GaussianNB,0.7868852459016393,0.0005488395690917969
BernoulliNB,0.7540983606557377,0.0007379055023193359
MLPClassifier,0.7868852459016393,0.6477780342102051
ExtraTreeClassifier,0.7049180327868853,0.0006518363952636719
DecisionTreeClassifier,0.6885245901639344,0.0008969306945800781
LabelSpreading,0.7377049180327869,0.0013298988342285156
LabelPropagation,0.7540983606557377,0.0010330677032470703
DummyClassifier,0.5245901639344263,0.00023508071899414062
