classifier,score,time
SVC,0.7666666666666667,0.002372264862060547
SGDClassifier,0.6333333333333333,0.0013360977172851562
RidgeClassifierCV,0.65,0.2586970329284668
RidgeClassifier,0.65,0.0684518814086914
Perceptron,0.7,0.005337238311767578
PassiveAggressiveClassifier,0.6833333333333333,0.003510713577270508
LogisticRegressionCV,0.6166666666666667,1.927696943283081
LogisticRegression,0.75,0.03681683540344238
LinearSVC,0.6666666666666666,0.004436969757080078
RandomForestClassifier,0.8666666666666667,0.09809684753417969
HistGradientBoostingClassifier,0.7833333333333333,0.6840739250183105
GradientBoostingClassifier,0.8166666666666667,0.0943608283996582
ExtraTreesClassifier,0.75,0.0571599006652832
AdaBoostClassifier,0.7833333333333333,0.08461713790893555
XGBClassifier,0.8,0.10712504386901855
LGBMClassifier,0.8166666666666667,0.19722223281860352
CatBoostClassifier,0.8333333333333334,0.12927913665771484
RadiusNeighborsClassifier,,
KNeighborsClassifier,0.6833333333333333,0.0010809898376464844
NearestCentroid,0.6333333333333333,0.0006678104400634766
QuadraticDiscriminantAnalysis,0.55,0.03148603439331055
LinearDiscriminantAnalysis,0.65,0.28073596954345703
GaussianNB,0.5333333333333333,0.0024361610412597656
BernoulliNB,0.6833333333333333,0.0010669231414794922
MLPClassifier,0.7333333333333333,6.011795282363892
ExtraTreeClassifier,0.7,0.0010728836059570312
DecisionTreeClassifier,0.85,0.0019390583038330078
LabelSpreading,0.7166666666666667,0.0059528350830078125
LabelPropagation,0.7166666666666667,0.006819725036621094
DummyClassifier,0.7,0.0003840923309326172
