classifier,score,time
SVC,0.9069767441860465,0.0010848045349121094
SGDClassifier,0.8604651162790697,0.0007348060607910156
RidgeClassifierCV,0.9302325581395349,0.0014421939849853516
RidgeClassifier,0.9302325581395349,0.0009009838104248047
Perceptron,0.6744186046511628,0.0007579326629638672
PassiveAggressiveClassifier,0.8837209302325582,0.0007312297821044922
LogisticRegressionCV,0.9302325581395349,0.03544974327087402
LogisticRegression,0.9302325581395349,0.001293182373046875
LinearSVC,0.8837209302325582,0.0006558895111083984
RandomForestClassifier,0.9069767441860465,0.042439937591552734
HistGradientBoostingClassifier,0.8837209302325582,0.14373207092285156
GradientBoostingClassifier,0.8372093023255814,0.039408206939697266
ExtraTreesClassifier,0.8604651162790697,0.03245091438293457
AdaBoostClassifier,0.813953488372093,0.05090188980102539
XGBClassifier,0.8837209302325582,0.07275724411010742
LGBMClassifier,0.8837209302325582,0.11058497428894043
CatBoostClassifier,0.9069767441860465,0.1467571258544922
RadiusNeighborsClassifier,,
KNeighborsClassifier,0.8837209302325582,0.0015208721160888672
NearestCentroid,0.9069767441860465,0.0005211830139160156
QuadraticDiscriminantAnalysis,0.9069767441860465,0.001146078109741211
LinearDiscriminantAnalysis,0.9302325581395349,0.0010781288146972656
GaussianNB,0.9302325581395349,0.0005629062652587891
BernoulliNB,0.9069767441860465,0.0007472038269042969
MLPClassifier,0.9069767441860465,0.5004961490631104
ExtraTreeClassifier,0.8604651162790697,0.003860950469970703
DecisionTreeClassifier,0.7441860465116279,0.0007369518280029297
LabelSpreading,0.8837209302325582,0.004558086395263672
LabelPropagation,0.8604651162790697,0.0044002532958984375
DummyClassifier,0.5813953488372093,0.0002701282501220703
