classifier,score,time
SVC,0.9781021897810219,0.0071430206298828125
SGDClassifier,0.9708029197080292,0.0031621456146240234
RidgeClassifierCV,0.9781021897810219,0.3415699005126953
RidgeClassifier,0.9781021897810219,0.0822138786315918
Perceptron,0.9635036496350365,0.0018320083618164062
PassiveAggressiveClassifier,0.9635036496350365,0.004503011703491211
LogisticRegressionCV,0.9562043795620438,0.5360109806060791
LogisticRegression,0.9635036496350365,0.00913691520690918
LinearSVC,0.9708029197080292,0.004937887191772461
RandomForestClassifier,0.9635036496350365,0.0899038314819336
HistGradientBoostingClassifier,0.9708029197080292,0.8031108379364014
GradientBoostingClassifier,0.9562043795620438,0.06796884536743164
ExtraTreesClassifier,0.9635036496350365,0.04184722900390625
AdaBoostClassifier,0.9708029197080292,0.06844305992126465
XGBClassifier,0.9416058394160584,0.0703589916229248
LGBMClassifier,0.9708029197080292,0.32140588760375977
CatBoostClassifier,0.9635036496350365,0.0498661994934082
RadiusNeighborsClassifier,,
KNeighborsClassifier,0.948905109489051,0.0006570816040039062
NearestCentroid,0.9708029197080292,0.0006670951843261719
QuadraticDiscriminantAnalysis,0.9635036496350365,0.030146121978759766
LinearDiscriminantAnalysis,0.9781021897810219,0.31078028678894043
GaussianNB,0.9562043795620438,0.0023081302642822266
BernoulliNB,0.9781021897810219,0.0047800540924072266
MLPClassifier,0.9708029197080292,2.9490602016448975
ExtraTreeClassifier,0.9416058394160584,0.0007989406585693359
DecisionTreeClassifier,0.9416058394160584,0.011691093444824219
LabelSpreading,0.9635036496350365,0.025593042373657227
LabelPropagation,0.9635036496350365,0.01669597625732422
DummyClassifier,0.5985401459854015,0.00013518333435058594
