classifier,score,time
SVC,0.6525,0.05319571495056152
SGDClassifier,0.7075,0.005846977233886719
RidgeClassifierCV,0.7225,0.10926675796508789
RidgeClassifier,0.7225,0.028535127639770508
Perceptron,0.6,0.0060100555419921875
PassiveAggressiveClassifier,0.415,0.00189208984375
LogisticRegressionCV,0.7175,0.968548059463501
LogisticRegression,0.72,0.04724884033203125
LinearSVC,0.7175,0.0028209686279296875
RandomForestClassifier,0.6975,0.25268030166625977
HistGradientBoostingClassifier,0.7025,0.9036970138549805
GradientBoostingClassifier,0.7175,0.21764302253723145
ExtraTreesClassifier,0.6775,0.10800886154174805
AdaBoostClassifier,0.7175,0.12140917778015137
XGBClassifier,0.685,0.17058825492858887
LGBMClassifier,0.695,0.38150715827941895
CatBoostClassifier,0.705,0.1300370693206787
RadiusNeighborsClassifier,,
KNeighborsClassifier,0.665,0.0007059574127197266
NearestCentroid,0.575,0.0024368762969970703
QuadraticDiscriminantAnalysis,0.6875,0.002324819564819336
LinearDiscriminantAnalysis,0.7225,0.015504121780395508
GaussianNB,0.5775,0.0024566650390625
BernoulliNB,0.545,0.009265899658203125
MLPClassifier,0.7175,20.399555206298828
ExtraTreeClassifier,0.6175,0.0031812191009521484
DecisionTreeClassifier,0.6625,0.012528181076049805
LabelSpreading,0.5975,0.07404279708862305
LabelPropagation,0.605,0.029015779495239258
DummyClassifier,0.5875,0.0001628398895263672
