classifier,score,time
SVC,0.9571428571428572,0.004963874816894531
SGDClassifier,0.9357142857142857,0.002608060836791992
RidgeClassifierCV,0.9642857142857143,0.48927783966064453
RidgeClassifier,0.9714285714285714,0.03188800811767578
Perceptron,0.95,0.0055811405181884766
PassiveAggressiveClassifier,0.9357142857142857,0.002444028854370117
LogisticRegressionCV,0.9571428571428572,0.4221968650817871
LogisticRegression,0.9642857142857143,0.008784055709838867
LinearSVC,0.95,0.011800050735473633
RandomForestClassifier,0.9571428571428572,0.08769798278808594
HistGradientBoostingClassifier,0.9571428571428572,0.7866878509521484
GradientBoostingClassifier,0.95,0.08285403251647949
ExtraTreesClassifier,0.9571428571428572,0.04365682601928711
AdaBoostClassifier,0.9642857142857143,0.07179689407348633
XGBClassifier,0.9642857142857143,0.10179305076599121
LGBMClassifier,0.95,0.3641819953918457
CatBoostClassifier,0.95,0.0570070743560791
RadiusNeighborsClassifier,,
KNeighborsClassifier,0.9714285714285714,0.0008440017700195312
NearestCentroid,0.9357142857142857,0.0007278919219970703
QuadraticDiscriminantAnalysis,0.9357142857142857,0.041649818420410156
LinearDiscriminantAnalysis,0.9714285714285714,0.08120512962341309
GaussianNB,0.9428571428571428,0.003190755844116211
BernoulliNB,0.9571428571428572,0.0029273033142089844
MLPClassifier,0.9714285714285714,3.5414090156555176
ExtraTreeClassifier,0.9285714285714286,0.0009219646453857422
DecisionTreeClassifier,0.9428571428571428,0.001603841781616211
LabelSpreading,0.9571428571428572,0.02969193458557129
LabelPropagation,0.9571428571428572,0.025083303451538086
DummyClassifier,0.6857142857142857,0.0001270771026611328
