classifier,score,time
SVC,0.9649122807017544,0.0020651817321777344
SGDClassifier,0.956140350877193,0.0008630752563476562
RidgeClassifierCV,0.956140350877193,0.22899627685546875
RidgeClassifier,0.956140350877193,0.04103875160217285
Perceptron,0.8859649122807017,0.000888824462890625
PassiveAggressiveClassifier,0.9649122807017544,0.0009300708770751953
LogisticRegressionCV,0.9649122807017544,0.14242005348205566
LogisticRegression,0.9736842105263158,0.00127410888671875
LinearSVC,0.9736842105263158,0.0030372142791748047
RandomForestClassifier,0.956140350877193,0.11163687705993652
HistGradientBoostingClassifier,0.9649122807017544,0.5367629528045654
GradientBoostingClassifier,0.9824561403508771,0.29476308822631836
ExtraTreesClassifier,0.956140350877193,0.03864407539367676
AdaBoostClassifier,0.9649122807017544,0.14772605895996094
XGBClassifier,0.9736842105263158,0.05697369575500488
LGBMClassifier,0.9649122807017544,0.29889988899230957
CatBoostClassifier,0.9649122807017544,0.20809316635131836
RadiusNeighborsClassifier,0.8421052631578947,0.0007061958312988281
KNeighborsClassifier,0.9649122807017544,0.0005121231079101562
NearestCentroid,0.9298245614035088,0.0005402565002441406
QuadraticDiscriminantAnalysis,0.9298245614035088,0.0010862350463867188
LinearDiscriminantAnalysis,0.9473684210526315,0.2724721431732178
GaussianNB,0.9210526315789473,0.0006351470947265625
BernoulliNB,0.5877192982456141,0.000762939453125
MLPClassifier,0.9824561403508771,0.9339981079101562
ExtraTreeClassifier,0.9210526315789473,0.0006480216979980469
DecisionTreeClassifier,0.9035087719298246,0.004862070083618164
LabelSpreading,0.9649122807017544,0.006776094436645508
LabelPropagation,0.9649122807017544,0.0034279823303222656
DummyClassifier,0.5877192982456141,0.00010013580322265625
