classifier,score,time
SVC,0.9903846153846154,0.006843090057373047
SGDClassifier,0.9423076923076923,0.0011060237884521484
RidgeClassifierCV,0.9134615384615384,0.29131007194519043
RidgeClassifier,0.9134615384615384,0.0018541812896728516
Perceptron,0.9326923076923077,0.0008211135864257812
PassiveAggressiveClassifier,0.9134615384615384,0.0010123252868652344
LogisticRegressionCV,0.9423076923076923,0.5629422664642334
LogisticRegression,0.9519230769230769,0.022521018981933594
LinearSVC,0.9519230769230769,0.0019352436065673828
RandomForestClassifier,0.9903846153846154,0.0896918773651123
HistGradientBoostingClassifier,0.9903846153846154,0.6125388145446777
GradientBoostingClassifier,0.9807692307692307,0.06581521034240723
ExtraTreesClassifier,0.9903846153846154,0.04605293273925781
AdaBoostClassifier,0.9519230769230769,0.0715019702911377
XGBClassifier,0.9903846153846154,0.06599712371826172
LGBMClassifier,0.9903846153846154,0.26493287086486816
CatBoostClassifier,1.0,0.10161113739013672
RadiusNeighborsClassifier,,
KNeighborsClassifier,0.9711538461538461,0.0005450248718261719
NearestCentroid,0.9423076923076923,0.0005309581756591797
QuadraticDiscriminantAnalysis,0.8461538461538461,0.0009579658508300781
LinearDiscriminantAnalysis,0.9134615384615384,0.022498130798339844
GaussianNB,0.9134615384615384,0.0006399154663085938
BernoulliNB,0.9230769230769231,0.0007989406585693359
MLPClassifier,0.9807692307692307,9.016446828842163
ExtraTreeClassifier,0.9903846153846154,0.000804901123046875
DecisionTreeClassifier,0.9711538461538461,0.0010199546813964844
LabelSpreading,1.0,0.015074014663696289
LabelPropagation,1.0,0.009137153625488281
DummyClassifier,0.5673076923076923,0.0003399848937988281
