classifier,score,time
SVC,0.8034188034188035,0.0035982131958007812
SGDClassifier,0.8034188034188035,0.0012710094451904297
RidgeClassifierCV,0.7948717948717948,0.0010399818420410156
RidgeClassifier,0.7948717948717948,0.0008280277252197266
Perceptron,0.5213675213675214,0.0007519721984863281
PassiveAggressiveClassifier,0.5897435897435898,0.0006461143493652344
LogisticRegressionCV,0.7863247863247863,0.08325505256652832
LogisticRegression,0.7863247863247863,0.0049190521240234375
LinearSVC,0.7692307692307693,0.0020978450775146484
RandomForestClassifier,0.7350427350427351,0.12079095840454102
HistGradientBoostingClassifier,0.7264957264957265,0.708359956741333
GradientBoostingClassifier,0.6837606837606838,0.07741498947143555
ExtraTreesClassifier,0.7264957264957265,0.05283522605895996
AdaBoostClassifier,0.6923076923076923,0.06599783897399902
XGBClassifier,0.7435897435897436,0.13957905769348145
LGBMClassifier,0.7350427350427351,0.2984330654144287
CatBoostClassifier,0.7606837606837606,0.04437708854675293
RadiusNeighborsClassifier,0.8034188034188035,0.0007128715515136719
KNeighborsClassifier,0.6752136752136753,0.0005431175231933594
NearestCentroid,0.6666666666666666,0.00045490264892578125
QuadraticDiscriminantAnalysis,0.48717948717948717,0.0006210803985595703
LinearDiscriminantAnalysis,0.7777777777777778,0.0023391246795654297
GaussianNB,0.5128205128205128,0.0020051002502441406
BernoulliNB,0.7948717948717948,0.0008330345153808594
MLPClassifier,0.7435897435897436,2.2568509578704834
ExtraTreeClassifier,0.7350427350427351,0.0007941722869873047
DecisionTreeClassifier,0.717948717948718,0.001850128173828125
LabelSpreading,0.7863247863247863,0.031224966049194336
LabelPropagation,0.7948717948717948,0.014299869537353516
DummyClassifier,0.8034188034188035,0.0001239776611328125
