classifier,score,time
SVC,0.75,0.0017359256744384766
SGDClassifier,0.7833333333333333,0.0010471343994140625
RidgeClassifierCV,0.8166666666666667,0.002212047576904297
RidgeClassifier,0.8166666666666667,0.0015101432800292969
Perceptron,0.7,0.0009999275207519531
PassiveAggressiveClassifier,0.6333333333333333,0.0006399154663085938
LogisticRegressionCV,0.8166666666666667,0.03297829627990723
LogisticRegression,0.7833333333333333,0.0016021728515625
LinearSVC,0.8333333333333334,0.0006861686706542969
RandomForestClassifier,0.8166666666666667,0.05019187927246094
HistGradientBoostingClassifier,0.75,0.3156275749206543
GradientBoostingClassifier,0.7333333333333333,0.05425071716308594
ExtraTreesClassifier,0.8333333333333334,0.04025983810424805
AdaBoostClassifier,0.7833333333333333,0.05724501609802246
XGBClassifier,0.75,0.06907892227172852
LGBMClassifier,0.85,0.15934371948242188
CatBoostClassifier,0.8,0.09284496307373047
RadiusNeighborsClassifier,,
KNeighborsClassifier,0.7,0.0015537738800048828
NearestCentroid,0.8,0.0005509853363037109
QuadraticDiscriminantAnalysis,0.7166666666666667,0.0009369850158691406
LinearDiscriminantAnalysis,0.8333333333333334,0.00078582763671875
GaussianNB,0.7833333333333333,0.0005390644073486328
BernoulliNB,0.7166666666666667,0.0006630420684814453
MLPClassifier,0.8333333333333334,4.209733009338379
ExtraTreeClassifier,0.7,0.0006830692291259766
DecisionTreeClassifier,0.6666666666666666,0.0009458065032958984
LabelSpreading,0.6666666666666666,0.0017371177673339844
LabelPropagation,0.65,0.0037620067596435547
DummyClassifier,0.7166666666666667,0.005487918853759766
