classifier,score,time
SVC,0.645,0.053544044494628906
SGDClassifier,0.595,0.004589080810546875
RidgeClassifierCV,0.595,0.017914295196533203
RidgeClassifier,0.595,0.012221813201904297
Perceptron,0.59,0.001995086669921875
PassiveAggressiveClassifier,0.5075,0.001299142837524414
LogisticRegressionCV,0.595,0.5776083469390869
LogisticRegression,0.595,0.053983211517333984
LinearSVC,0.595,0.0032439231872558594
RandomForestClassifier,0.635,0.5836877822875977
HistGradientBoostingClassifier,0.6275,1.823340654373169
GradientBoostingClassifier,0.6375,0.6788692474365234
ExtraTreesClassifier,0.6525,0.16878390312194824
AdaBoostClassifier,0.58,0.21751880645751953
XGBClassifier,0.6175,0.15993189811706543
LGBMClassifier,0.6175,0.5248258113861084
CatBoostClassifier,0.655,0.1161952018737793
RadiusNeighborsClassifier,0.595,0.0020821094512939453
KNeighborsClassifier,0.62,0.0019447803497314453
NearestCentroid,0.52,0.0009179115295410156
QuadraticDiscriminantAnalysis,0.62,0.002270936965942383
LinearDiscriminantAnalysis,0.595,0.0016481876373291016
GaussianNB,0.61,0.001068115234375
BernoulliNB,0.595,0.00128173828125
MLPClassifier,0.64,22.10614514350891
ExtraTreeClassifier,0.5375,0.003480195999145508
DecisionTreeClassifier,0.565,0.035273075103759766
LabelSpreading,0.6,0.08146262168884277
LabelPropagation,0.61,0.05088996887207031
DummyClassifier,0.595,0.00028586387634277344
