classifier,score,time
SVC,0.7725,0.05533289909362793
SGDClassifier,0.7875,0.011773824691772461
RidgeClassifierCV,0.755,0.4465341567993164
RidgeClassifier,0.75,0.016422748565673828
Perceptron,0.7725,0.004519939422607422
PassiveAggressiveClassifier,0.7925,0.004871845245361328
LogisticRegressionCV,0.77,0.8845539093017578
LogisticRegression,0.775,0.04330325126647949
LinearSVC,0.77,0.0038979053497314453
RandomForestClassifier,0.7625,0.2158811092376709
HistGradientBoostingClassifier,0.7675,1.4628260135650635
GradientBoostingClassifier,0.7625,0.21229314804077148
ExtraTreesClassifier,0.77,0.16249704360961914
AdaBoostClassifier,0.77,0.13628172874450684
XGBClassifier,0.7675,0.1515030860900879
LGBMClassifier,0.775,0.5520009994506836
CatBoostClassifier,0.7525,0.16094732284545898
RadiusNeighborsClassifier,,
KNeighborsClassifier,0.74,0.0013761520385742188
NearestCentroid,0.755,0.0018470287322998047
QuadraticDiscriminantAnalysis,0.76,0.018300294876098633
LinearDiscriminantAnalysis,0.75,0.2701539993286133
GaussianNB,0.755,0.0038950443267822266
BernoulliNB,0.76,0.0037508010864257812
MLPClassifier,0.765,35.930224895477295
ExtraTreeClassifier,0.75,0.0035729408264160156
DecisionTreeClassifier,0.775,0.010015010833740234
LabelSpreading,0.745,0.07108807563781738
LabelPropagation,0.7175,0.04126286506652832
DummyClassifier,0.78,0.0002219676971435547
