classifier,score,time
SVC,0.8524590163934426,0.005195140838623047
SGDClassifier,0.8032786885245902,0.002927064895629883
RidgeClassifierCV,0.8524590163934426,0.00510406494140625
RidgeClassifier,0.8524590163934426,0.002928018569946289
Perceptron,0.8524590163934426,0.001834869384765625
PassiveAggressiveClassifier,0.819672131147541,0.0009131431579589844
LogisticRegressionCV,0.8032786885245902,0.040003061294555664
LogisticRegression,0.8524590163934426,0.0014202594757080078
LinearSVC,0.8524590163934426,0.002218961715698242
RandomForestClassifier,0.8360655737704918,0.0518651008605957
HistGradientBoostingClassifier,0.8032786885245902,0.25711512565612793
GradientBoostingClassifier,0.819672131147541,0.05285477638244629
ExtraTreesClassifier,0.8524590163934426,0.038610219955444336
AdaBoostClassifier,0.7704918032786885,0.055613040924072266
XGBClassifier,0.7868852459016393,0.0818476676940918
LGBMClassifier,0.819672131147541,0.19267606735229492
CatBoostClassifier,0.8360655737704918,0.1297760009765625
RadiusNeighborsClassifier,,
KNeighborsClassifier,0.8688524590163934,0.0023200511932373047
NearestCentroid,0.8852459016393442,0.0006148815155029297
QuadraticDiscriminantAnalysis,0.5901639344262295,0.003899097442626953
LinearDiscriminantAnalysis,0.8032786885245902,0.0011479854583740234
GaussianNB,0.7868852459016393,0.0006091594696044922
BernoulliNB,0.8688524590163934,0.001641988754272461
MLPClassifier,0.8360655737704918,9.259682655334473
ExtraTreeClassifier,0.819672131147541,0.0006430149078369141
DecisionTreeClassifier,0.7540983606557377,0.0010209083557128906
LabelSpreading,0.8032786885245902,0.02223801612854004
LabelPropagation,0.7868852459016393,0.009572267532348633
DummyClassifier,0.5737704918032787,0.004508018493652344
