classifier,score,time
SVC,0.8524590163934426,0.0019850730895996094
SGDClassifier,0.7377049180327869,0.0012066364288330078
RidgeClassifierCV,0.9016393442622951,0.002043008804321289
RidgeClassifier,0.8524590163934426,0.0011501312255859375
Perceptron,0.4918032786885246,0.0009160041809082031
PassiveAggressiveClassifier,0.8688524590163934,0.0018880367279052734
LogisticRegressionCV,0.8524590163934426,0.038290977478027344
LogisticRegression,0.8688524590163934,0.0012192726135253906
LinearSVC,0.8360655737704918,0.0008378028869628906
RandomForestClassifier,0.8688524590163934,0.05057191848754883
HistGradientBoostingClassifier,0.8032786885245902,0.2992420196533203
GradientBoostingClassifier,0.8360655737704918,0.057955026626586914
ExtraTreesClassifier,0.8032786885245902,0.055117130279541016
AdaBoostClassifier,0.8032786885245902,0.08025479316711426
XGBClassifier,0.8032786885245902,0.0688009262084961
LGBMClassifier,0.819672131147541,0.20506501197814941
CatBoostClassifier,0.8688524590163934,0.10760903358459473
RadiusNeighborsClassifier,,
KNeighborsClassifier,0.8524590163934426,0.0007150173187255859
NearestCentroid,0.8688524590163934,0.0005698204040527344
QuadraticDiscriminantAnalysis,0.6885245901639344,0.000881195068359375
LinearDiscriminantAnalysis,0.8360655737704918,0.0009551048278808594
GaussianNB,0.8524590163934426,0.0005650520324707031
BernoulliNB,0.8688524590163934,0.0007250308990478516
MLPClassifier,0.8360655737704918,8.545714139938354
ExtraTreeClassifier,0.7540983606557377,0.002293109893798828
DecisionTreeClassifier,0.7049180327868853,0.0015759468078613281
LabelSpreading,0.8032786885245902,0.021493911743164062
LabelPropagation,0.8032786885245902,0.0014641284942626953
DummyClassifier,0.5573770491803278,9.799003601074219e-05
