classifier,score,time
SVC,,
SGDClassifier,,
RidgeClassifierCV,1.0,6.36377215385437
RidgeClassifier,1.0,0.46300387382507324
Perceptron,,
PassiveAggressiveClassifier,,
LogisticRegressionCV,,
LogisticRegression,,
LinearSVC,,
RandomForestClassifier,1.0,0.09478902816772461
HistGradientBoostingClassifier,1.0,0.1827380657196045
GradientBoostingClassifier,,
ExtraTreesClassifier,1.0,0.0372929573059082
AdaBoostClassifier,1.0,0.012070894241333008
XGBClassifier,,
LGBMClassifier,1.0,0.031139850616455078
CatBoostClassifier,,
RadiusNeighborsClassifier,,
KNeighborsClassifier,1.0,0.016650915145874023
NearestCentroid,,
QuadraticDiscriminantAnalysis,,
LinearDiscriminantAnalysis,1.0,5.590347051620483
GaussianNB,1.0,0.028923988342285156
BernoulliNB,1.0,0.0333559513092041
MLPClassifier,1.0,10.348666906356812
ExtraTreeClassifier,1.0,0.013824939727783203
DecisionTreeClassifier,1.0,0.025964975357055664
LabelSpreading,1.0,0.12199592590332031
LabelPropagation,1.0,0.12408185005187988
DummyClassifier,1.0,0.000637054443359375
