classifier,score,time
SVC,0.98,0.009459972381591797
SGDClassifier,0.98,0.004224061965942383
RidgeClassifierCV,0.9725,0.5783581733703613
RidgeClassifier,0.9725,0.007271289825439453
Perceptron,0.9775,0.0070209503173828125
PassiveAggressiveClassifier,0.9675,0.002897977828979492
LogisticRegressionCV,0.97,1.168328046798706
LogisticRegression,0.97,0.030570030212402344
LinearSVC,0.97,0.004291057586669922
RandomForestClassifier,0.9775,0.14705514907836914
HistGradientBoostingClassifier,0.975,1.2468616962432861
GradientBoostingClassifier,0.975,0.13305902481079102
ExtraTreesClassifier,0.9625,0.06887578964233398
AdaBoostClassifier,0.975,0.09510302543640137
XGBClassifier,0.975,0.10174298286437988
LGBMClassifier,0.975,0.4032261371612549
CatBoostClassifier,0.975,0.1546640396118164
RadiusNeighborsClassifier,,
KNeighborsClassifier,0.9775,0.0009338855743408203
NearestCentroid,0.9075,0.0009620189666748047
QuadraticDiscriminantAnalysis,0.97,0.0933833122253418
LinearDiscriminantAnalysis,0.965,0.30823206901550293
GaussianNB,0.8825,0.0034999847412109375
BernoulliNB,0.9475,0.0014781951904296875
MLPClassifier,0.9675,17.7534441947937
ExtraTreeClassifier,0.9625,0.0022971630096435547
DecisionTreeClassifier,0.965,0.002655029296875
LabelSpreading,0.98,0.09812498092651367
LabelPropagation,0.98,0.05237221717834473
DummyClassifier,0.98,0.0002300739288330078
