classifier,score,time
SVC,0.9725,1.1694388389587402
SGDClassifier,0.9725,0.2557249069213867
RidgeClassifierCV,0.9725,4.376962184906006
RidgeClassifier,0.9725,0.9284636974334717
Perceptron,0.9725,0.32709217071533203
PassiveAggressiveClassifier,0.9725,0.6826839447021484
LogisticRegressionCV,0.9725,5.42601203918457
LogisticRegression,0.9725,0.7730879783630371
LinearSVC,0.9725,0.16187024116516113
RandomForestClassifier,0.9725,0.6117901802062988
HistGradientBoostingClassifier,0.9725,17.321434259414673
GradientBoostingClassifier,0.955,4.619668006896973
ExtraTreesClassifier,0.9725,0.7041800022125244
AdaBoostClassifier,0.9675,3.0739803314208984
XGBClassifier,0.97,1.8997089862823486
LGBMClassifier,0.9725,0.4640209674835205
CatBoostClassifier,0.9725,0.7507081031799316
RadiusNeighborsClassifier,,
KNeighborsClassifier,0.9725,0.06612205505371094
NearestCentroid,0.795,0.06210207939147949
QuadraticDiscriminantAnalysis,0.035,28.71956777572632
LinearDiscriminantAnalysis,0.9675,16.032153129577637
GaussianNB,0.9725,0.17575407028198242
BernoulliNB,0.9725,0.12870097160339355
MLPClassifier,0.9725,45.35408306121826
ExtraTreeClassifier,0.9625,0.0797419548034668
DecisionTreeClassifier,0.965,0.560481071472168
LabelSpreading,0.9475,0.3660910129547119
LabelPropagation,0.9475,0.35135912895202637
DummyClassifier,0.9725,0.001653909683227539
