classifier,score,time
SVC,0.8524590163934426,0.0016520023345947266
SGDClassifier,0.7868852459016393,0.0010759830474853516
RidgeClassifierCV,0.8852459016393442,0.0013091564178466797
RidgeClassifier,0.9016393442622951,0.0008530616760253906
Perceptron,0.8032786885245902,0.0006909370422363281
PassiveAggressiveClassifier,0.8688524590163934,0.0007350444793701172
LogisticRegressionCV,0.9016393442622951,0.03017592430114746
LogisticRegression,0.8688524590163934,0.0012619495391845703
LinearSVC,0.8852459016393442,0.0007271766662597656
RandomForestClassifier,0.7868852459016393,0.04524636268615723
HistGradientBoostingClassifier,0.8032786885245902,0.19807195663452148
GradientBoostingClassifier,0.8032786885245902,0.051605939865112305
ExtraTreesClassifier,0.8360655737704918,0.037287235260009766
AdaBoostClassifier,0.819672131147541,0.05487775802612305
XGBClassifier,0.8360655737704918,0.06715226173400879
LGBMClassifier,0.819672131147541,0.1682417392730713
CatBoostClassifier,0.8688524590163934,0.1519947052001953
RadiusNeighborsClassifier,,
KNeighborsClassifier,0.8032786885245902,0.0014481544494628906
NearestCentroid,0.819672131147541,0.0005018711090087891
QuadraticDiscriminantAnalysis,0.4918032786885246,0.0010461807250976562
LinearDiscriminantAnalysis,0.9016393442622951,0.0009868144989013672
GaussianNB,0.8032786885245902,0.0005540847778320312
BernoulliNB,0.7868852459016393,0.0007381439208984375
MLPClassifier,0.8524590163934426,0.8789598941802979
ExtraTreeClassifier,0.8032786885245902,0.0006859302520751953
DecisionTreeClassifier,0.7049180327868853,0.0009918212890625
LabelSpreading,0.8032786885245902,0.005004167556762695
LabelPropagation,0.8032786885245902,0.0052068233489990234
DummyClassifier,0.639344262295082,9.5367431640625e-05
