classifier,score,time
SVC,,
SGDClassifier,,
RidgeClassifierCV,1.0,3.980407238006592
RidgeClassifier,1.0,0.5089402198791504
Perceptron,,
PassiveAggressiveClassifier,,
LogisticRegressionCV,,
LogisticRegression,,
LinearSVC,,
RandomForestClassifier,1.0,0.09843277931213379
HistGradientBoostingClassifier,1.0,0.11556720733642578
GradientBoostingClassifier,,
ExtraTreesClassifier,1.0,0.035218238830566406
AdaBoostClassifier,1.0,0.008029937744140625
XGBClassifier,,
LGBMClassifier,,
CatBoostClassifier,,
RadiusNeighborsClassifier,,
KNeighborsClassifier,1.0,0.007520914077758789
NearestCentroid,,
QuadraticDiscriminantAnalysis,,
LinearDiscriminantAnalysis,1.0,3.7058331966400146
GaussianNB,1.0,0.06338095664978027
BernoulliNB,1.0,0.04190397262573242
MLPClassifier,1.0,2.6353631019592285
ExtraTreeClassifier,1.0,0.008247852325439453
DecisionTreeClassifier,1.0,0.003846883773803711
LabelSpreading,1.0,0.1207270622253418
LabelPropagation,1.0,0.08565092086791992
DummyClassifier,1.0,0.0002269744873046875
