classifier,score,time
SVC,0.8319327731092437,0.010987043380737305
SGDClassifier,0.7773109243697479,0.0024628639221191406
RidgeClassifierCV,0.8235294117647058,0.08307504653930664
RidgeClassifier,0.8235294117647058,0.0011181831359863281
Perceptron,0.726890756302521,0.003329753875732422
PassiveAggressiveClassifier,0.819327731092437,0.0027608871459960938
LogisticRegressionCV,0.8235294117647058,0.2817108631134033
LogisticRegression,0.819327731092437,0.002777099609375
LinearSVC,0.819327731092437,0.0017271041870117188
RandomForestClassifier,0.9201680672268907,0.1092679500579834
HistGradientBoostingClassifier,0.9243697478991597,0.9964962005615234
GradientBoostingClassifier,0.8739495798319328,0.10311484336853027
ExtraTreesClassifier,0.907563025210084,0.06001877784729004
AdaBoostClassifier,0.8361344537815126,0.07637310028076172
XGBClassifier,0.9159663865546218,0.05902385711669922
LGBMClassifier,0.9159663865546218,0.351639986038208
CatBoostClassifier,0.907563025210084,0.16919589042663574
RadiusNeighborsClassifier,,
KNeighborsClassifier,0.8277310924369747,0.0014603137969970703
NearestCentroid,0.8277310924369747,0.0005519390106201172
QuadraticDiscriminantAnalysis,0.6050420168067226,0.0016961097717285156
LinearDiscriminantAnalysis,0.8319327731092437,0.13249993324279785
GaussianNB,0.7605042016806722,0.0006730556488037109
BernoulliNB,0.8319327731092437,0.0008962154388427734
MLPClassifier,0.8529411764705882,2.6764519214630127
ExtraTreeClassifier,0.8739495798319328,0.0008587837219238281
DecisionTreeClassifier,0.8613445378151261,0.0024919509887695312
LabelSpreading,0.8571428571428571,0.021668672561645508
LabelPropagation,0.8781512605042017,0.008541107177734375
DummyClassifier,0.5294117647058824,0.0001220703125
