classifier,score,time
SVC,0.73,0.06278705596923828
SGDClassifier,0.7125,0.009160280227661133
RidgeClassifierCV,0.735,0.32589268684387207
RidgeClassifier,0.73,0.15866494178771973
Perceptron,0.7275,0.004839897155761719
PassiveAggressiveClassifier,0.7275,0.003960132598876953
LogisticRegressionCV,0.7275,1.5664188861846924
LogisticRegression,0.7275,0.04455924034118652
LinearSVC,0.735,0.013315677642822266
RandomForestClassifier,0.7325,0.29630112648010254
HistGradientBoostingClassifier,0.6875,1.383678913116455
GradientBoostingClassifier,0.715,0.469127893447876
ExtraTreesClassifier,0.7175,0.14279603958129883
AdaBoostClassifier,0.72,0.17528605461120605
XGBClassifier,0.7,0.1594088077545166
LGBMClassifier,0.7125,0.5346240997314453
CatBoostClassifier,0.7275,0.18626999855041504
RadiusNeighborsClassifier,,
KNeighborsClassifier,0.695,0.00144195556640625
NearestCentroid,0.5875,0.0028553009033203125
QuadraticDiscriminantAnalysis,0.6875,0.08183097839355469
LinearDiscriminantAnalysis,0.7275,0.31946802139282227
GaussianNB,0.3725,0.0011947154998779297
BernoulliNB,0.625,0.004465818405151367
MLPClassifier,0.6425,49.92577791213989
ExtraTreeClassifier,0.57,0.0019080638885498047
DecisionTreeClassifier,0.6225,0.026089906692504883
LabelSpreading,0.6075,0.06611514091491699
LabelPropagation,0.61,0.03446817398071289
DummyClassifier,0.7225,0.00017404556274414062
