classifier,score,time
SVC,0.6923076923076923,0.005223989486694336
SGDClassifier,0.6153846153846154,0.005572795867919922
RidgeClassifierCV,0.7692307692307693,0.005479097366333008
RidgeClassifier,0.6923076923076923,0.005178689956665039
Perceptron,0.6923076923076923,0.0059680938720703125
PassiveAggressiveClassifier,0.6923076923076923,0.01853489875793457
LogisticRegressionCV,0.6923076923076923,0.31310582160949707
LogisticRegression,0.6923076923076923,0.011996030807495117
LinearSVC,0.7692307692307693,0.033019304275512695
RandomForestClassifier,0.7692307692307693,0.08903288841247559
HistGradientBoostingClassifier,0.8461538461538461,0.16755986213684082
GradientBoostingClassifier,0.6153846153846154,1.006147861480713
ExtraTreesClassifier,0.7692307692307693,0.037598371505737305
AdaBoostClassifier,0.8461538461538461,0.584179162979126
XGBClassifier,0.8461538461538461,0.2893397808074951
LGBMClassifier,,
CatBoostClassifier,0.6923076923076923,1.7143809795379639
RadiusNeighborsClassifier,,
KNeighborsClassifier,0.7692307692307693,0.005231142044067383
NearestCentroid,0.9230769230769231,0.00408482551574707
QuadraticDiscriminantAnalysis,0.6923076923076923,0.048264265060424805
LinearDiscriminantAnalysis,0.6923076923076923,0.30165886878967285
GaussianNB,0.7692307692307693,0.004468202590942383
BernoulliNB,0.46153846153846156,0.032093048095703125
MLPClassifier,0.7692307692307693,0.8990769386291504
ExtraTreeClassifier,0.6153846153846154,0.004205942153930664
DecisionTreeClassifier,0.6923076923076923,0.021100997924804688
LabelSpreading,0.5384615384615384,0.004381895065307617
LabelPropagation,0.5384615384615384,0.004452943801879883
DummyClassifier,0.46153846153846156,0.0001480579376220703
