classifier,score,time
SVC,0.7407407407407407,0.001474142074584961
SGDClassifier,0.8148148148148148,0.0008981227874755859
RidgeClassifierCV,0.7962962962962963,0.0013387203216552734
RidgeClassifier,0.7777777777777778,0.0008709430694580078
Perceptron,0.7222222222222222,0.0007259845733642578
PassiveAggressiveClassifier,0.7777777777777778,0.0007331371307373047
LogisticRegressionCV,0.7962962962962963,0.03833293914794922
LogisticRegression,0.7777777777777778,0.00635218620300293
LinearSVC,0.7777777777777778,0.0009570121765136719
RandomForestClassifier,0.7777777777777778,0.05943012237548828
HistGradientBoostingClassifier,0.7777777777777778,0.18556785583496094
GradientBoostingClassifier,0.7962962962962963,0.04832005500793457
ExtraTreesClassifier,0.7592592592592593,0.035333871841430664
AdaBoostClassifier,0.7592592592592593,0.053559064865112305
XGBClassifier,0.7592592592592593,0.06789517402648926
LGBMClassifier,0.7777777777777778,0.12507295608520508
CatBoostClassifier,0.8148148148148148,0.15480780601501465
RadiusNeighborsClassifier,,
KNeighborsClassifier,0.7592592592592593,0.013776779174804688
NearestCentroid,0.7592592592592593,0.0005459785461425781
QuadraticDiscriminantAnalysis,0.7037037037037037,0.0010082721710205078
LinearDiscriminantAnalysis,0.7777777777777778,0.01915287971496582
GaussianNB,0.8333333333333334,0.00162506103515625
BernoulliNB,0.7592592592592593,0.0038220882415771484
MLPClassifier,0.7407407407407407,0.6995880603790283
ExtraTreeClassifier,0.6111111111111112,0.001644134521484375
DecisionTreeClassifier,0.6296296296296297,0.002343893051147461
LabelSpreading,0.7407407407407407,0.004809141159057617
LabelPropagation,0.7407407407407407,0.006505012512207031
DummyClassifier,0.6111111111111112,0.00012612342834472656
