classifier,score,time
SVC,0.45616883116883117,0.16928791999816895
SGDClassifier,0.5681818181818182,0.013469219207763672
RidgeClassifierCV,0.6087662337662337,0.4607658386230469
RidgeClassifier,0.6087662337662337,0.060278892517089844
Perceptron,0.5551948051948052,0.006220102310180664
PassiveAggressiveClassifier,0.5487012987012987,0.009102106094360352
LogisticRegressionCV,0.6136363636363636,0.2935929298400879
LogisticRegression,0.6071428571428571,0.012783050537109375
LinearSVC,0.612012987012987,0.028690338134765625
RandomForestClassifier,0.4512987012987013,0.545414924621582
HistGradientBoostingClassifier,0.5974025974025974,0.7811439037322998
GradientBoostingClassifier,0.6103896103896104,1.0942578315734863
ExtraTreesClassifier,0.2532467532467532,0.27497386932373047
AdaBoostClassifier,0.5892857142857143,0.43585681915283203
XGBClassifier,0.5665584415584416,0.17846417427062988
LGBMClassifier,,
CatBoostClassifier,0.573051948051948,0.23445415496826172
RadiusNeighborsClassifier,,
KNeighborsClassifier,0.32792207792207795,0.0008029937744140625
NearestCentroid,0.4967532467532468,0.0009438991546630859
QuadraticDiscriminantAnalysis,0.49512987012987014,0.006128072738647461
LinearDiscriminantAnalysis,0.6152597402597403,0.2747802734375
GaussianNB,0.4837662337662338,0.012680768966674805
BernoulliNB,0.4788961038961039,0.23158907890319824
MLPClassifier,0.5211038961038961,9.367557048797607
ExtraTreeClassifier,0.487012987012987,0.0034418106079101562
DecisionTreeClassifier,0.551948051948052,0.06932377815246582
LabelSpreading,0.2159090909090909,0.12067699432373047
LabelPropagation,0.21753246753246752,0.07494187355041504
DummyClassifier,0.4967532467532468,0.0001900196075439453
