classifier,score,time
SVC,,
SGDClassifier,,
RidgeClassifierCV,1.0,0.133955717086792
RidgeClassifier,1.0,0.03738594055175781
Perceptron,,
PassiveAggressiveClassifier,,
LogisticRegressionCV,,
LogisticRegression,,
LinearSVC,,
RandomForestClassifier,1.0,0.10834407806396484
HistGradientBoostingClassifier,1.0,0.052626848220825195
GradientBoostingClassifier,,
ExtraTreesClassifier,1.0,0.027820110321044922
AdaBoostClassifier,1.0,0.0012040138244628906
XGBClassifier,1.0,0.03136491775512695
LGBMClassifier,1.0,0.00436711311340332
CatBoostClassifier,,
RadiusNeighborsClassifier,,
KNeighborsClassifier,1.0,0.005936145782470703
NearestCentroid,,
QuadraticDiscriminantAnalysis,,
LinearDiscriminantAnalysis,1.0,0.05765175819396973
GaussianNB,1.0,0.0006449222564697266
BernoulliNB,1.0,0.05040788650512695
MLPClassifier,1.0,0.3044407367706299
ExtraTreeClassifier,1.0,0.0005679130554199219
DecisionTreeClassifier,1.0,0.0004811286926269531
LabelSpreading,1.0,0.003538846969604492
LabelPropagation,1.0,0.0021169185638427734
DummyClassifier,1.0,0.00011801719665527344
