classifier,score,time
SVC,,
SGDClassifier,,
RidgeClassifierCV,1.0,5.7482030391693115
RidgeClassifier,1.0,0.40931105613708496
Perceptron,,
PassiveAggressiveClassifier,,
LogisticRegressionCV,,
LogisticRegression,,
LinearSVC,,
RandomForestClassifier,1.0,0.09922099113464355
HistGradientBoostingClassifier,1.0,0.1348710060119629
GradientBoostingClassifier,,
ExtraTreesClassifier,1.0,0.03691887855529785
AdaBoostClassifier,1.0,0.008354902267456055
XGBClassifier,1.0,0.29833102226257324
LGBMClassifier,1.0,0.02200603485107422
CatBoostClassifier,,
RadiusNeighborsClassifier,,
KNeighborsClassifier,1.0,0.00904393196105957
NearestCentroid,,
QuadraticDiscriminantAnalysis,,
LinearDiscriminantAnalysis,1.0,5.917595863342285
GaussianNB,1.0,0.21038293838500977
BernoulliNB,1.0,0.027647018432617188
MLPClassifier,1.0,14.001646757125854
ExtraTreeClassifier,1.0,0.0065348148345947266
DecisionTreeClassifier,1.0,0.008250951766967773
LabelSpreading,1.0,0.159210205078125
LabelPropagation,1.0,0.1397409439086914
DummyClassifier,1.0,0.0003230571746826172
