classifier,score,time
SVC,0.9094397544128934,0.21298789978027344
SGDClassifier,0.9025326170376056,0.017516136169433594
RidgeClassifierCV,0.9017651573292402,0.3504800796508789
RidgeClassifier,0.9017651573292402,0.001837015151977539
Perceptron,0.8933231005372217,0.0026578903198242188
PassiveAggressiveClassifier,0.8733691481197237,0.003329038619995117
LogisticRegressionCV,0.9009976976208749,0.3373880386352539
LogisticRegression,0.9025326170376056,0.02350783348083496
LinearSVC,0.9017651573292402,0.010729074478149414
RandomForestClassifier,0.8879508825786646,0.24924397468566895
HistGradientBoostingClassifier,0.9002302379125096,0.7388648986816406
GradientBoostingClassifier,0.9056024558710668,0.23163318634033203
ExtraTreesClassifier,0.8833461243284727,0.20127105712890625
AdaBoostClassifier,0.8956254796623178,0.16718101501464844
XGBClassifier,0.8910207214121258,0.06280994415283203
LGBMClassifier,0.906369915579432,0.4352278709411621
CatBoostClassifier,0.9017651573292402,0.2749199867248535
RadiusNeighborsClassifier,,
KNeighborsClassifier,0.9017651573292402,0.0009751319885253906
NearestCentroid,0.8403683806600154,0.003008127212524414
QuadraticDiscriminantAnalysis,0.23714504988488105,0.02811121940612793
LinearDiscriminantAnalysis,0.9017651573292402,0.02083611488342285
GaussianNB,0.8948580199539524,0.002341747283935547
BernoulliNB,0.8633921719109747,0.00469970703125
MLPClassifier,0.9094397544128934,2.2157649993896484
ExtraTreeClassifier,0.8772064466615502,0.0022079944610595703
DecisionTreeClassifier,0.8772064466615502,0.00512385368347168
LabelSpreading,0.9040675364543361,0.4751548767089844
LabelPropagation,0.9040675364543361,0.35123610496520996
DummyClassifier,0.762854950115119,0.0002219676971435547
