classifier,score,time
SVC,0.904,0.1957859992980957
SGDClassifier,0.904,0.007153987884521484
RidgeClassifierCV,0.904,0.02981400489807129
RidgeClassifier,0.904,0.004378795623779297
Perceptron,0.9035,0.0031960010528564453
PassiveAggressiveClassifier,0.904,0.0026102066040039062
LogisticRegressionCV,0.904,0.2877027988433838
LogisticRegression,0.904,0.005063056945800781
LinearSVC,0.904,0.0029108524322509766
RandomForestClassifier,0.89,0.3509666919708252
HistGradientBoostingClassifier,0.904,0.6120789051055908
GradientBoostingClassifier,0.904,0.27912092208862305
ExtraTreesClassifier,0.8825,0.22829413414001465
AdaBoostClassifier,0.904,0.18295693397521973
XGBClassifier,0.9025,0.06083202362060547
LGBMClassifier,0.904,0.34050703048706055
CatBoostClassifier,0.904,0.19410085678100586
RadiusNeighborsClassifier,0.904,0.002620220184326172
KNeighborsClassifier,0.898,0.0024840831756591797
NearestCentroid,0.5065,0.0008361339569091797
QuadraticDiscriminantAnalysis,0.096,0.0021572113037109375
LinearDiscriminantAnalysis,0.904,0.003258228302001953
GaussianNB,0.904,0.014176130294799805
BernoulliNB,0.904,0.003777027130126953
MLPClassifier,0.904,0.7301850318908691
ExtraTreeClassifier,0.8825,0.0026559829711914062
DecisionTreeClassifier,0.8825,0.008369922637939453
LabelSpreading,0.904,0.9591372013092041
LabelPropagation,0.904,0.5785009860992432
DummyClassifier,0.904,0.0002701282501220703
