classifier,score,time
SVC,0.75,0.0006861686706542969
SGDClassifier,0.7916666666666666,0.0005462169647216797
RidgeClassifierCV,0.7083333333333334,0.0009601116180419922
RidgeClassifier,0.7083333333333334,0.0007181167602539062
Perceptron,0.875,0.0005688667297363281
PassiveAggressiveClassifier,0.75,0.015626907348632812
LogisticRegressionCV,0.7916666666666666,0.062170982360839844
LogisticRegression,0.6666666666666666,0.0008521080017089844
LinearSVC,0.7916666666666666,0.0005090236663818359
RandomForestClassifier,0.6666666666666666,0.09343099594116211
HistGradientBoostingClassifier,0.7916666666666666,0.14423274993896484
GradientBoostingClassifier,0.75,0.037626028060913086
ExtraTreesClassifier,0.75,0.03131604194641113
AdaBoostClassifier,0.6666666666666666,0.05333399772644043
XGBClassifier,0.7916666666666666,0.07957196235656738
LGBMClassifier,0.75,0.05864906311035156
CatBoostClassifier,0.6666666666666666,0.04702472686767578
RadiusNeighborsClassifier,0.5,0.0006520748138427734
KNeighborsClassifier,0.625,0.00041794776916503906
NearestCentroid,0.7083333333333334,0.0007181167602539062
QuadraticDiscriminantAnalysis,0.7083333333333334,0.00047588348388671875
LinearDiscriminantAnalysis,0.8333333333333334,0.0005929470062255859
GaussianNB,0.625,0.000453948974609375
BernoulliNB,0.5,0.0006918907165527344
MLPClassifier,0.7916666666666666,0.15898799896240234
ExtraTreeClassifier,0.5416666666666666,0.00051116943359375
DecisionTreeClassifier,0.6666666666666666,0.0005979537963867188
LabelSpreading,0.7083333333333334,0.0005888938903808594
LabelPropagation,0.6666666666666666,0.0005698204040527344
DummyClassifier,0.5,0.00010013580322265625
