classifier,score,time
SVC,0.93,0.2693471908569336
SGDClassifier,0.94,0.041857004165649414
RidgeClassifierCV,0.9675,3.0323288440704346
RidgeClassifier,0.9675,0.445249080657959
Perceptron,0.945,0.16533780097961426
PassiveAggressiveClassifier,0.9625,0.22186493873596191
LogisticRegressionCV,0.9475,3.2468180656433105
LogisticRegression,0.935,0.46849679946899414
LinearSVC,0.965,0.02505803108215332
RandomForestClassifier,0.95,0.45839691162109375
HistGradientBoostingClassifier,0.9225,3.849073886871338
GradientBoostingClassifier,0.945,0.78379225730896
ExtraTreesClassifier,0.9575,0.48597192764282227
AdaBoostClassifier,0.955,0.5135741233825684
XGBClassifier,0.935,0.2697889804840088
LGBMClassifier,0.925,0.42050790786743164
CatBoostClassifier,0.94,0.24251389503479004
RadiusNeighborsClassifier,,
KNeighborsClassifier,0.93,0.0071828365325927734
NearestCentroid,0.665,0.006206989288330078
QuadraticDiscriminantAnalysis,0.8725,3.7642409801483154
LinearDiscriminantAnalysis,0.97,3.6229360103607178
GaussianNB,0.9575,0.14197778701782227
BernoulliNB,0.9325,0.05382394790649414
MLPClassifier,0.9575,13.284832000732422
ExtraTreeClassifier,0.96,0.022458791732788086
DecisionTreeClassifier,0.96,0.24190902709960938
LabelSpreading,0.92,0.12957501411437988
LabelPropagation,0.915,0.09366226196289062
DummyClassifier,0.93,0.00029969215393066406
