classifier,score,time
SVC,0.8360655737704918,0.0019919872283935547
SGDClassifier,0.819672131147541,0.0015289783477783203
RidgeClassifierCV,0.8524590163934426,0.0016376972198486328
RidgeClassifier,0.8524590163934426,0.0009610652923583984
Perceptron,0.8360655737704918,0.0008039474487304688
PassiveAggressiveClassifier,0.8360655737704918,0.0006971359252929688
LogisticRegressionCV,0.7868852459016393,0.032377004623413086
LogisticRegression,0.8688524590163934,0.0016350746154785156
LinearSVC,0.8524590163934426,0.0008349418640136719
RandomForestClassifier,0.8360655737704918,0.047384023666381836
HistGradientBoostingClassifier,0.7868852459016393,0.2846369743347168
GradientBoostingClassifier,0.7868852459016393,0.055310726165771484
ExtraTreesClassifier,0.819672131147541,0.038809776306152344
AdaBoostClassifier,0.819672131147541,0.0570371150970459
XGBClassifier,0.7868852459016393,0.07793116569519043
LGBMClassifier,0.7868852459016393,0.18155694007873535
CatBoostClassifier,0.8360655737704918,0.10188817977905273
RadiusNeighborsClassifier,,
KNeighborsClassifier,0.8852459016393442,0.0011229515075683594
NearestCentroid,0.8360655737704918,0.0005221366882324219
QuadraticDiscriminantAnalysis,0.6885245901639344,0.0009310245513916016
LinearDiscriminantAnalysis,0.8688524590163934,0.0010671615600585938
GaussianNB,0.8688524590163934,0.0006208419799804688
BernoulliNB,0.8360655737704918,0.0007388591766357422
MLPClassifier,0.8360655737704918,8.09043288230896
ExtraTreeClassifier,0.7049180327868853,0.0016951560974121094
DecisionTreeClassifier,0.6557377049180327,0.0025751590728759766
LabelSpreading,0.7868852459016393,0.015619039535522461
LabelPropagation,0.7868852459016393,0.006624937057495117
DummyClassifier,0.5409836065573771,0.0027189254760742188
