classifier,score,time
SVC,0.9781021897810219,0.004658222198486328
SGDClassifier,0.927007299270073,0.0016260147094726562
RidgeClassifierCV,0.9708029197080292,0.43825197219848633
RidgeClassifier,0.9708029197080292,0.07136988639831543
Perceptron,0.9124087591240876,0.0052220821380615234
PassiveAggressiveClassifier,0.9197080291970803,0.005007743835449219
LogisticRegressionCV,0.948905109489051,0.07615804672241211
LogisticRegression,0.9635036496350365,0.0019388198852539062
LinearSVC,0.9416058394160584,0.0011010169982910156
RandomForestClassifier,0.9635036496350365,0.07227802276611328
HistGradientBoostingClassifier,0.9562043795620438,0.5473871231079102
GradientBoostingClassifier,0.9343065693430657,0.07909107208251953
ExtraTreesClassifier,0.9562043795620438,0.04124808311462402
AdaBoostClassifier,0.9635036496350365,0.07058405876159668
XGBClassifier,0.948905109489051,0.05841994285583496
LGBMClassifier,0.9343065693430657,0.3226196765899658
CatBoostClassifier,0.9708029197080292,0.11655187606811523
RadiusNeighborsClassifier,,
KNeighborsClassifier,0.948905109489051,0.0016341209411621094
NearestCentroid,0.9562043795620438,0.0006961822509765625
QuadraticDiscriminantAnalysis,0.9416058394160584,0.014918804168701172
LinearDiscriminantAnalysis,0.9708029197080292,0.274216890335083
GaussianNB,0.9635036496350365,0.0027570724487304688
BernoulliNB,0.9708029197080292,0.0029489994049072266
MLPClassifier,0.9635036496350365,0.4638659954071045
ExtraTreeClassifier,0.948905109489051,0.0021321773529052734
DecisionTreeClassifier,0.9416058394160584,0.0031418800354003906
LabelSpreading,0.9635036496350365,0.003895998001098633
LabelPropagation,0.9635036496350365,0.005937099456787109
DummyClassifier,0.6423357664233577,0.00010800361633300781
