classifier,score,time
SVC,,
SGDClassifier,,
RidgeClassifierCV,1.0,3.232649087905884
RidgeClassifier,1.0,0.8105919361114502
Perceptron,,
PassiveAggressiveClassifier,,
LogisticRegressionCV,,
LogisticRegression,,
LinearSVC,,
RandomForestClassifier,1.0,0.08908486366271973
HistGradientBoostingClassifier,1.0,0.5861918926239014
GradientBoostingClassifier,,
ExtraTreesClassifier,1.0,0.09525084495544434
AdaBoostClassifier,1.0,0.053961992263793945
XGBClassifier,,
LGBMClassifier,,
CatBoostClassifier,,
RadiusNeighborsClassifier,,
KNeighborsClassifier,1.0,0.09641003608703613
NearestCentroid,,
QuadraticDiscriminantAnalysis,,
LinearDiscriminantAnalysis,1.0,16.235435962677002
GaussianNB,1.0,0.19460320472717285
BernoulliNB,1.0,0.13984417915344238
MLPClassifier,1.0,20.567572832107544
ExtraTreeClassifier,1.0,0.05523085594177246
DecisionTreeClassifier,1.0,0.048171043395996094
LabelSpreading,1.0,0.3868699073791504
LabelPropagation,1.0,0.3649759292602539
DummyClassifier,1.0,0.0006389617919921875
