classifier,score,time
SVC,1.0,0.20593905448913574
SGDClassifier,1.0,0.011023283004760742
RidgeClassifierCV,1.0,0.9200129508972168
RidgeClassifier,1.0,0.12485003471374512
Perceptron,1.0,0.030484914779663086
PassiveAggressiveClassifier,1.0,0.04119515419006348
LogisticRegressionCV,1.0,2.40159010887146
LogisticRegression,1.0,0.21581006050109863
LinearSVC,1.0,0.019784927368164062
RandomForestClassifier,1.0,0.23765301704406738
HistGradientBoostingClassifier,1.0,1.0928430557250977
GradientBoostingClassifier,1.0,0.44924211502075195
ExtraTreesClassifier,1.0,0.11598992347717285
AdaBoostClassifier,1.0,0.2651100158691406
XGBClassifier,1.0,0.156325101852417
LGBMClassifier,,
CatBoostClassifier,1.0,0.20763635635375977
RadiusNeighborsClassifier,,
KNeighborsClassifier,1.0,0.002674102783203125
NearestCentroid,1.0,0.0028111934661865234
QuadraticDiscriminantAnalysis,0.995,0.835026741027832
LinearDiscriminantAnalysis,0.6625,0.6475489139556885
GaussianNB,1.0,0.004267692565917969
BernoulliNB,1.0,0.20816779136657715
MLPClassifier,1.0,5.99173378944397
ExtraTreeClassifier,0.995,0.010530948638916016
DecisionTreeClassifier,1.0,0.023901939392089844
LabelSpreading,1.0,0.08211398124694824
LabelPropagation,1.0,0.04844188690185547
DummyClassifier,0.55,0.0001862049102783203
