classifier,score,time
SVC,0.8545454545454545,0.0016748905181884766
SGDClassifier,0.9818181818181818,0.003300189971923828
RidgeClassifierCV,0.9636363636363636,0.3310520648956299
RidgeClassifier,0.9636363636363636,0.009290933609008789
Perceptron,0.9272727272727272,0.0008671283721923828
PassiveAggressiveClassifier,0.9272727272727272,0.0015659332275390625
LogisticRegressionCV,0.9454545454545454,0.06958580017089844
LogisticRegression,0.9272727272727272,0.0033979415893554688
LinearSVC,0.9818181818181818,0.0008628368377685547
RandomForestClassifier,0.9818181818181818,0.09253883361816406
HistGradientBoostingClassifier,0.9818181818181818,0.24830293655395508
GradientBoostingClassifier,0.9818181818181818,0.02658987045288086
ExtraTreesClassifier,0.8545454545454545,0.03638505935668945
AdaBoostClassifier,0.9818181818181818,0.001983165740966797
XGBClassifier,0.9818181818181818,0.03825712203979492
LGBMClassifier,,
CatBoostClassifier,0.9818181818181818,0.1385350227355957
RadiusNeighborsClassifier,,
KNeighborsClassifier,0.8181818181818182,0.0005779266357421875
NearestCentroid,0.8181818181818182,0.001071929931640625
QuadraticDiscriminantAnalysis,0.8,0.03227806091308594
LinearDiscriminantAnalysis,0.9818181818181818,0.2694380283355713
GaussianNB,0.8363636363636363,0.001766204833984375
BernoulliNB,0.8181818181818182,0.0025610923767089844
MLPClassifier,0.9272727272727272,3.647268056869507
ExtraTreeClassifier,0.8,0.0006761550903320312
DecisionTreeClassifier,0.9818181818181818,0.0007770061492919922
LabelSpreading,0.7636363636363637,0.009797811508178711
LabelPropagation,0.7636363636363637,0.009337186813354492
DummyClassifier,0.6727272727272727,0.000308990478515625
