classifier,score,time
SVC,0.8909090909090909,0.0015919208526611328
SGDClassifier,0.9818181818181818,0.0011320114135742188
RidgeClassifierCV,1.0,0.16289710998535156
RidgeClassifier,1.0,0.09424877166748047
Perceptron,1.0,0.0010058879852294922
PassiveAggressiveClassifier,1.0,0.0015020370483398438
LogisticRegressionCV,1.0,0.08486509323120117
LogisticRegression,0.9818181818181818,0.002112150192260742
LinearSVC,1.0,0.0009100437164306641
RandomForestClassifier,1.0,0.07880496978759766
HistGradientBoostingClassifier,1.0,0.0832221508026123
GradientBoostingClassifier,1.0,0.026587963104248047
ExtraTreesClassifier,0.9818181818181818,0.036093950271606445
AdaBoostClassifier,1.0,0.001386880874633789
XGBClassifier,1.0,0.03698325157165527
LGBMClassifier,,
CatBoostClassifier,1.0,0.17682099342346191
RadiusNeighborsClassifier,,
KNeighborsClassifier,0.8909090909090909,0.0005857944488525391
NearestCentroid,0.7818181818181819,0.0006749629974365234
QuadraticDiscriminantAnalysis,0.7818181818181819,0.14840912818908691
LinearDiscriminantAnalysis,1.0,0.2683079242706299
GaussianNB,0.8,0.002234220504760742
BernoulliNB,0.8,0.0009851455688476562
MLPClassifier,1.0,0.9694399833679199
ExtraTreeClassifier,0.8545454545454545,0.0007228851318359375
DecisionTreeClassifier,1.0,0.0020639896392822266
LabelSpreading,0.8545454545454545,0.004116058349609375
LabelPropagation,0.8545454545454545,0.008092164993286133
DummyClassifier,0.5454545454545454,8.726119995117188e-05
