classifier,score,time
SVC,0.9736842105263158,0.006895303726196289
SGDClassifier,0.9736842105263158,0.004130125045776367
RidgeClassifierCV,0.9912280701754386,0.28785085678100586
RidgeClassifier,0.9649122807017544,0.009062051773071289
Perceptron,0.9035087719298246,0.0010230541229248047
PassiveAggressiveClassifier,0.9210526315789473,0.000865936279296875
LogisticRegressionCV,0.956140350877193,0.7397170066833496
LogisticRegression,0.9649122807017544,0.022976160049438477
LinearSVC,0.9736842105263158,0.0031638145446777344
RandomForestClassifier,0.956140350877193,0.15747666358947754
HistGradientBoostingClassifier,0.9824561403508771,1.0656661987304688
GradientBoostingClassifier,0.956140350877193,0.30190014839172363
ExtraTreesClassifier,0.9649122807017544,0.039502859115600586
AdaBoostClassifier,0.9912280701754386,0.1451878547668457
XGBClassifier,0.9824561403508771,0.08323812484741211
LGBMClassifier,0.9824561403508771,0.30194997787475586
CatBoostClassifier,0.9649122807017544,0.17168092727661133
RadiusNeighborsClassifier,,
KNeighborsClassifier,0.9649122807017544,0.0006499290466308594
NearestCentroid,0.9385964912280702,0.0007007122039794922
QuadraticDiscriminantAnalysis,0.9473684210526315,0.03847503662109375
LinearDiscriminantAnalysis,0.9912280701754386,0.0018627643585205078
GaussianNB,0.9210526315789473,0.0019180774688720703
BernoulliNB,0.5964912280701754,0.0021529197692871094
MLPClassifier,0.9824561403508771,6.834011077880859
ExtraTreeClassifier,0.868421052631579,0.000659942626953125
DecisionTreeClassifier,0.9473684210526315,0.010158061981201172
LabelSpreading,0.9649122807017544,0.03677201271057129
LabelPropagation,0.9649122807017544,0.017512798309326172
DummyClassifier,0.6140350877192983,0.0001361370086669922
