classifier,score,time
SVC,0.9074074074074074,0.0015430450439453125
SGDClassifier,0.9259259259259259,0.0009961128234863281
RidgeClassifierCV,0.9444444444444444,0.0012059211730957031
RidgeClassifier,0.9259259259259259,0.0008389949798583984
Perceptron,0.8518518518518519,0.000728607177734375
PassiveAggressiveClassifier,0.8518518518518519,0.0006971359252929688
LogisticRegressionCV,0.9259259259259259,0.048989057540893555
LogisticRegression,0.9259259259259259,0.0016448497772216797
LinearSVC,0.9259259259259259,0.0008451938629150391
RandomForestClassifier,0.9259259259259259,0.0492091178894043
HistGradientBoostingClassifier,0.9259259259259259,0.5119760036468506
GradientBoostingClassifier,0.9259259259259259,0.0572199821472168
ExtraTreesClassifier,0.9074074074074074,0.04218697547912598
AdaBoostClassifier,0.8333333333333334,0.06614828109741211
XGBClassifier,0.9074074074074074,0.13260483741760254
LGBMClassifier,0.9259259259259259,0.16133975982666016
CatBoostClassifier,0.9259259259259259,0.10413718223571777
RadiusNeighborsClassifier,,
KNeighborsClassifier,0.9259259259259259,0.0014488697052001953
NearestCentroid,0.9444444444444444,0.0004799365997314453
QuadraticDiscriminantAnalysis,0.5,0.0008170604705810547
LinearDiscriminantAnalysis,0.9074074074074074,0.0009112358093261719
GaussianNB,0.6851851851851852,0.0005478858947753906
BernoulliNB,0.9629629629629629,0.0007059574127197266
MLPClassifier,0.9259259259259259,7.266461133956909
ExtraTreeClassifier,0.7592592592592593,0.0019378662109375
DecisionTreeClassifier,0.7222222222222222,0.0019047260284423828
LabelSpreading,0.7962962962962963,0.0039806365966796875
LabelPropagation,0.7962962962962963,0.007643222808837891
DummyClassifier,0.6296296296296297,0.00030803680419921875
