classifier,score,time
SVC,0.7083333333333334,0.0006721019744873047
SGDClassifier,0.5,0.0005466938018798828
RidgeClassifierCV,0.625,0.0009222030639648438
RidgeClassifier,0.625,0.0007257461547851562
Perceptron,0.5833333333333334,0.0005810260772705078
PassiveAggressiveClassifier,0.5416666666666666,0.00047898292541503906
LogisticRegressionCV,0.5416666666666666,0.04087400436401367
LogisticRegression,0.5,0.0021169185638427734
LinearSVC,0.4583333333333333,0.0016798973083496094
RandomForestClassifier,0.625,0.0737762451171875
HistGradientBoostingClassifier,0.5833333333333334,0.1885981559753418
GradientBoostingClassifier,0.625,0.037570953369140625
ExtraTreesClassifier,0.5833333333333334,0.030704259872436523
AdaBoostClassifier,0.625,0.050837039947509766
XGBClassifier,0.625,0.0740351676940918
LGBMClassifier,0.625,0.0620112419128418
CatBoostClassifier,0.5833333333333334,0.04598093032836914
RadiusNeighborsClassifier,0.4583333333333333,0.0012540817260742188
KNeighborsClassifier,0.6666666666666666,0.00041604042053222656
NearestCentroid,0.4166666666666667,0.0003719329833984375
QuadraticDiscriminantAnalysis,0.5,0.0005669593811035156
LinearDiscriminantAnalysis,0.5416666666666666,0.0006148815155029297
GaussianNB,0.4583333333333333,0.00045609474182128906
BernoulliNB,0.4166666666666667,0.0005819797515869141
MLPClassifier,0.6666666666666666,0.20704317092895508
ExtraTreeClassifier,0.5416666666666666,0.0005171298980712891
DecisionTreeClassifier,0.625,0.0005838871002197266
LabelSpreading,0.7083333333333334,0.0006868839263916016
LabelPropagation,0.7083333333333334,0.0005040168762207031
DummyClassifier,0.4583333333333333,9.489059448242188e-05
