classifier,score,time
SVC,1.0,0.026695966720581055
SGDClassifier,0.98,0.009380817413330078
RidgeClassifierCV,1.0,0.4541351795196533
RidgeClassifier,1.0,0.23837637901306152
Perceptron,0.99,0.0044040679931640625
PassiveAggressiveClassifier,0.98,0.03772306442260742
LogisticRegressionCV,0.98,1.013382911682129
LogisticRegression,0.99,0.04791903495788574
LinearSVC,0.99,0.003307819366455078
RandomForestClassifier,1.0,0.12298011779785156
HistGradientBoostingClassifier,0.99,1.112858772277832
GradientBoostingClassifier,1.0,0.1338820457458496
ExtraTreesClassifier,1.0,0.05464601516723633
AdaBoostClassifier,0.99,0.10954999923706055
XGBClassifier,,
LGBMClassifier,,
CatBoostClassifier,1.0,0.14733314514160156
RadiusNeighborsClassifier,,
KNeighborsClassifier,0.98,0.0019948482513427734
NearestCentroid,0.94,0.0022411346435546875
QuadraticDiscriminantAnalysis,0.87,0.44992494583129883
LinearDiscriminantAnalysis,1.0,0.521575927734375
GaussianNB,0.98,0.0034029483795166016
BernoulliNB,0.97,0.10439205169677734
MLPClassifier,0.97,4.735939979553223
ExtraTreeClassifier,0.97,0.0060749053955078125
DecisionTreeClassifier,0.99,0.0026891231536865234
LabelSpreading,0.98,0.023761987686157227
LabelPropagation,0.98,0.034564971923828125
DummyClassifier,0.85,0.00016999244689941406
