classifier,score,time
SVC,0.9562043795620438,0.004202127456665039
SGDClassifier,0.9416058394160584,0.0012969970703125
RidgeClassifierCV,0.9562043795620438,0.4487800598144531
RidgeClassifier,0.948905109489051,0.09426498413085938
Perceptron,0.9343065693430657,0.0014200210571289062
PassiveAggressiveClassifier,0.9343065693430657,0.002583026885986328
LogisticRegressionCV,0.9562043795620438,0.08844900131225586
LogisticRegression,0.948905109489051,0.004705190658569336
LinearSVC,0.9343065693430657,0.0010750293731689453
RandomForestClassifier,0.948905109489051,0.07316899299621582
HistGradientBoostingClassifier,0.9562043795620438,0.45891380310058594
GradientBoostingClassifier,0.9343065693430657,0.06689715385437012
ExtraTreesClassifier,0.9416058394160584,0.041110992431640625
AdaBoostClassifier,0.948905109489051,0.06497812271118164
XGBClassifier,0.9416058394160584,0.056250810623168945
LGBMClassifier,0.948905109489051,0.32396793365478516
CatBoostClassifier,0.948905109489051,0.10745406150817871
RadiusNeighborsClassifier,,
KNeighborsClassifier,0.9416058394160584,0.009704351425170898
NearestCentroid,0.948905109489051,0.0007109642028808594
QuadraticDiscriminantAnalysis,0.948905109489051,0.031094789505004883
LinearDiscriminantAnalysis,0.948905109489051,0.27512383460998535
GaussianNB,0.9416058394160584,0.0026221275329589844
BernoulliNB,0.9562043795620438,0.00304412841796875
MLPClassifier,0.948905109489051,0.44911885261535645
ExtraTreeClassifier,0.8978102189781022,0.0007739067077636719
DecisionTreeClassifier,0.9051094890510949,0.0013508796691894531
LabelSpreading,0.9343065693430657,0.0142669677734375
LabelPropagation,0.9416058394160584,0.0026082992553710938
DummyClassifier,0.635036496350365,0.00010013580322265625
