classifier,score,time
SVC,0.8032786885245902,0.00526881217956543
SGDClassifier,0.819672131147541,0.0027599334716796875
RidgeClassifierCV,0.819672131147541,0.0047338008880615234
RidgeClassifier,0.8032786885245902,0.002028942108154297
Perceptron,0.8032786885245902,0.0018680095672607422
PassiveAggressiveClassifier,0.7868852459016393,0.001989126205444336
LogisticRegressionCV,0.819672131147541,0.10623574256896973
LogisticRegression,0.8360655737704918,0.006213188171386719
LinearSVC,0.819672131147541,0.0022499561309814453
RandomForestClassifier,0.7704918032786885,0.10060596466064453
HistGradientBoostingClassifier,0.8032786885245902,0.5844130516052246
GradientBoostingClassifier,0.7868852459016393,0.14850997924804688
ExtraTreesClassifier,0.8032786885245902,0.09592008590698242
AdaBoostClassifier,0.7377049180327869,0.11658906936645508
XGBClassifier,0.8032786885245902,0.12630820274353027
LGBMClassifier,0.8360655737704918,0.2301640510559082
CatBoostClassifier,0.7868852459016393,0.1712508201599121
RadiusNeighborsClassifier,,
KNeighborsClassifier,0.7704918032786885,0.0009031295776367188
NearestCentroid,0.8032786885245902,0.0010700225830078125
QuadraticDiscriminantAnalysis,0.6557377049180327,0.0016400814056396484
LinearDiscriminantAnalysis,0.8032786885245902,0.0019059181213378906
GaussianNB,0.819672131147541,0.001069784164428711
BernoulliNB,0.7868852459016393,0.001550912857055664
MLPClassifier,0.8360655737704918,9.991331100463867
ExtraTreeClassifier,0.7540983606557377,0.0017719268798828125
DecisionTreeClassifier,0.6557377049180327,0.0026590824127197266
LabelSpreading,0.8032786885245902,0.011289119720458984
LabelPropagation,0.8032786885245902,0.003950834274291992
DummyClassifier,0.5409836065573771,0.0003581047058105469
