classifier,score,time
SVC,0.7719298245614035,0.0017230510711669922
SGDClassifier,0.7719298245614035,0.0009171962738037109
RidgeClassifierCV,0.7192982456140351,0.28009700775146484
RidgeClassifier,0.6666666666666666,0.0016503334045410156
Perceptron,0.6842105263157895,0.0008273124694824219
PassiveAggressiveClassifier,0.38596491228070173,0.0006730556488037109
LogisticRegressionCV,0.7368421052631579,0.06281590461730957
LogisticRegression,0.7192982456140351,0.027613162994384766
LinearSVC,0.6842105263157895,0.0022792816162109375
RandomForestClassifier,0.7368421052631579,0.07164907455444336
HistGradientBoostingClassifier,0.7192982456140351,0.4422140121459961
GradientBoostingClassifier,0.7017543859649122,0.0385279655456543
ExtraTreesClassifier,0.7192982456140351,0.03831219673156738
AdaBoostClassifier,0.631578947368421,0.14734387397766113
XGBClassifier,0.6842105263157895,0.07553601264953613
LGBMClassifier,0.7017543859649122,0.18595314025878906
CatBoostClassifier,0.7192982456140351,0.08987712860107422
RadiusNeighborsClassifier,,
KNeighborsClassifier,0.7192982456140351,0.0005502700805664062
NearestCentroid,0.6491228070175439,0.0004699230194091797
QuadraticDiscriminantAnalysis,0.2982456140350877,0.00687718391418457
LinearDiscriminantAnalysis,0.6666666666666666,0.259113073348999
GaussianNB,0.3157894736842105,0.0006539821624755859
BernoulliNB,0.6842105263157895,0.0007140636444091797
MLPClassifier,0.7192982456140351,5.236443996429443
ExtraTreeClassifier,0.6666666666666666,0.0006630420684814453
DecisionTreeClassifier,0.6491228070175439,0.0008909702301025391
LabelSpreading,0.7719298245614035,0.012692928314208984
LabelPropagation,0.7368421052631579,0.006490230560302734
DummyClassifier,0.8070175438596491,0.0004639625549316406
