classifier,score,time
SVC,0.639344262295082,0.0015380382537841797
SGDClassifier,0.6065573770491803,0.0008440017700195312
RidgeClassifierCV,0.639344262295082,0.0011959075927734375
RidgeClassifier,0.639344262295082,0.006228208541870117
Perceptron,0.5737704918032787,0.003317117691040039
PassiveAggressiveClassifier,0.7213114754098361,0.002641916275024414
LogisticRegressionCV,0.6721311475409836,0.0402369499206543
LogisticRegression,0.6885245901639344,0.0011887550354003906
LinearSVC,0.6557377049180327,0.0006170272827148438
RandomForestClassifier,0.639344262295082,0.08656501770019531
HistGradientBoostingClassifier,0.6885245901639344,0.3648190498352051
GradientBoostingClassifier,0.6557377049180327,0.03739809989929199
ExtraTreesClassifier,0.6229508196721312,0.046466827392578125
AdaBoostClassifier,0.639344262295082,0.05254817008972168
XGBClassifier,0.639344262295082,0.09452223777770996
LGBMClassifier,0.6885245901639344,0.16216301918029785
CatBoostClassifier,0.6885245901639344,0.026942968368530273
RadiusNeighborsClassifier,0.639344262295082,0.0007469654083251953
KNeighborsClassifier,0.6721311475409836,0.0005800724029541016
NearestCentroid,0.5409836065573771,0.0004439353942871094
QuadraticDiscriminantAnalysis,0.4918032786885246,0.00060272216796875
LinearDiscriminantAnalysis,0.6065573770491803,0.0007109642028808594
GaussianNB,0.5245901639344263,0.0004940032958984375
BernoulliNB,0.7049180327868853,0.0006318092346191406
MLPClassifier,0.6885245901639344,3.7991440296173096
ExtraTreeClassifier,0.639344262295082,0.0023369789123535156
DecisionTreeClassifier,0.6065573770491803,0.0017998218536376953
LabelSpreading,0.6557377049180327,0.0024080276489257812
LabelPropagation,0.6721311475409836,0.006547212600708008
DummyClassifier,0.7540983606557377,0.0001239776611328125
