classifier,score,time
SVC,0.8571428571428571,0.004683971405029297
SGDClassifier,0.8285714285714286,0.00823211669921875
RidgeClassifierCV,0.8571428571428571,0.31693601608276367
RidgeClassifier,0.8285714285714286,0.008043050765991211
Perceptron,0.7142857142857143,0.010993242263793945
PassiveAggressiveClassifier,0.8571428571428571,0.03589296340942383
LogisticRegressionCV,0.8571428571428571,1.2131383419036865
LogisticRegression,0.8571428571428571,0.08927297592163086
LinearSVC,0.8857142857142857,0.03368496894836426
RandomForestClassifier,0.8285714285714286,0.13971567153930664
HistGradientBoostingClassifier,0.7714285714285715,0.6472477912902832
GradientBoostingClassifier,0.6571428571428571,1.1349000930786133
ExtraTreesClassifier,0.8571428571428571,0.048972129821777344
AdaBoostClassifier,0.8,0.46574997901916504
XGBClassifier,0.7142857142857143,0.25982093811035156
LGBMClassifier,0.7142857142857143,0.13103008270263672
CatBoostClassifier,0.7714285714285715,0.9407699108123779
RadiusNeighborsClassifier,,
KNeighborsClassifier,0.6857142857142857,0.0019350051879882812
NearestCentroid,0.8,0.002560138702392578
QuadraticDiscriminantAnalysis,0.7142857142857143,0.11492609977722168
LinearDiscriminantAnalysis,0.7714285714285715,0.4965639114379883
GaussianNB,0.8285714285714286,0.005674839019775391
BernoulliNB,0.7428571428571429,0.04542803764343262
MLPClassifier,0.8571428571428571,2.997291088104248
ExtraTreeClassifier,0.8,0.0020051002502441406
DecisionTreeClassifier,0.7428571428571429,0.023838281631469727
LabelSpreading,0.6857142857142857,0.0039768218994140625
LabelPropagation,0.6857142857142857,0.0038988590240478516
DummyClassifier,0.45714285714285713,0.0004570484161376953
