classifier,score,time
SVC,0.8524590163934426,0.002933025360107422
SGDClassifier,0.7704918032786885,0.0011289119720458984
RidgeClassifierCV,0.7704918032786885,0.0031049251556396484
RidgeClassifier,0.7704918032786885,0.0014662742614746094
Perceptron,0.7704918032786885,0.0009639263153076172
PassiveAggressiveClassifier,0.7540983606557377,0.0007841587066650391
LogisticRegressionCV,0.7704918032786885,0.03743290901184082
LogisticRegression,0.7704918032786885,0.001627206802368164
LinearSVC,0.7868852459016393,0.0009362697601318359
RandomForestClassifier,0.8032786885245902,0.056427955627441406
HistGradientBoostingClassifier,0.7540983606557377,0.5192928314208984
GradientBoostingClassifier,0.7377049180327869,0.08772778511047363
ExtraTreesClassifier,0.7540983606557377,0.0602569580078125
AdaBoostClassifier,0.7213114754098361,0.09015989303588867
XGBClassifier,0.7213114754098361,0.10591721534729004
LGBMClassifier,,
CatBoostClassifier,0.7540983606557377,0.14604496955871582
RadiusNeighborsClassifier,,
KNeighborsClassifier,0.8032786885245902,0.0006570816040039062
NearestCentroid,0.7868852459016393,0.0018231868743896484
QuadraticDiscriminantAnalysis,0.6885245901639344,0.001104116439819336
LinearDiscriminantAnalysis,0.7704918032786885,0.0024940967559814453
GaussianNB,0.7868852459016393,0.0016832351684570312
BernoulliNB,0.7377049180327869,0.0010671615600585938
MLPClassifier,0.8032786885245902,8.021560907363892
ExtraTreeClassifier,0.7540983606557377,0.0009369850158691406
DecisionTreeClassifier,0.7213114754098361,0.0071048736572265625
LabelSpreading,0.8032786885245902,0.007802009582519531
LabelPropagation,0.8032786885245902,0.010036945343017578
DummyClassifier,0.5081967213114754,0.00013113021850585938
