classifier,score,time
SVC,,
SGDClassifier,,
RidgeClassifierCV,1.0,0.20787692070007324
RidgeClassifier,1.0,0.07164502143859863
Perceptron,,
PassiveAggressiveClassifier,,
LogisticRegressionCV,,
LogisticRegression,,
LinearSVC,,
RandomForestClassifier,1.0,0.07838630676269531
HistGradientBoostingClassifier,1.0,0.1899428367614746
GradientBoostingClassifier,,
ExtraTreesClassifier,1.0,0.028702974319458008
AdaBoostClassifier,1.0,0.001096963882446289
XGBClassifier,1.0,0.038298845291137695
LGBMClassifier,1.0,0.0061528682708740234
CatBoostClassifier,,
RadiusNeighborsClassifier,,
KNeighborsClassifier,1.0,0.0006020069122314453
NearestCentroid,,
QuadraticDiscriminantAnalysis,,
LinearDiscriminantAnalysis,1.0,0.007030010223388672
GaussianNB,1.0,0.000640869140625
BernoulliNB,1.0,0.016225099563598633
MLPClassifier,1.0,1.9091956615447998
ExtraTreeClassifier,1.0,0.003329753875732422
DecisionTreeClassifier,1.0,0.0029790401458740234
LabelSpreading,1.0,0.024538278579711914
LabelPropagation,1.0,0.012576103210449219
DummyClassifier,1.0,0.0001361370086669922
