classifier,score,time
SVC,0.7058823529411765,0.0035789012908935547
SGDClassifier,0.6764705882352942,0.0011448860168457031
RidgeClassifierCV,0.7352941176470589,0.4083108901977539
RidgeClassifier,0.7647058823529411,0.01165008544921875
Perceptron,0.7352941176470589,0.0014569759368896484
PassiveAggressiveClassifier,0.6470588235294118,0.0012700557708740234
LogisticRegressionCV,0.7941176470588235,0.488523006439209
LogisticRegression,0.7352941176470589,0.03600502014160156
LinearSVC,0.7647058823529411,0.001322031021118164
RandomForestClassifier,0.7058823529411765,0.06879830360412598
HistGradientBoostingClassifier,0.7352941176470589,0.3420071601867676
GradientBoostingClassifier,0.7058823529411765,0.05057811737060547
ExtraTreesClassifier,0.6764705882352942,0.03375816345214844
AdaBoostClassifier,0.6764705882352942,0.05530691146850586
XGBClassifier,0.7352941176470589,0.07783317565917969
LGBMClassifier,0.7647058823529411,0.11315727233886719
CatBoostClassifier,0.7058823529411765,0.186812162399292
RadiusNeighborsClassifier,,
KNeighborsClassifier,0.7352941176470589,0.002946615219116211
NearestCentroid,0.7647058823529411,0.0005898475646972656
QuadraticDiscriminantAnalysis,0.6470588235294118,0.014708995819091797
LinearDiscriminantAnalysis,0.7647058823529411,0.0856180191040039
GaussianNB,0.5,0.0006830692291259766
BernoulliNB,0.7647058823529411,0.0008099079132080078
MLPClassifier,0.6764705882352942,5.238593101501465
ExtraTreeClassifier,0.5882352941176471,0.0008730888366699219
DecisionTreeClassifier,0.6764705882352942,0.0010249614715576172
LabelSpreading,0.6764705882352942,0.011738061904907227
LabelPropagation,0.6764705882352942,0.0007851123809814453
DummyClassifier,0.6470588235294118,9.775161743164062e-05
