classifier,score,time
SVC,0.922077922077922,0.0020589828491210938
SGDClassifier,0.9090909090909091,0.001194000244140625
RidgeClassifierCV,0.948051948051948,0.17589116096496582
RidgeClassifier,0.948051948051948,0.07550311088562012
Perceptron,0.922077922077922,0.002853870391845703
PassiveAggressiveClassifier,0.948051948051948,0.002933025360107422
LogisticRegressionCV,0.948051948051948,3.1488990783691406
LogisticRegression,0.948051948051948,0.08103823661804199
LinearSVC,0.948051948051948,0.0025572776794433594
RandomForestClassifier,0.948051948051948,0.09304094314575195
HistGradientBoostingClassifier,0.9090909090909091,0.30179524421691895
GradientBoostingClassifier,0.9090909090909091,0.052839040756225586
ExtraTreesClassifier,0.948051948051948,0.03988790512084961
AdaBoostClassifier,0.8831168831168831,0.06027698516845703
XGBClassifier,0.922077922077922,0.06305694580078125
LGBMClassifier,0.935064935064935,0.24490809440612793
CatBoostClassifier,0.922077922077922,0.16106510162353516
RadiusNeighborsClassifier,,
KNeighborsClassifier,0.961038961038961,0.014406919479370117
NearestCentroid,0.8701298701298701,0.0006258487701416016
QuadraticDiscriminantAnalysis,0.935064935064935,0.07184195518493652
LinearDiscriminantAnalysis,0.948051948051948,0.010959148406982422
GaussianNB,0.935064935064935,0.0020170211791992188
BernoulliNB,0.8961038961038961,0.00583195686340332
MLPClassifier,0.961038961038961,0.5715420246124268
ExtraTreeClassifier,0.948051948051948,0.0011551380157470703
DecisionTreeClassifier,0.922077922077922,0.0023081302642822266
LabelSpreading,0.961038961038961,0.005526065826416016
LabelPropagation,0.961038961038961,0.0034999847412109375
DummyClassifier,0.7012987012987013,0.0001049041748046875
