classifier,score,time
SVC,0.55375,0.16873478889465332
SGDClassifier,0.46,0.006126880645751953
RidgeClassifierCV,0.55875,0.024359941482543945
RidgeClassifier,0.56,0.0050411224365234375
Perceptron,0.55625,0.002103090286254883
PassiveAggressiveClassifier,0.44,0.006649017333984375
LogisticRegressionCV,0.56125,0.31952810287475586
LogisticRegression,0.56,0.007665872573852539
LinearSVC,0.56,0.002504110336303711
RandomForestClassifier,0.56125,0.8201069831848145
HistGradientBoostingClassifier,0.54875,0.781048059463501
GradientBoostingClassifier,0.54875,0.6559028625488281
ExtraTreesClassifier,0.58125,0.23004794120788574
AdaBoostClassifier,0.56625,0.2842698097229004
XGBClassifier,0.53375,0.14134621620178223
LGBMClassifier,0.54875,0.33602094650268555
CatBoostClassifier,0.56125,0.13909626007080078
RadiusNeighborsClassifier,0.56375,0.0013539791107177734
KNeighborsClassifier,0.54,0.0012018680572509766
NearestCentroid,0.47625,0.0006458759307861328
QuadraticDiscriminantAnalysis,0.53875,0.001055002212524414
LinearDiscriminantAnalysis,0.55875,0.009917974472045898
GaussianNB,0.56625,0.0008120536804199219
BernoulliNB,0.5625,0.0009610652923583984
MLPClassifier,0.525,6.2295708656311035
ExtraTreeClassifier,0.49125,0.0026009082794189453
DecisionTreeClassifier,0.52125,0.04646110534667969
LabelSpreading,0.54,0.1841268539428711
LabelPropagation,0.54125,0.1067049503326416
DummyClassifier,0.56125,0.0001800060272216797
