classifier,score,time
SVC,0.9193548387096774,0.0012509822845458984
SGDClassifier,0.9032258064516129,0.0007948875427246094
RidgeClassifierCV,0.8870967741935484,0.0012927055358886719
RidgeClassifier,0.9032258064516129,0.0008599758148193359
Perceptron,0.9032258064516129,0.0007517337799072266
PassiveAggressiveClassifier,0.9032258064516129,0.0006499290466308594
LogisticRegressionCV,0.9032258064516129,0.03440999984741211
LogisticRegression,0.9193548387096774,0.0015530586242675781
LinearSVC,0.9032258064516129,0.0007429122924804688
RandomForestClassifier,0.9516129032258065,0.047142982482910156
HistGradientBoostingClassifier,0.9193548387096774,0.2067258358001709
GradientBoostingClassifier,0.9193548387096774,0.0446627140045166
ExtraTreesClassifier,0.9193548387096774,0.0345611572265625
AdaBoostClassifier,0.8870967741935484,0.052945852279663086
XGBClassifier,0.9032258064516129,0.0691368579864502
LGBMClassifier,0.9193548387096774,0.14129924774169922
CatBoostClassifier,0.9516129032258065,0.14815688133239746
RadiusNeighborsClassifier,,
KNeighborsClassifier,0.8870967741935484,0.0005040168762207031
NearestCentroid,0.8870967741935484,0.00047779083251953125
QuadraticDiscriminantAnalysis,0.9032258064516129,0.0009720325469970703
LinearDiscriminantAnalysis,0.9354838709677419,0.0009357929229736328
GaussianNB,0.8870967741935484,0.0005431175231933594
BernoulliNB,0.9032258064516129,0.0007259845733642578
MLPClassifier,0.9354838709677419,0.6266348361968994
ExtraTreeClassifier,0.9032258064516129,0.0006129741668701172
DecisionTreeClassifier,0.9354838709677419,0.0011990070343017578
LabelSpreading,0.9354838709677419,0.0024633407592773438
LabelPropagation,0.9354838709677419,0.0037817955017089844
DummyClassifier,0.8709677419354839,0.0002491474151611328
