classifier,score,time
SVC,0.819672131147541,0.0017228126525878906
SGDClassifier,0.7704918032786885,0.0009410381317138672
RidgeClassifierCV,0.8360655737704918,0.0012378692626953125
RidgeClassifier,0.8360655737704918,0.000823974609375
Perceptron,0.7704918032786885,0.0007109642028808594
PassiveAggressiveClassifier,0.7540983606557377,0.0008249282836914062
LogisticRegressionCV,0.819672131147541,0.03206992149353027
LogisticRegression,0.8360655737704918,0.0015518665313720703
LinearSVC,0.819672131147541,0.0007669925689697266
RandomForestClassifier,0.8032786885245902,0.04716610908508301
HistGradientBoostingClassifier,0.8524590163934426,0.2561159133911133
GradientBoostingClassifier,0.819672131147541,0.06043815612792969
ExtraTreesClassifier,0.8688524590163934,0.04238533973693848
AdaBoostClassifier,0.7377049180327869,0.06806492805480957
XGBClassifier,0.8032786885245902,0.0695199966430664
LGBMClassifier,0.8360655737704918,0.1839900016784668
CatBoostClassifier,0.819672131147541,0.10204887390136719
RadiusNeighborsClassifier,,
KNeighborsClassifier,0.8360655737704918,0.001603841781616211
NearestCentroid,0.819672131147541,0.0014011859893798828
QuadraticDiscriminantAnalysis,0.8032786885245902,0.0008721351623535156
LinearDiscriminantAnalysis,0.8360655737704918,0.0009930133819580078
GaussianNB,0.8032786885245902,0.0005939006805419922
BernoulliNB,0.7868852459016393,0.0007569789886474609
MLPClassifier,0.8032786885245902,8.459081888198853
ExtraTreeClassifier,0.8032786885245902,0.0007271766662597656
DecisionTreeClassifier,0.7377049180327869,0.001104116439819336
LabelSpreading,0.819672131147541,0.007272958755493164
LabelPropagation,0.819672131147541,0.004703998565673828
DummyClassifier,0.4918032786885246,0.0001342296600341797
