classifier,score,time
SVC,0.8360655737704918,0.0017170906066894531
SGDClassifier,0.819672131147541,0.0007648468017578125
RidgeClassifierCV,0.9016393442622951,0.001371145248413086
RidgeClassifier,0.9344262295081968,0.0008931159973144531
Perceptron,0.639344262295082,0.0008099079132080078
PassiveAggressiveClassifier,0.8852459016393442,0.0006988048553466797
LogisticRegressionCV,0.8688524590163934,0.03201913833618164
LogisticRegression,0.9016393442622951,0.0013947486877441406
LinearSVC,0.9180327868852459,0.0007700920104980469
RandomForestClassifier,0.8360655737704918,0.0469057559967041
HistGradientBoostingClassifier,0.8360655737704918,0.28354310989379883
GradientBoostingClassifier,0.8524590163934426,0.05197906494140625
ExtraTreesClassifier,0.8524590163934426,0.036846160888671875
AdaBoostClassifier,0.819672131147541,0.05503416061401367
XGBClassifier,0.8524590163934426,0.08673810958862305
LGBMClassifier,0.8360655737704918,0.17509889602661133
CatBoostClassifier,0.8688524590163934,0.1815321445465088
RadiusNeighborsClassifier,,
KNeighborsClassifier,0.8524590163934426,0.009627103805541992
NearestCentroid,0.8524590163934426,0.0015709400177001953
QuadraticDiscriminantAnalysis,0.3770491803278688,0.003505229949951172
LinearDiscriminantAnalysis,0.9344262295081968,0.0011839866638183594
GaussianNB,0.7213114754098361,0.0005800724029541016
BernoulliNB,0.8360655737704918,0.0009148120880126953
MLPClassifier,0.8688524590163934,2.2648627758026123
ExtraTreeClassifier,0.7868852459016393,0.0006940364837646484
DecisionTreeClassifier,0.7704918032786885,0.0009930133819580078
LabelSpreading,0.8688524590163934,0.0022389888763427734
LabelPropagation,0.8688524590163934,0.0033571720123291016
DummyClassifier,0.6721311475409836,0.00026917457580566406
