classifier,score,time
SVC,0.8333333333333334,0.0017619132995605469
SGDClassifier,0.8333333333333334,0.001088857650756836
RidgeClassifierCV,0.8148148148148148,0.012341976165771484
RidgeClassifier,0.8148148148148148,0.0009627342224121094
Perceptron,0.7962962962962963,0.0007450580596923828
PassiveAggressiveClassifier,0.7962962962962963,0.0009286403656005859
LogisticRegressionCV,0.8333333333333334,0.05870628356933594
LogisticRegression,0.8333333333333334,0.006008148193359375
LinearSVC,0.8333333333333334,0.0007758140563964844
RandomForestClassifier,0.8148148148148148,0.07897400856018066
HistGradientBoostingClassifier,0.8518518518518519,0.4297652244567871
GradientBoostingClassifier,0.8333333333333334,0.04983186721801758
ExtraTreesClassifier,0.8148148148148148,0.03676915168762207
AdaBoostClassifier,0.7962962962962963,0.05641913414001465
XGBClassifier,0.8148148148148148,0.11307597160339355
LGBMClassifier,0.8333333333333334,0.16632294654846191
CatBoostClassifier,0.8333333333333334,0.10435080528259277
RadiusNeighborsClassifier,,
KNeighborsClassifier,0.7962962962962963,0.0004811286926269531
NearestCentroid,0.8148148148148148,0.00045800209045410156
QuadraticDiscriminantAnalysis,0.7407407407407407,0.0007669925689697266
LinearDiscriminantAnalysis,0.8148148148148148,0.0022149085998535156
GaussianNB,0.8518518518518519,0.003738880157470703
BernoulliNB,0.8148148148148148,0.0007841587066650391
MLPClassifier,0.7962962962962963,7.497465133666992
ExtraTreeClassifier,0.7962962962962963,0.0016379356384277344
DecisionTreeClassifier,0.7592592592592593,0.0021729469299316406
LabelSpreading,0.7222222222222222,0.011734962463378906
LabelPropagation,0.7407407407407407,0.014622211456298828
DummyClassifier,0.4444444444444444,0.00037097930908203125
