classifier,score,time
SVC,0.7,0.0014681816101074219
SGDClassifier,0.75,0.0007600784301757812
RidgeClassifierCV,0.8333333333333334,0.0017371177673339844
RidgeClassifier,0.8333333333333334,0.0008060932159423828
Perceptron,0.7833333333333333,0.0006928443908691406
PassiveAggressiveClassifier,0.8,0.0006480216979980469
LogisticRegressionCV,0.8333333333333334,0.06348276138305664
LogisticRegression,0.8166666666666667,0.0015511512756347656
LinearSVC,0.8333333333333334,0.0007500648498535156
RandomForestClassifier,0.8666666666666667,0.09576225280761719
HistGradientBoostingClassifier,0.8333333333333334,0.5332028865814209
GradientBoostingClassifier,0.85,0.05271506309509277
ExtraTreesClassifier,0.7333333333333333,0.03958725929260254
AdaBoostClassifier,0.8666666666666667,0.0566861629486084
XGBClassifier,0.85,0.06887292861938477
LGBMClassifier,0.8833333333333333,0.1619410514831543
CatBoostClassifier,0.8333333333333334,0.08972525596618652
RadiusNeighborsClassifier,0.6833333333333333,0.0005958080291748047
KNeighborsClassifier,0.6833333333333333,0.00043010711669921875
NearestCentroid,0.5833333333333334,0.00047016143798828125
QuadraticDiscriminantAnalysis,0.65,0.0006127357482910156
LinearDiscriminantAnalysis,0.85,0.0007181167602539062
GaussianNB,0.7666666666666667,0.0004968643188476562
BernoulliNB,0.6166666666666667,0.0006470680236816406
MLPClassifier,0.75,7.221993923187256
ExtraTreeClassifier,0.7333333333333333,0.001837015151977539
DecisionTreeClassifier,0.8,0.001990795135498047
LabelSpreading,0.6333333333333333,0.0032579898834228516
LabelPropagation,0.65,0.002975940704345703
DummyClassifier,0.6666666666666666,0.0003216266632080078
