classifier,score,time
SVC,0.4675,0.10800528526306152
SGDClassifier,0.605,0.010425806045532227
RidgeClassifierCV,0.6125,0.4841792583465576
RidgeClassifier,0.6125,0.018062114715576172
Perceptron,0.5775,0.012530088424682617
PassiveAggressiveClassifier,0.54,0.0042688846588134766
LogisticRegressionCV,0.6125,1.5939209461212158
LogisticRegression,0.61,0.1179361343383789
LinearSVC,0.6125,0.010982751846313477
RandomForestClassifier,0.4375,0.4033980369567871
HistGradientBoostingClassifier,0.58,1.1721479892730713
GradientBoostingClassifier,0.555,0.7587437629699707
ExtraTreesClassifier,0.3025,0.18401718139648438
AdaBoostClassifier,0.5925,0.3076300621032715
XGBClassifier,0.56,0.23250818252563477
LGBMClassifier,,
CatBoostClassifier,0.5525,0.1852879524230957
RadiusNeighborsClassifier,,
KNeighborsClassifier,0.3825,0.001165151596069336
NearestCentroid,0.49,0.0008409023284912109
QuadraticDiscriminantAnalysis,0.4825,0.08534932136535645
LinearDiscriminantAnalysis,0.62,0.09047675132751465
GaussianNB,0.5175,0.00396275520324707
BernoulliNB,0.4675,0.0013570785522460938
MLPClassifier,0.505,36.93027997016907
ExtraTreeClassifier,0.425,0.0032198429107666016
DecisionTreeClassifier,0.52,0.04499506950378418
LabelSpreading,0.2625,0.07640385627746582
LabelPropagation,0.265,0.04741024971008301
DummyClassifier,0.5,0.00015592575073242188
