classifier,score,time
SVC,1.0,0.002164125442504883
SGDClassifier,1.0,0.0013959407806396484
RidgeClassifierCV,0.9821428571428571,0.34732532501220703
RidgeClassifier,0.9821428571428571,0.027238845825195312
Perceptron,0.9821428571428571,0.0015120506286621094
PassiveAggressiveClassifier,0.9821428571428571,0.012981891632080078
LogisticRegressionCV,0.9821428571428571,0.6939229965209961
LogisticRegression,0.9821428571428571,0.028267860412597656
LinearSVC,0.9821428571428571,0.0012879371643066406
RandomForestClassifier,1.0,0.08080601692199707
HistGradientBoostingClassifier,0.9821428571428571,0.3251500129699707
GradientBoostingClassifier,0.9821428571428571,0.03798675537109375
ExtraTreesClassifier,1.0,0.03585505485534668
AdaBoostClassifier,0.9821428571428571,0.0017108917236328125
XGBClassifier,0.9642857142857143,0.06196784973144531
LGBMClassifier,1.0,0.194990873336792
CatBoostClassifier,1.0,0.12077689170837402
RadiusNeighborsClassifier,,
KNeighborsClassifier,0.9107142857142857,0.0008623600006103516
NearestCentroid,0.875,0.0009047985076904297
QuadraticDiscriminantAnalysis,0.9107142857142857,0.02476024627685547
LinearDiscriminantAnalysis,0.9285714285714286,0.35791897773742676
GaussianNB,0.9464285714285714,0.0020558834075927734
BernoulliNB,0.9107142857142857,0.0011332035064697266
MLPClassifier,0.9821428571428571,3.5265872478485107
ExtraTreeClassifier,1.0,0.0026378631591796875
DecisionTreeClassifier,0.9821428571428571,0.0029289722442626953
LabelSpreading,0.9285714285714286,0.007795810699462891
LabelPropagation,0.9285714285714286,0.007086038589477539
DummyClassifier,0.5357142857142857,0.00013899803161621094
