classifier,score,time
SVC,0.995,4.005367040634155
SGDClassifier,0.995,0.2392120361328125
RidgeClassifierCV,0.98,5.788603067398071
RidgeClassifier,0.9825,0.9257652759552002
Perceptron,0.9975,0.3787851333618164
PassiveAggressiveClassifier,1.0,0.6635608673095703
LogisticRegressionCV,0.995,6.924444913864136
LogisticRegression,0.9925,0.5178999900817871
LinearSVC,0.9975,0.17876887321472168
RandomForestClassifier,0.9925,1.0439410209655762
HistGradientBoostingClassifier,0.995,15.476315975189209
GradientBoostingClassifier,1.0,5.045838832855225
ExtraTreesClassifier,1.0,1.2082560062408447
AdaBoostClassifier,0.9975,3.6063570976257324
XGBClassifier,1.0,2.195518970489502
LGBMClassifier,,
CatBoostClassifier,1.0,0.7742228507995605
RadiusNeighborsClassifier,,
KNeighborsClassifier,0.91,0.07491803169250488
NearestCentroid,0.8725,0.08052921295166016
QuadraticDiscriminantAnalysis,,
LinearDiscriminantAnalysis,0.85,16.5682590007782
GaussianNB,0.4975,0.1806659698486328
BernoulliNB,0.85,0.1559290885925293
MLPClassifier,0.9175,43.05006790161133
ExtraTreeClassifier,0.985,0.06060791015625
DecisionTreeClassifier,0.9975,0.1470961570739746
LabelSpreading,0.895,0.43021512031555176
LabelPropagation,0.895,0.391251802444458
DummyClassifier,0.85,0.0005269050598144531
