classifier,score,time
SVC,,
SGDClassifier,,
RidgeClassifierCV,1.0,0.5506589412689209
RidgeClassifier,1.0,0.04335904121398926
Perceptron,,
PassiveAggressiveClassifier,,
LogisticRegressionCV,,
LogisticRegression,,
LinearSVC,,
RandomForestClassifier,1.0,0.16036295890808105
HistGradientBoostingClassifier,1.0,0.06234121322631836
GradientBoostingClassifier,,
ExtraTreesClassifier,1.0,0.0291287899017334
AdaBoostClassifier,1.0,0.0015761852264404297
XGBClassifier,1.0,0.037240028381347656
LGBMClassifier,1.0,0.004423856735229492
CatBoostClassifier,,
RadiusNeighborsClassifier,,
KNeighborsClassifier,1.0,0.04156780242919922
NearestCentroid,,
QuadraticDiscriminantAnalysis,,
LinearDiscriminantAnalysis,1.0,0.07981181144714355
GaussianNB,1.0,0.0011870861053466797
BernoulliNB,1.0,0.02133011817932129
MLPClassifier,1.0,0.4816138744354248
ExtraTreeClassifier,1.0,0.0006656646728515625
DecisionTreeClassifier,1.0,0.0004851818084716797
LabelSpreading,1.0,0.02350306510925293
LabelPropagation,1.0,0.0022649765014648438
DummyClassifier,1.0,0.00011110305786132812
