classifier,score,time
SVC,,
SGDClassifier,,
RidgeClassifierCV,1.0,0.19565224647521973
RidgeClassifier,1.0,0.07010006904602051
Perceptron,,
PassiveAggressiveClassifier,,
LogisticRegressionCV,,
LogisticRegression,,
LinearSVC,,
RandomForestClassifier,1.0,0.06740403175354004
HistGradientBoostingClassifier,1.0,0.05002999305725098
GradientBoostingClassifier,,
ExtraTreesClassifier,1.0,0.027960777282714844
AdaBoostClassifier,1.0,0.0012142658233642578
XGBClassifier,1.0,0.02981710433959961
LGBMClassifier,1.0,0.0044209957122802734
CatBoostClassifier,,
RadiusNeighborsClassifier,1.0,0.0006442070007324219
KNeighborsClassifier,1.0,0.000701904296875
NearestCentroid,,
QuadraticDiscriminantAnalysis,,
LinearDiscriminantAnalysis,1.0,0.004815816879272461
GaussianNB,1.0,0.0005650520324707031
BernoulliNB,1.0,0.014316797256469727
MLPClassifier,1.0,0.3116610050201416
ExtraTreeClassifier,1.0,0.0005471706390380859
DecisionTreeClassifier,1.0,0.0004661083221435547
LabelSpreading,1.0,0.006186962127685547
LabelPropagation,1.0,0.002045869827270508
DummyClassifier,1.0,9.393692016601562e-05
