classifier,score,time
SVC,,
SGDClassifier,,
RidgeClassifierCV,1.0,0.07526087760925293
RidgeClassifier,1.0,0.01811504364013672
Perceptron,,
PassiveAggressiveClassifier,,
LogisticRegressionCV,,
LogisticRegression,,
LinearSVC,,
RandomForestClassifier,1.0,0.13836002349853516
HistGradientBoostingClassifier,1.0,0.04889798164367676
GradientBoostingClassifier,,
ExtraTreesClassifier,1.0,0.02782893180847168
AdaBoostClassifier,1.0,0.0012030601501464844
XGBClassifier,1.0,0.05127978324890137
LGBMClassifier,1.0,0.004373073577880859
CatBoostClassifier,,
RadiusNeighborsClassifier,1.0,0.0006611347198486328
KNeighborsClassifier,1.0,0.0007801055908203125
NearestCentroid,,
QuadraticDiscriminantAnalysis,,
LinearDiscriminantAnalysis,1.0,0.0014209747314453125
GaussianNB,1.0,0.0005729198455810547
BernoulliNB,1.0,0.011824846267700195
MLPClassifier,1.0,0.3594942092895508
ExtraTreeClassifier,1.0,0.0005571842193603516
DecisionTreeClassifier,1.0,0.0004868507385253906
LabelSpreading,1.0,0.0066721439361572266
LabelPropagation,1.0,0.0027399063110351562
DummyClassifier,1.0,0.00010180473327636719
