classifier,score,time
SVC,0.8770491803278688,0.004152059555053711
SGDClassifier,0.7622950819672131,0.0012700557708740234
RidgeClassifierCV,0.8524590163934426,0.13262104988098145
RidgeClassifier,0.8770491803278688,0.07450699806213379
Perceptron,0.8688524590163934,0.001377105712890625
PassiveAggressiveClassifier,0.8278688524590164,0.0012009143829345703
LogisticRegressionCV,0.8688524590163934,0.10462808609008789
LogisticRegression,0.8524590163934426,0.0022923946380615234
LinearSVC,0.860655737704918,0.0010533332824707031
RandomForestClassifier,0.9508196721311475,0.08425021171569824
HistGradientBoostingClassifier,0.9344262295081968,0.3736741542816162
GradientBoostingClassifier,0.9180327868852459,0.07166099548339844
ExtraTreesClassifier,0.9508196721311475,0.042993783950805664
AdaBoostClassifier,0.9098360655737705,0.06868290901184082
XGBClassifier,0.9344262295081968,0.04299211502075195
LGBMClassifier,0.9344262295081968,0.2778918743133545
CatBoostClassifier,0.9262295081967213,0.16170716285705566
RadiusNeighborsClassifier,,
KNeighborsClassifier,0.8114754098360656,0.0007040500640869141
NearestCentroid,0.860655737704918,0.0017409324645996094
QuadraticDiscriminantAnalysis,0.7377049180327869,0.005515575408935547
LinearDiscriminantAnalysis,0.8770491803278688,0.18894505500793457
GaussianNB,0.819672131147541,0.0006978511810302734
BernoulliNB,0.8360655737704918,0.0009291172027587891
MLPClassifier,0.9508196721311475,1.5493268966674805
ExtraTreeClassifier,0.9508196721311475,0.001241922378540039
DecisionTreeClassifier,0.9508196721311475,0.0013399124145507812
LabelSpreading,0.9262295081967213,0.010654926300048828
LabelPropagation,0.9344262295081968,0.0021309852600097656
DummyClassifier,0.4918032786885246,9.584426879882812e-05
