classifier,score,time
SVC,0.9024390243902439,0.009630918502807617
SGDClassifier,0.8634146341463415,0.0026612281799316406
RidgeClassifierCV,0.8634146341463415,0.18117189407348633
RidgeClassifier,0.8634146341463415,0.08251214027404785
Perceptron,0.7121951219512195,0.001238107681274414
PassiveAggressiveClassifier,0.7317073170731707,0.0030100345611572266
LogisticRegressionCV,0.8585365853658536,0.15886998176574707
LogisticRegression,0.8536585365853658,0.01668691635131836
LinearSVC,0.8341463414634146,0.0016407966613769531
RandomForestClassifier,1.0,0.1281599998474121
HistGradientBoostingClassifier,1.0,0.7554643154144287
GradientBoostingClassifier,0.9609756097560975,0.10907912254333496
ExtraTreesClassifier,1.0,0.056405067443847656
AdaBoostClassifier,0.9121951219512195,0.08238720893859863
XGBClassifier,1.0,0.07400393486022949
LGBMClassifier,1.0,0.3374202251434326
CatBoostClassifier,0.9902439024390244,0.1770172119140625
RadiusNeighborsClassifier,0.8878048780487805,0.0007190704345703125
KNeighborsClassifier,0.8195121951219512,0.0006120204925537109
NearestCentroid,0.8341463414634146,0.0014641284942626953
QuadraticDiscriminantAnalysis,0.7560975609756098,0.15964388847351074
LinearDiscriminantAnalysis,0.8634146341463415,0.2824981212615967
GaussianNB,0.824390243902439,0.0019881725311279297
BernoulliNB,0.8390243902439024,0.0010528564453125
MLPClassifier,0.9658536585365853,3.1152188777923584
ExtraTreeClassifier,1.0,0.0030639171600341797
DecisionTreeClassifier,1.0,0.0020418167114257812
LabelSpreading,0.9804878048780488,0.02474069595336914
LabelPropagation,0.9804878048780488,0.01634812355041504
DummyClassifier,0.551219512195122,0.00033092498779296875
