classifier,score,time
SVC,0.835,0.049027204513549805
SGDClassifier,0.8425,0.004670143127441406
RidgeClassifierCV,0.8375,0.2713589668273926
RidgeClassifier,0.8375,0.020647048950195312
Perceptron,0.835,0.0013720989227294922
PassiveAggressiveClassifier,0.84,0.006339073181152344
LogisticRegressionCV,0.8375,0.7578589916229248
LogisticRegression,0.8425,0.0724942684173584
LinearSVC,0.8425,0.011624813079833984
RandomForestClassifier,0.8475,0.21581315994262695
HistGradientBoostingClassifier,0.84,1.0034830570220947
GradientBoostingClassifier,0.8375,0.21080803871154785
ExtraTreesClassifier,0.845,0.0973351001739502
AdaBoostClassifier,0.8425,0.1152188777923584
XGBClassifier,0.8125,0.17025113105773926
LGBMClassifier,0.8275,0.3855559825897217
CatBoostClassifier,0.84,0.12355208396911621
RadiusNeighborsClassifier,,
KNeighborsClassifier,0.82,0.0006399154663085938
NearestCentroid,0.62,0.0007100105285644531
QuadraticDiscriminantAnalysis,0.1875,0.010148048400878906
LinearDiscriminantAnalysis,0.8525,0.07520699501037598
GaussianNB,0.8125,0.0024259090423583984
BernoulliNB,0.8075,0.002933025360107422
MLPClassifier,0.83,21.361304759979248
ExtraTreeClassifier,0.77,0.002788066864013672
DecisionTreeClassifier,0.7575,0.007911920547485352
LabelSpreading,0.8375,0.056849002838134766
LabelPropagation,0.8375,0.03815293312072754
DummyClassifier,0.835,0.00014472007751464844
