classifier,score,time
SVC,0.7121212121212122,0.014426946640014648
SGDClassifier,0.7727272727272727,0.002190113067626953
RidgeClassifierCV,0.7234848484848485,0.03186368942260742
RidgeClassifier,0.7234848484848485,0.006158113479614258
Perceptron,0.5984848484848485,0.0021729469299316406
PassiveAggressiveClassifier,0.6325757575757576,0.0014600753784179688
LogisticRegressionCV,0.7765151515151515,0.2328801155090332
LogisticRegression,0.7348484848484849,0.0020759105682373047
LinearSVC,0.75,0.0013070106506347656
RandomForestClassifier,0.9810606060606061,0.1294410228729248
HistGradientBoostingClassifier,0.9886363636363636,0.5212056636810303
GradientBoostingClassifier,0.9659090909090909,0.12160205841064453
ExtraTreesClassifier,0.9507575757575758,0.06823992729187012
AdaBoostClassifier,0.9659090909090909,0.08388209342956543
XGBClassifier,0.9848484848484849,0.029284238815307617
LGBMClassifier,0.9810606060606061,0.3132760524749756
CatBoostClassifier,0.9810606060606061,0.10826492309570312
RadiusNeighborsClassifier,0.6136363636363636,0.0008599758148193359
KNeighborsClassifier,0.6515151515151515,0.0006709098815917969
NearestCentroid,0.5909090909090909,0.00045800209045410156
QuadraticDiscriminantAnalysis,0.6666666666666666,0.0008382797241210938
LinearDiscriminantAnalysis,0.7234848484848485,0.0014269351959228516
GaussianNB,0.6477272727272727,0.0018341541290283203
BernoulliNB,0.5909090909090909,0.0021538734436035156
MLPClassifier,0.8068181818181818,1.7684741020202637
ExtraTreeClassifier,0.8598484848484849,0.0008471012115478516
DecisionTreeClassifier,0.9734848484848485,0.001447916030883789
LabelSpreading,0.6818181818181818,0.019829988479614258
LabelPropagation,0.6893939393939394,0.010725021362304688
DummyClassifier,0.6136363636363636,0.0002968311309814453
