classifier,score,time
SVC,0.9074074074074074,0.0015978813171386719
SGDClassifier,0.8703703703703703,0.0009300708770751953
RidgeClassifierCV,0.9259259259259259,0.0013959407806396484
RidgeClassifier,0.9259259259259259,0.0008749961853027344
Perceptron,0.8518518518518519,0.0007841587066650391
PassiveAggressiveClassifier,0.6666666666666666,0.0006959438323974609
LogisticRegressionCV,0.9259259259259259,0.03460097312927246
LogisticRegression,0.9259259259259259,0.0019719600677490234
LinearSVC,0.9259259259259259,0.0008149147033691406
RandomForestClassifier,0.8703703703703703,0.05024981498718262
HistGradientBoostingClassifier,0.8333333333333334,0.2942519187927246
GradientBoostingClassifier,0.8518518518518519,0.05466198921203613
ExtraTreesClassifier,0.8703703703703703,0.04354691505432129
AdaBoostClassifier,0.7777777777777778,0.06448793411254883
XGBClassifier,0.8148148148148148,0.06810116767883301
LGBMClassifier,0.8518518518518519,0.151259183883667
CatBoostClassifier,0.8888888888888888,0.15479803085327148
RadiusNeighborsClassifier,,
KNeighborsClassifier,0.8888888888888888,0.0015261173248291016
NearestCentroid,0.8888888888888888,0.00047588348388671875
QuadraticDiscriminantAnalysis,0.7222222222222222,0.0010848045349121094
LinearDiscriminantAnalysis,0.9259259259259259,0.0009400844573974609
GaussianNB,0.8888888888888888,0.0005369186401367188
BernoulliNB,0.8703703703703703,0.0007429122924804688
MLPClassifier,0.8333333333333334,1.5530738830566406
ExtraTreeClassifier,0.7962962962962963,0.0024487972259521484
DecisionTreeClassifier,0.8333333333333334,0.0009541511535644531
LabelSpreading,0.8333333333333334,0.0019412040710449219
LabelPropagation,0.8333333333333334,0.0008189678192138672
DummyClassifier,0.5370370370370371,8.487701416015625e-05
