classifier,score,time
SVC,,
SGDClassifier,,
RidgeClassifierCV,1.0,0.3355839252471924
RidgeClassifier,1.0,0.0196380615234375
Perceptron,,
PassiveAggressiveClassifier,,
LogisticRegressionCV,,
LogisticRegression,,
LinearSVC,,
RandomForestClassifier,1.0,0.08658385276794434
HistGradientBoostingClassifier,1.0,0.1869957447052002
GradientBoostingClassifier,,
ExtraTreesClassifier,1.0,0.028441667556762695
AdaBoostClassifier,1.0,0.0015931129455566406
XGBClassifier,1.0,0.03942298889160156
LGBMClassifier,1.0,0.004383087158203125
CatBoostClassifier,,
RadiusNeighborsClassifier,,
KNeighborsClassifier,1.0,0.0007750988006591797
NearestCentroid,,
QuadraticDiscriminantAnalysis,,
LinearDiscriminantAnalysis,1.0,0.00836181640625
GaussianNB,1.0,0.0014660358428955078
BernoulliNB,1.0,0.026914119720458984
MLPClassifier,1.0,1.4726860523223877
ExtraTreeClassifier,1.0,0.0053272247314453125
DecisionTreeClassifier,1.0,0.0025010108947753906
LabelSpreading,1.0,0.0501101016998291
LabelPropagation,1.0,0.024953126907348633
DummyClassifier,1.0,0.0008440017700195312
