classifier,score,time
SVC,0.6833333333333333,0.0014460086822509766
SGDClassifier,0.6833333333333333,0.0008051395416259766
RidgeClassifierCV,0.7333333333333333,0.001178741455078125
RidgeClassifier,0.7333333333333333,0.0008301734924316406
Perceptron,0.75,0.0006482601165771484
PassiveAggressiveClassifier,0.6833333333333333,0.0006220340728759766
LogisticRegressionCV,0.7166666666666667,0.0298769474029541
LogisticRegression,0.7166666666666667,0.0013899803161621094
LinearSVC,0.75,0.0006399154663085938
RandomForestClassifier,0.8,0.047612905502319336
HistGradientBoostingClassifier,0.75,0.2028040885925293
GradientBoostingClassifier,0.7333333333333333,0.05288386344909668
ExtraTreesClassifier,0.6833333333333333,0.037811994552612305
AdaBoostClassifier,0.7166666666666667,0.05622720718383789
XGBClassifier,0.7666666666666667,0.06070828437805176
LGBMClassifier,0.7333333333333333,0.16018915176391602
CatBoostClassifier,0.7833333333333333,0.13890480995178223
RadiusNeighborsClassifier,,
KNeighborsClassifier,0.6666666666666666,0.001413106918334961
NearestCentroid,0.6,0.0004668235778808594
QuadraticDiscriminantAnalysis,0.5833333333333334,0.0008499622344970703
LinearDiscriminantAnalysis,0.75,0.0007848739624023438
GaussianNB,0.7333333333333333,0.0005083084106445312
BernoulliNB,0.5666666666666667,0.0006868839263916016
MLPClassifier,0.7166666666666667,0.9058749675750732
ExtraTreeClassifier,0.65,0.0006110668182373047
DecisionTreeClassifier,0.7,0.0010418891906738281
LabelSpreading,0.6666666666666666,0.0013849735260009766
LabelPropagation,0.6666666666666666,0.0008461475372314453
DummyClassifier,0.5833333333333334,8.392333984375e-05
