classifier,score,time
SVC,0.6666666666666666,0.0014350414276123047
SGDClassifier,0.5333333333333333,0.0009210109710693359
RidgeClassifierCV,0.8166666666666667,0.0012049674987792969
RidgeClassifier,0.8166666666666667,0.0008082389831542969
Perceptron,0.8333333333333334,0.0006859302520751953
PassiveAggressiveClassifier,0.7666666666666667,0.0005979537963867188
LogisticRegressionCV,0.8166666666666667,0.03194594383239746
LogisticRegression,0.8333333333333334,0.0013539791107177734
LinearSVC,0.8166666666666667,0.0006299018859863281
RandomForestClassifier,0.8666666666666667,0.048279762268066406
HistGradientBoostingClassifier,0.9333333333333333,0.22882509231567383
GradientBoostingClassifier,0.8666666666666667,0.052336931228637695
ExtraTreesClassifier,0.7833333333333333,0.03867697715759277
AdaBoostClassifier,0.8333333333333334,0.11738705635070801
XGBClassifier,0.9333333333333333,0.05102705955505371
LGBMClassifier,0.9166666666666666,0.14740514755249023
CatBoostClassifier,0.8833333333333333,0.15131497383117676
RadiusNeighborsClassifier,,
KNeighborsClassifier,0.6333333333333333,0.001413106918334961
NearestCentroid,0.48333333333333334,0.0004820823669433594
QuadraticDiscriminantAnalysis,0.6666666666666666,0.0008447170257568359
LinearDiscriminantAnalysis,0.8166666666666667,0.0007989406585693359
GaussianNB,0.7,0.0005118846893310547
BernoulliNB,0.55,0.0006930828094482422
MLPClassifier,0.7666666666666667,0.4319930076599121
ExtraTreeClassifier,0.7166666666666667,0.0015659332275390625
DecisionTreeClassifier,0.8,0.00226593017578125
LabelSpreading,0.6666666666666666,0.0020313262939453125
LabelPropagation,0.6666666666666666,0.0008778572082519531
DummyClassifier,0.6166666666666667,9.083747863769531e-05
