classifier,score,time
SVC,0.71,1.4058399200439453
SGDClassifier,0.7025,0.18460416793823242
RidgeClassifierCV,0.7075,2.8088161945343018
RidgeClassifier,0.7075,0.5787677764892578
Perceptron,0.6225,0.28394198417663574
PassiveAggressiveClassifier,0.7125,0.5382189750671387
LogisticRegressionCV,0.7125,2.6943132877349854
LogisticRegression,0.7125,0.1814279556274414
LinearSVC,0.7075,0.05161595344543457
RandomForestClassifier,0.655,0.7568352222442627
HistGradientBoostingClassifier,0.665,4.921736001968384
GradientBoostingClassifier,0.7125,1.3275539875030518
ExtraTreesClassifier,0.6475,0.7415680885314941
AdaBoostClassifier,0.71,1.0285389423370361
XGBClassifier,0.5875,0.8215911388397217
LGBMClassifier,0.6625,0.32906293869018555
CatBoostClassifier,0.71,0.3224499225616455
RadiusNeighborsClassifier,,
KNeighborsClassifier,0.625,0.010151147842407227
NearestCentroid,0.6425,0.012052059173583984
QuadraticDiscriminantAnalysis,0.51,7.216291904449463
LinearDiscriminantAnalysis,0.69,7.931687116622925
GaussianNB,0.3425,0.035941123962402344
BernoulliNB,0.715,0.0670919418334961
MLPClassifier,0.6975,29.050169944763184
ExtraTreeClassifier,0.6025,0.024842023849487305
DecisionTreeClassifier,0.6675,0.0679631233215332
LabelSpreading,0.6225,0.15898990631103516
LabelPropagation,0.585,0.1292130947113037
DummyClassifier,0.6575,0.0002429485321044922
