classifier,score,time
SVC,0.9859649122807017,0.006512165069580078
SGDClassifier,0.9719298245614035,0.0011394023895263672
RidgeClassifierCV,0.9508771929824561,0.0012698173522949219
RidgeClassifier,0.9543859649122807,0.0008740425109863281
Perceptron,0.9649122807017544,0.0009737014770507812
PassiveAggressiveClassifier,0.9719298245614035,0.0009570121765136719
LogisticRegressionCV,1.0,0.04349517822265625
LogisticRegression,0.9859649122807017,0.001798868179321289
LinearSVC,0.9824561403508771,0.0009729862213134766
RandomForestClassifier,1.0,0.058793067932128906
HistGradientBoostingClassifier,1.0,0.14805197715759277
GradientBoostingClassifier,1.0,0.059903860092163086
ExtraTreesClassifier,1.0,0.04687619209289551
AdaBoostClassifier,1.0,0.07536482810974121
XGBClassifier,1.0,0.024600982666015625
LGBMClassifier,1.0,0.1662452220916748
CatBoostClassifier,1.0,0.09805107116699219
RadiusNeighborsClassifier,0.6385964912280702,0.0008938312530517578
KNeighborsClassifier,0.9333333333333333,0.0006380081176757812
NearestCentroid,0.631578947368421,0.00044274330139160156
QuadraticDiscriminantAnalysis,0.9614035087719298,0.0007758140563964844
LinearDiscriminantAnalysis,0.9508771929824561,0.0008268356323242188
GaussianNB,0.9614035087719298,0.0005199909210205078
BernoulliNB,0.6350877192982456,0.0007479190826416016
MLPClassifier,1.0,2.3616750240325928
ExtraTreeClassifier,0.9894736842105263,0.004015922546386719
DecisionTreeClassifier,1.0,0.002022266387939453
LabelSpreading,0.9649122807017544,0.06686592102050781
LabelPropagation,0.9649122807017544,0.027688026428222656
DummyClassifier,0.5403508771929825,0.00032210350036621094
