classifier,score,time
SVC,,
SGDClassifier,,
RidgeClassifierCV,1.0,0.3418428897857666
RidgeClassifier,1.0,0.006661891937255859
Perceptron,,
PassiveAggressiveClassifier,,
LogisticRegressionCV,,
LogisticRegression,,
LinearSVC,,
RandomForestClassifier,1.0,0.07367825508117676
HistGradientBoostingClassifier,1.0,0.28615689277648926
GradientBoostingClassifier,,
ExtraTreesClassifier,1.0,0.02840900421142578
AdaBoostClassifier,1.0,0.001627206802368164
XGBClassifier,1.0,0.035568952560424805
LGBMClassifier,1.0,0.0045621395111083984
CatBoostClassifier,,
RadiusNeighborsClassifier,1.0,0.0007212162017822266
KNeighborsClassifier,1.0,0.0005481243133544922
NearestCentroid,,
QuadraticDiscriminantAnalysis,,
LinearDiscriminantAnalysis,1.0,0.007620096206665039
GaussianNB,1.0,0.0074880123138427734
BernoulliNB,1.0,0.0049440860748291016
MLPClassifier,1.0,2.0597031116485596
ExtraTreeClassifier,1.0,0.0019588470458984375
DecisionTreeClassifier,1.0,0.0020439624786376953
LabelSpreading,1.0,0.03315591812133789
LabelPropagation,1.0,0.013892889022827148
DummyClassifier,1.0,0.0003609657287597656
