classifier,score,time
SVC,0.7586206896551724,0.0016307830810546875
SGDClassifier,0.8103448275862069,0.0011949539184570312
RidgeClassifierCV,0.7413793103448276,0.17135930061340332
RidgeClassifier,0.7413793103448276,0.011210918426513672
Perceptron,0.7068965517241379,0.0021800994873046875
PassiveAggressiveClassifier,0.6551724137931034,0.0019237995147705078
LogisticRegressionCV,0.7413793103448276,0.08089923858642578
LogisticRegression,0.7413793103448276,0.0030858516693115234
LinearSVC,0.7413793103448276,0.0007817745208740234
RandomForestClassifier,0.7758620689655172,0.06710982322692871
HistGradientBoostingClassifier,0.7068965517241379,0.23190903663635254
GradientBoostingClassifier,0.7241379310344828,0.04018592834472656
ExtraTreesClassifier,0.7586206896551724,0.04398703575134277
AdaBoostClassifier,0.7068965517241379,0.05104827880859375
XGBClassifier,0.6896551724137931,0.08705019950866699
LGBMClassifier,0.7068965517241379,0.11538410186767578
CatBoostClassifier,0.7413793103448276,0.1426558494567871
RadiusNeighborsClassifier,,
KNeighborsClassifier,0.7413793103448276,0.0006399154663085938
NearestCentroid,0.8103448275862069,0.0024352073669433594
QuadraticDiscriminantAnalysis,0.4482758620689655,0.20209908485412598
LinearDiscriminantAnalysis,0.7241379310344828,0.2237839698791504
GaussianNB,0.7931034482758621,0.0013799667358398438
BernoulliNB,0.7758620689655172,0.000804901123046875
MLPClassifier,0.7241379310344828,1.10617995262146
ExtraTreeClassifier,0.7586206896551724,0.0015158653259277344
DecisionTreeClassifier,0.7241379310344828,0.0024271011352539062
LabelSpreading,0.7758620689655172,0.0043070316314697266
LabelPropagation,0.7758620689655172,0.00325775146484375
DummyClassifier,0.6896551724137931,0.0002779960632324219
