classifier,score,time
SVC,1.0,0.0006427764892578125
SGDClassifier,1.0,0.0005478858947753906
RidgeClassifierCV,1.0,0.0010828971862792969
RidgeClassifier,1.0,0.0007691383361816406
Perceptron,1.0,0.0005800724029541016
PassiveAggressiveClassifier,1.0,0.0004773139953613281
LogisticRegressionCV,1.0,0.02101421356201172
LogisticRegression,1.0,0.0009970664978027344
LinearSVC,1.0,0.0005128383636474609
RandomForestClassifier,1.0,0.03797197341918945
HistGradientBoostingClassifier,1.0,0.07063698768615723
GradientBoostingClassifier,1.0,0.027278900146484375
ExtraTreesClassifier,1.0,0.029736995697021484
AdaBoostClassifier,1.0,0.06147408485412598
XGBClassifier,1.0,0.03359484672546387
LGBMClassifier,,
CatBoostClassifier,1.0,0.10998916625976562
RadiusNeighborsClassifier,1.0,0.000823974609375
KNeighborsClassifier,1.0,0.0004379749298095703
NearestCentroid,1.0,0.0004177093505859375
QuadraticDiscriminantAnalysis,0.75,0.0007350444793701172
LinearDiscriminantAnalysis,1.0,0.0006937980651855469
GaussianNB,1.0,0.0004782676696777344
BernoulliNB,1.0,0.0006639957427978516
MLPClassifier,1.0,0.12787890434265137
ExtraTreeClassifier,1.0,0.0005059242248535156
DecisionTreeClassifier,1.0,0.0004420280456542969
LabelSpreading,1.0,0.001867055892944336
LabelPropagation,1.0,0.0015568733215332031
DummyClassifier,0.75,0.00022077560424804688
