classifier,score,time
SVC,1.0,0.010154008865356445
SGDClassifier,1.0,0.005486965179443359
RidgeClassifierCV,1.0,0.5111250877380371
RidgeClassifier,1.0,0.05463600158691406
Perceptron,1.0,0.003111124038696289
PassiveAggressiveClassifier,1.0,0.007047891616821289
LogisticRegressionCV,0.993103448275862,0.748924970626831
LogisticRegression,1.0,0.06169915199279785
LinearSVC,1.0,0.005959033966064453
RandomForestClassifier,1.0,0.1271359920501709
HistGradientBoostingClassifier,1.0,0.9815459251403809
GradientBoostingClassifier,1.0,0.17931389808654785
ExtraTreesClassifier,1.0,0.08152103424072266
AdaBoostClassifier,1.0,0.158339262008667
XGBClassifier,1.0,0.12176895141601562
LGBMClassifier,1.0,0.34224605560302734
CatBoostClassifier,1.0,0.15868520736694336
RadiusNeighborsClassifier,,
KNeighborsClassifier,1.0,0.0018401145935058594
NearestCentroid,0.9862068965517241,0.0020329952239990234
QuadraticDiscriminantAnalysis,0.993103448275862,1.2373440265655518
LinearDiscriminantAnalysis,0.993103448275862,0.45467591285705566
GaussianNB,1.0,0.003628969192504883
BernoulliNB,0.993103448275862,0.0062558650970458984
MLPClassifier,0.993103448275862,2.7821130752563477
ExtraTreeClassifier,0.993103448275862,0.0020830631256103516
DecisionTreeClassifier,1.0,0.0028531551361083984
LabelSpreading,1.0,0.02974414825439453
LabelPropagation,1.0,0.020641088485717773
DummyClassifier,0.5655172413793104,0.0002219676971435547
