classifier,score,time
SVC,0.5740740740740741,0.0015649795532226562
SGDClassifier,0.6296296296296297,0.0008132457733154297
RidgeClassifierCV,0.5740740740740741,0.0012378692626953125
RidgeClassifier,0.5740740740740741,0.0010619163513183594
Perceptron,0.37037037037037035,0.0008370876312255859
PassiveAggressiveClassifier,0.5185185185185185,0.0007381439208984375
LogisticRegressionCV,0.5555555555555556,0.01802229881286621
LogisticRegression,0.5925925925925926,0.0008568763732910156
LinearSVC,0.5555555555555556,0.0005886554718017578
RandomForestClassifier,0.5555555555555556,0.04629087448120117
HistGradientBoostingClassifier,0.48148148148148145,0.2415781021118164
GradientBoostingClassifier,0.5370370370370371,0.0358278751373291
ExtraTreesClassifier,0.5370370370370371,0.035779714584350586
AdaBoostClassifier,0.5740740740740741,0.04999899864196777
XGBClassifier,0.5,0.09978699684143066
LGBMClassifier,0.5185185185185185,0.13666987419128418
CatBoostClassifier,0.5925925925925926,0.03220701217651367
RadiusNeighborsClassifier,0.6296296296296297,0.0010180473327636719
KNeighborsClassifier,0.5370370370370371,0.0007281303405761719
NearestCentroid,0.5555555555555556,0.0004360675811767578
QuadraticDiscriminantAnalysis,0.5555555555555556,0.0005061626434326172
LinearDiscriminantAnalysis,0.5555555555555556,0.0005640983581542969
GaussianNB,0.6111111111111112,0.0004410743713378906
BernoulliNB,0.6296296296296297,0.0005731582641601562
MLPClassifier,0.5370370370370371,0.415773868560791
ExtraTreeClassifier,0.5555555555555556,0.0047550201416015625
DecisionTreeClassifier,0.5370370370370371,0.004203081130981445
LabelSpreading,0.5740740740740741,0.0013780593872070312
LabelPropagation,0.5740740740740741,0.0011382102966308594
DummyClassifier,0.6296296296296297,0.0001270771026611328
