classifier,score,time
SVC,0.9069767441860465,0.0011990070343017578
SGDClassifier,0.8837209302325582,0.0008442401885986328
RidgeClassifierCV,0.8837209302325582,0.0011513233184814453
RidgeClassifier,0.9069767441860465,0.0008189678192138672
Perceptron,0.8837209302325582,0.0006809234619140625
PassiveAggressiveClassifier,0.7441860465116279,0.0005881786346435547
LogisticRegressionCV,0.9069767441860465,0.07449698448181152
LogisticRegression,0.8837209302325582,0.0013811588287353516
LinearSVC,0.8604651162790697,0.00658416748046875
RandomForestClassifier,0.8837209302325582,0.06370401382446289
HistGradientBoostingClassifier,0.8604651162790697,0.2683587074279785
GradientBoostingClassifier,0.8604651162790697,0.05434775352478027
ExtraTreesClassifier,0.8837209302325582,0.0534210205078125
AdaBoostClassifier,0.8837209302325582,0.08888411521911621
XGBClassifier,0.813953488372093,0.05890679359436035
LGBMClassifier,0.8837209302325582,0.12809205055236816
CatBoostClassifier,0.8837209302325582,0.10348320007324219
RadiusNeighborsClassifier,,
KNeighborsClassifier,0.9069767441860465,0.0005171298980712891
NearestCentroid,0.9302325581395349,0.00047707557678222656
QuadraticDiscriminantAnalysis,0.6511627906976745,0.0007801055908203125
LinearDiscriminantAnalysis,0.8604651162790697,0.0008637905120849609
GaussianNB,0.9302325581395349,0.0005290508270263672
BernoulliNB,0.8837209302325582,0.0006730556488037109
MLPClassifier,0.9069767441860465,4.212143659591675
ExtraTreeClassifier,0.813953488372093,0.0006008148193359375
DecisionTreeClassifier,0.8372093023255814,0.0008118152618408203
LabelSpreading,0.8372093023255814,0.009038209915161133
LabelPropagation,0.8372093023255814,0.0029261112213134766
DummyClassifier,0.5813953488372093,9.775161743164062e-05
