classifier,score,time
SVC,0.8372093023255814,0.0011341571807861328
SGDClassifier,0.8372093023255814,0.0008349418640136719
RidgeClassifierCV,0.8604651162790697,0.0027909278869628906
RidgeClassifier,0.8604651162790697,0.0012481212615966797
Perceptron,0.8372093023255814,0.0007517337799072266
PassiveAggressiveClassifier,0.8372093023255814,0.0005900859832763672
LogisticRegressionCV,0.813953488372093,0.07694005966186523
LogisticRegression,0.8372093023255814,0.0013108253479003906
LinearSVC,0.8372093023255814,0.0007202625274658203
RandomForestClassifier,0.7906976744186046,0.04464101791381836
HistGradientBoostingClassifier,0.7209302325581395,0.2071678638458252
GradientBoostingClassifier,0.7441860465116279,0.04489779472351074
ExtraTreesClassifier,0.8372093023255814,0.033930063247680664
AdaBoostClassifier,0.6976744186046512,0.052316904067993164
XGBClassifier,0.813953488372093,0.07985591888427734
LGBMClassifier,0.7441860465116279,0.1322932243347168
CatBoostClassifier,0.813953488372093,0.10359501838684082
RadiusNeighborsClassifier,,
KNeighborsClassifier,0.8372093023255814,0.0005140304565429688
NearestCentroid,0.8372093023255814,0.0007982254028320312
QuadraticDiscriminantAnalysis,0.6744186046511628,0.0008089542388916016
LinearDiscriminantAnalysis,0.8837209302325582,0.0008771419525146484
GaussianNB,0.8372093023255814,0.0005278587341308594
BernoulliNB,0.813953488372093,0.0006861686706542969
MLPClassifier,0.8372093023255814,3.7068839073181152
ExtraTreeClassifier,0.7674418604651163,0.006381988525390625
DecisionTreeClassifier,0.813953488372093,0.002216815948486328
LabelSpreading,0.6976744186046512,0.014203071594238281
LabelPropagation,0.7209302325581395,0.011069774627685547
DummyClassifier,0.627906976744186,0.00010609626770019531
