classifier,score,time
SVC,0.9561830574488802,0.06957507133483887
SGDClassifier,0.815968841285297,0.004635810852050781
RidgeClassifierCV,0.8218111002921129,0.04303479194641113
RidgeClassifier,0.8218111002921129,0.0075681209564208984
Perceptron,0.8208373904576436,0.005120992660522461
PassiveAggressiveClassifier,0.7526777020447907,0.0026378631591796875
LogisticRegressionCV,0.818889970788705,0.3913910388946533
LogisticRegression,0.8227848101265823,0.017426729202270508
LinearSVC,0.8218111002921129,0.0035800933837890625
RandomForestClassifier,0.9922103213242454,0.3299570083618164
HistGradientBoostingClassifier,0.994157740993184,0.8675670623779297
GradientBoostingClassifier,0.9990262901655307,0.3833150863647461
ExtraTreesClassifier,0.9795520934761441,0.13734102249145508
AdaBoostClassifier,0.9990262901655307,0.24847912788391113
XGBClassifier,0.9961051606621227,0.05642986297607422
LGBMClassifier,,
CatBoostClassifier,0.994157740993184,0.16300368309020996
RadiusNeighborsClassifier,0.626095423563778,0.0016989707946777344
KNeighborsClassifier,0.9649464459591042,0.001477956771850586
NearestCentroid,0.7565725413826679,0.0006749629974365234
QuadraticDiscriminantAnalysis,0.8120740019474196,0.0020308494567871094
LinearDiscriminantAnalysis,0.8237585199610516,0.011789083480834961
GaussianNB,0.7195715676728335,0.0032188892364501953
BernoulliNB,0.6338851022395326,0.0033769607543945312
MLPClassifier,0.9805258033106135,10.335989952087402
ExtraTreeClassifier,0.9104186952288218,0.002833843231201172
DecisionTreeClassifier,0.9990262901655307,0.008769989013671875
LabelSpreading,0.9493670886075949,0.3337838649749756
LabelPropagation,0.9513145082765336,0.20666718482971191
DummyClassifier,0.626095423563778,0.00045108795166015625
