classifier,score,time
SVC,0.8360655737704918,0.0017151832580566406
SGDClassifier,0.8524590163934426,0.000736236572265625
RidgeClassifierCV,0.8688524590163934,0.0013668537139892578
RidgeClassifier,0.8688524590163934,0.0008642673492431641
Perceptron,0.7213114754098361,0.0007364749908447266
PassiveAggressiveClassifier,0.8524590163934426,0.0006680488586425781
LogisticRegressionCV,0.8524590163934426,0.03239083290100098
LogisticRegression,0.8524590163934426,0.0015590190887451172
LinearSVC,0.8524590163934426,0.0007348060607910156
RandomForestClassifier,0.8524590163934426,0.04667305946350098
HistGradientBoostingClassifier,0.8688524590163934,0.24431514739990234
GradientBoostingClassifier,0.8524590163934426,0.05155301094055176
ExtraTreesClassifier,0.8360655737704918,0.036595821380615234
AdaBoostClassifier,0.819672131147541,0.0550079345703125
XGBClassifier,0.8524590163934426,0.09249496459960938
LGBMClassifier,0.8524590163934426,0.1762988567352295
CatBoostClassifier,0.8852459016393442,0.15343594551086426
RadiusNeighborsClassifier,,
KNeighborsClassifier,0.8688524590163934,0.0015528202056884766
NearestCentroid,0.8688524590163934,0.0005280971527099609
QuadraticDiscriminantAnalysis,0.7540983606557377,0.0010488033294677734
LinearDiscriminantAnalysis,0.8688524590163934,0.0010001659393310547
GaussianNB,0.7868852459016393,0.0005481243133544922
BernoulliNB,0.8852459016393442,0.0007429122924804688
MLPClassifier,0.819672131147541,0.6883761882781982
ExtraTreeClassifier,0.7213114754098361,0.0061800479888916016
DecisionTreeClassifier,0.819672131147541,0.0038139820098876953
LabelSpreading,0.8032786885245902,0.0014247894287109375
LabelPropagation,0.8032786885245902,0.0008990764617919922
DummyClassifier,0.4262295081967213,8.702278137207031e-05
