classifier,score,time
SVC,0.7413793103448276,0.0058841705322265625
SGDClassifier,0.5,0.002736806869506836
RidgeClassifierCV,0.7586206896551724,0.37601613998413086
RidgeClassifier,0.7068965517241379,0.03210115432739258
Perceptron,0.6724137931034483,0.0013058185577392578
PassiveAggressiveClassifier,0.5517241379310345,0.0013229846954345703
LogisticRegressionCV,0.7241379310344828,0.09715390205383301
LogisticRegression,0.7413793103448276,0.03190207481384277
LinearSVC,0.7068965517241379,0.0020499229431152344
RandomForestClassifier,0.7241379310344828,0.13493800163269043
HistGradientBoostingClassifier,0.7068965517241379,0.5692539215087891
GradientBoostingClassifier,0.7068965517241379,0.08952593803405762
ExtraTreesClassifier,0.7413793103448276,0.09742188453674316
AdaBoostClassifier,0.7241379310344828,0.11496090888977051
XGBClassifier,0.7413793103448276,0.19620895385742188
LGBMClassifier,0.7413793103448276,0.2084980010986328
CatBoostClassifier,0.7413793103448276,0.1587049961090088
RadiusNeighborsClassifier,,
KNeighborsClassifier,0.7241379310344828,0.0009331703186035156
NearestCentroid,0.8103448275862069,0.0009369850158691406
QuadraticDiscriminantAnalysis,0.3793103448275862,0.01846599578857422
LinearDiscriminantAnalysis,0.7068965517241379,0.24218106269836426
GaussianNB,0.5,0.001027822494506836
BernoulliNB,0.7586206896551724,0.0011959075927734375
MLPClassifier,0.7068965517241379,9.187364101409912
ExtraTreeClassifier,0.7068965517241379,0.00179290771484375
DecisionTreeClassifier,0.6551724137931034,0.004333019256591797
LabelSpreading,0.7068965517241379,0.015155315399169922
LabelPropagation,0.7241379310344828,0.011747121810913086
DummyClassifier,0.6724137931034483,0.0003581047058105469
