classifier,score,time
SVC,,
SGDClassifier,,
RidgeClassifierCV,1.0,0.18078064918518066
RidgeClassifier,1.0,0.01637887954711914
Perceptron,,
PassiveAggressiveClassifier,,
LogisticRegressionCV,,
LogisticRegression,,
LinearSVC,,
RandomForestClassifier,1.0,0.07520818710327148
HistGradientBoostingClassifier,1.0,0.053349971771240234
GradientBoostingClassifier,,
ExtraTreesClassifier,1.0,0.02809596061706543
AdaBoostClassifier,1.0,0.0013077259063720703
XGBClassifier,1.0,0.0310518741607666
LGBMClassifier,1.0,0.0041637420654296875
CatBoostClassifier,,
RadiusNeighborsClassifier,,
KNeighborsClassifier,1.0,0.0005078315734863281
NearestCentroid,,
QuadraticDiscriminantAnalysis,,
LinearDiscriminantAnalysis,1.0,0.001499176025390625
GaussianNB,1.0,0.0005860328674316406
BernoulliNB,1.0,0.0228731632232666
MLPClassifier,1.0,0.4858710765838623
ExtraTreeClassifier,1.0,0.0005469322204589844
DecisionTreeClassifier,1.0,0.00047016143798828125
LabelSpreading,1.0,0.002546072006225586
LabelPropagation,1.0,0.005566120147705078
DummyClassifier,1.0,0.000102996826171875
