classifier,score,time
SVC,0.8837209302325582,0.0011987686157226562
SGDClassifier,0.8837209302325582,0.0008809566497802734
RidgeClassifierCV,0.9302325581395349,0.001280069351196289
RidgeClassifier,0.9302325581395349,0.0008730888366699219
Perceptron,0.9069767441860465,0.0006678104400634766
PassiveAggressiveClassifier,0.9069767441860465,0.0005741119384765625
LogisticRegressionCV,0.8372093023255814,0.03113579750061035
LogisticRegression,0.9069767441860465,0.0016748905181884766
LinearSVC,0.9302325581395349,0.0006852149963378906
RandomForestClassifier,0.8837209302325582,0.04525899887084961
HistGradientBoostingClassifier,0.8604651162790697,0.1889021396636963
GradientBoostingClassifier,0.7906976744186046,0.04569220542907715
ExtraTreesClassifier,0.8372093023255814,0.034623146057128906
AdaBoostClassifier,0.7441860465116279,0.05637693405151367
XGBClassifier,0.813953488372093,0.07071185111999512
LGBMClassifier,0.8837209302325582,0.13065385818481445
CatBoostClassifier,0.8604651162790697,0.15400004386901855
RadiusNeighborsClassifier,,
KNeighborsClassifier,0.8837209302325582,0.0014858245849609375
NearestCentroid,0.9069767441860465,0.000560760498046875
QuadraticDiscriminantAnalysis,0.6744186046511628,0.0010271072387695312
LinearDiscriminantAnalysis,0.9302325581395349,0.0009191036224365234
GaussianNB,0.7906976744186046,0.0005407333374023438
BernoulliNB,0.8837209302325582,0.0007169246673583984
MLPClassifier,0.8604651162790697,0.8430120944976807
ExtraTreeClassifier,0.6744186046511628,0.0006279945373535156
DecisionTreeClassifier,0.6976744186046512,0.0008208751678466797
LabelSpreading,0.8604651162790697,0.0009620189666748047
LabelPropagation,0.8604651162790697,0.0007507801055908203
DummyClassifier,0.627906976744186,8.606910705566406e-05
