classifier,score,time
SVC,,
SGDClassifier,,
RidgeClassifierCV,1.0,0.1487586498260498
RidgeClassifier,1.0,0.019849061965942383
Perceptron,,
PassiveAggressiveClassifier,,
LogisticRegressionCV,,
LogisticRegression,,
LinearSVC,,
RandomForestClassifier,1.0,0.09086298942565918
HistGradientBoostingClassifier,1.0,0.05229592323303223
GradientBoostingClassifier,,
ExtraTreesClassifier,1.0,0.027601957321166992
AdaBoostClassifier,1.0,0.0011990070343017578
XGBClassifier,1.0,0.0321500301361084
LGBMClassifier,1.0,0.005131959915161133
CatBoostClassifier,,
RadiusNeighborsClassifier,,
KNeighborsClassifier,1.0,0.0014681816101074219
NearestCentroid,,
QuadraticDiscriminantAnalysis,,
LinearDiscriminantAnalysis,1.0,0.0013551712036132812
GaussianNB,1.0,0.0005681514739990234
BernoulliNB,1.0,0.02100205421447754
MLPClassifier,1.0,0.3616340160369873
ExtraTreeClassifier,1.0,0.001837015151977539
DecisionTreeClassifier,1.0,0.0013229846954345703
LabelSpreading,1.0,0.004296064376831055
LabelPropagation,1.0,0.0017600059509277344
DummyClassifier,1.0,9.512901306152344e-05
