classifier,score,time
SVC,,
SGDClassifier,,
RidgeClassifierCV,1.0,0.30115675926208496
RidgeClassifier,1.0,0.008219003677368164
Perceptron,,
PassiveAggressiveClassifier,,
LogisticRegressionCV,,
LogisticRegression,,
LinearSVC,,
RandomForestClassifier,1.0,0.061311960220336914
HistGradientBoostingClassifier,1.0,0.23483014106750488
GradientBoostingClassifier,,
ExtraTreesClassifier,1.0,0.028529882431030273
AdaBoostClassifier,1.0,0.001104116439819336
XGBClassifier,1.0,0.036676883697509766
LGBMClassifier,1.0,0.0033800601959228516
CatBoostClassifier,,
RadiusNeighborsClassifier,,
KNeighborsClassifier,1.0,0.0005590915679931641
NearestCentroid,,
QuadraticDiscriminantAnalysis,,
LinearDiscriminantAnalysis,1.0,0.005190134048461914
GaussianNB,1.0,0.0025849342346191406
BernoulliNB,1.0,0.08356904983520508
MLPClassifier,1.0,0.7926559448242188
ExtraTreeClassifier,1.0,0.0006451606750488281
DecisionTreeClassifier,1.0,0.0004706382751464844
LabelSpreading,1.0,0.0251619815826416
LabelPropagation,1.0,0.0058460235595703125
DummyClassifier,1.0,0.00031113624572753906
