classifier,score,time
SVC,,
SGDClassifier,,
RidgeClassifierCV,1.0,0.16994380950927734
RidgeClassifier,1.0,0.061280012130737305
Perceptron,,
PassiveAggressiveClassifier,,
LogisticRegressionCV,,
LogisticRegression,,
LinearSVC,,
RandomForestClassifier,1.0,0.0727229118347168
HistGradientBoostingClassifier,1.0,0.057315826416015625
GradientBoostingClassifier,,
ExtraTreesClassifier,1.0,0.027877092361450195
AdaBoostClassifier,1.0,0.0012052059173583984
XGBClassifier,1.0,0.05611109733581543
LGBMClassifier,1.0,0.004636287689208984
CatBoostClassifier,,
RadiusNeighborsClassifier,,
KNeighborsClassifier,1.0,0.0014989376068115234
NearestCentroid,,
QuadraticDiscriminantAnalysis,,
LinearDiscriminantAnalysis,1.0,0.001809835433959961
GaussianNB,1.0,0.0005698204040527344
BernoulliNB,1.0,0.03187298774719238
MLPClassifier,1.0,0.3427581787109375
ExtraTreeClassifier,1.0,0.0015048980712890625
DecisionTreeClassifier,1.0,0.0014538764953613281
LabelSpreading,1.0,0.015491962432861328
LabelPropagation,1.0,0.004724979400634766
DummyClassifier,1.0,0.0002586841583251953
