classifier,score,time
SVC,0.7166666666666667,0.0016682147979736328
SGDClassifier,0.6666666666666666,0.0011067390441894531
RidgeClassifierCV,0.8666666666666667,0.0012769699096679688
RidgeClassifier,0.8666666666666667,0.0008609294891357422
Perceptron,0.6,0.0007169246673583984
PassiveAggressiveClassifier,0.7166666666666667,0.0006151199340820312
LogisticRegressionCV,0.8166666666666667,0.03494596481323242
LogisticRegression,0.8333333333333334,0.0023200511932373047
LinearSVC,0.8333333333333334,0.0010449886322021484
RandomForestClassifier,0.7833333333333333,0.051705121994018555
HistGradientBoostingClassifier,0.8333333333333334,0.30167508125305176
GradientBoostingClassifier,0.7666666666666667,0.05901598930358887
ExtraTreesClassifier,0.7166666666666667,0.043984174728393555
AdaBoostClassifier,0.75,0.05854916572570801
XGBClassifier,0.8,0.063323974609375
LGBMClassifier,0.8166666666666667,0.15966582298278809
CatBoostClassifier,0.8333333333333334,0.139862060546875
RadiusNeighborsClassifier,,
KNeighborsClassifier,0.7166666666666667,0.0015878677368164062
NearestCentroid,0.7333333333333333,0.0005478858947753906
QuadraticDiscriminantAnalysis,0.6833333333333333,0.0008831024169921875
LinearDiscriminantAnalysis,0.8333333333333334,0.0008220672607421875
GaussianNB,0.75,0.0005168914794921875
BernoulliNB,0.7166666666666667,0.0006871223449707031
MLPClassifier,0.8,0.6255910396575928
ExtraTreeClassifier,0.6333333333333333,0.0006308555603027344
DecisionTreeClassifier,0.7833333333333333,0.0009479522705078125
LabelSpreading,0.7166666666666667,0.0054399967193603516
LabelPropagation,0.7,0.0009469985961914062
DummyClassifier,0.7166666666666667,8.511543273925781e-05
