classifier,score,time
SVC,0.8360655737704918,0.0016827583312988281
SGDClassifier,0.8688524590163934,0.0010232925415039062
RidgeClassifierCV,0.8360655737704918,0.001425027847290039
RidgeClassifier,0.8360655737704918,0.0009047985076904297
Perceptron,0.8852459016393442,0.0007421970367431641
PassiveAggressiveClassifier,0.819672131147541,0.0006318092346191406
LogisticRegressionCV,0.8688524590163934,0.060443878173828125
LogisticRegression,0.8524590163934426,0.0011677742004394531
LinearSVC,0.8524590163934426,0.0007369518280029297
RandomForestClassifier,0.8360655737704918,0.11866593360900879
HistGradientBoostingClassifier,0.8360655737704918,0.2110757827758789
GradientBoostingClassifier,0.7868852459016393,0.052088022232055664
ExtraTreesClassifier,0.7868852459016393,0.03666400909423828
AdaBoostClassifier,0.819672131147541,0.05601096153259277
XGBClassifier,0.819672131147541,0.06552863121032715
LGBMClassifier,0.819672131147541,0.15686678886413574
CatBoostClassifier,0.8524590163934426,0.15313506126403809
RadiusNeighborsClassifier,,
KNeighborsClassifier,0.7868852459016393,0.0006630420684814453
NearestCentroid,0.8524590163934426,0.0005099773406982422
QuadraticDiscriminantAnalysis,0.5245901639344263,0.0011188983917236328
LinearDiscriminantAnalysis,0.8360655737704918,0.0009860992431640625
GaussianNB,0.7049180327868853,0.0005590915679931641
BernoulliNB,0.8360655737704918,0.0007419586181640625
MLPClassifier,0.7704918032786885,2.0788779258728027
ExtraTreeClassifier,0.7377049180327869,0.0006971359252929688
DecisionTreeClassifier,0.7704918032786885,0.0009748935699462891
LabelSpreading,0.7377049180327869,0.0017857551574707031
LabelPropagation,0.7377049180327869,0.0029952526092529297
DummyClassifier,0.5409836065573771,0.00010585784912109375
