classifier,score,time
SVC,,
SGDClassifier,,
RidgeClassifierCV,1.0,0.2697780132293701
RidgeClassifier,1.0,0.02434706687927246
Perceptron,,
PassiveAggressiveClassifier,,
LogisticRegressionCV,,
LogisticRegression,,
LinearSVC,,
RandomForestClassifier,1.0,0.10418415069580078
HistGradientBoostingClassifier,1.0,0.0517420768737793
GradientBoostingClassifier,,
ExtraTreesClassifier,1.0,0.03496408462524414
AdaBoostClassifier,1.0,0.002010822296142578
XGBClassifier,,
LGBMClassifier,1.0,0.01275324821472168
CatBoostClassifier,,
RadiusNeighborsClassifier,,
KNeighborsClassifier,1.0,0.03743410110473633
NearestCentroid,,
QuadraticDiscriminantAnalysis,,
LinearDiscriminantAnalysis,1.0,0.15992498397827148
GaussianNB,1.0,0.016318082809448242
BernoulliNB,1.0,0.02517223358154297
MLPClassifier,1.0,0.25301504135131836
ExtraTreeClassifier,1.0,0.001146078109741211
DecisionTreeClassifier,1.0,0.0010311603546142578
LabelSpreading,1.0,0.009749412536621094
LabelPropagation,1.0,0.012989997863769531
DummyClassifier,1.0,0.00012683868408203125
