classifier,score,time
SVC,0.948051948051948,0.002017974853515625
SGDClassifier,0.935064935064935,0.0010159015655517578
RidgeClassifierCV,0.948051948051948,0.20256781578063965
RidgeClassifier,0.948051948051948,0.06720614433288574
Perceptron,0.948051948051948,0.0010058879852294922
PassiveAggressiveClassifier,0.922077922077922,0.001065969467163086
LogisticRegressionCV,0.935064935064935,0.13611817359924316
LogisticRegression,0.935064935064935,0.005656719207763672
LinearSVC,0.935064935064935,0.002471923828125
RandomForestClassifier,0.948051948051948,0.0692911148071289
HistGradientBoostingClassifier,0.961038961038961,0.25957775115966797
GradientBoostingClassifier,0.948051948051948,0.0501558780670166
ExtraTreesClassifier,0.948051948051948,0.03780698776245117
AdaBoostClassifier,0.948051948051948,0.055693626403808594
XGBClassifier,0.948051948051948,0.06899118423461914
LGBMClassifier,0.948051948051948,0.22423815727233887
CatBoostClassifier,0.948051948051948,0.1587660312652588
RadiusNeighborsClassifier,,
KNeighborsClassifier,0.9090909090909091,0.001528024673461914
NearestCentroid,0.8701298701298701,0.0005998611450195312
QuadraticDiscriminantAnalysis,0.922077922077922,0.20414996147155762
LinearDiscriminantAnalysis,0.948051948051948,0.26638078689575195
GaussianNB,0.9090909090909091,0.0006871223449707031
BernoulliNB,0.8961038961038961,0.0008609294891357422
MLPClassifier,0.948051948051948,0.7239329814910889
ExtraTreeClassifier,0.935064935064935,0.0006589889526367188
DecisionTreeClassifier,0.948051948051948,0.0007810592651367188
LabelSpreading,0.8961038961038961,0.0018019676208496094
LabelPropagation,0.9090909090909091,0.0016639232635498047
DummyClassifier,0.6623376623376623,8.606910705566406e-05
