classifier,score,time
SVC,0.9635036496350365,0.014199018478393555
SGDClassifier,0.9416058394160584,0.0027048587799072266
RidgeClassifierCV,0.9562043795620438,0.38115501403808594
RidgeClassifier,0.9635036496350365,0.0014531612396240234
Perceptron,0.948905109489051,0.001501321792602539
PassiveAggressiveClassifier,0.948905109489051,0.003515005111694336
LogisticRegressionCV,0.9635036496350365,0.5687758922576904
LogisticRegression,0.9562043795620438,0.07361912727355957
LinearSVC,0.9562043795620438,0.0013203620910644531
RandomForestClassifier,0.948905109489051,0.08695697784423828
HistGradientBoostingClassifier,0.9635036496350365,0.8717420101165771
GradientBoostingClassifier,0.948905109489051,0.09454989433288574
ExtraTreesClassifier,0.948905109489051,0.050683021545410156
AdaBoostClassifier,0.9416058394160584,0.0900881290435791
XGBClassifier,0.9343065693430657,0.13190078735351562
LGBMClassifier,0.9343065693430657,0.33418917655944824
CatBoostClassifier,0.9562043795620438,0.05225181579589844
RadiusNeighborsClassifier,,
KNeighborsClassifier,0.9416058394160584,0.0007920265197753906
NearestCentroid,0.9635036496350365,0.0007381439208984375
QuadraticDiscriminantAnalysis,0.9343065693430657,0.0180661678314209
LinearDiscriminantAnalysis,0.9635036496350365,0.2994070053100586
GaussianNB,0.948905109489051,0.005125999450683594
BernoulliNB,0.9708029197080292,0.0010478496551513672
MLPClassifier,0.9562043795620438,4.057043790817261
ExtraTreeClassifier,0.948905109489051,0.0019800662994384766
DecisionTreeClassifier,0.9197080291970803,0.0020101070404052734
LabelSpreading,0.9416058394160584,0.015597820281982422
LabelPropagation,0.9416058394160584,0.017528057098388672
DummyClassifier,0.656934306569343,0.003145933151245117
