classifier,score,time
SVC,0.9219512195121952,0.009079217910766602
SGDClassifier,0.8390243902439024,0.002095937728881836
RidgeClassifierCV,0.8634146341463415,0.134840726852417
RidgeClassifier,0.8634146341463415,0.09271502494812012
Perceptron,0.8585365853658536,0.0035049915313720703
PassiveAggressiveClassifier,0.8,0.0031239986419677734
LogisticRegressionCV,0.8731707317073171,0.10556411743164062
LogisticRegression,0.8439024390243902,0.006519794464111328
LinearSVC,0.8585365853658536,0.0024492740631103516
RandomForestClassifier,1.0,0.08521795272827148
HistGradientBoostingClassifier,1.0,0.758660078048706
GradientBoostingClassifier,0.9512195121951219,0.09851694107055664
ExtraTreesClassifier,1.0,0.050023794174194336
AdaBoostClassifier,0.9219512195121952,0.07659912109375
XGBClassifier,1.0,0.05030703544616699
LGBMClassifier,1.0,0.35875511169433594
CatBoostClassifier,0.9853658536585366,0.16562914848327637
RadiusNeighborsClassifier,0.8878048780487805,0.0007050037384033203
KNeighborsClassifier,0.7804878048780488,0.0006711483001708984
NearestCentroid,0.8195121951219512,0.0005621910095214844
QuadraticDiscriminantAnalysis,0.8097560975609757,0.011913061141967773
LinearDiscriminantAnalysis,0.8634146341463415,0.27435779571533203
GaussianNB,0.8341463414634146,0.004203081130981445
BernoulliNB,0.8195121951219512,0.005343198776245117
MLPClassifier,0.9609756097560975,1.8951220512390137
ExtraTreeClassifier,1.0,0.0019922256469726562
DecisionTreeClassifier,1.0,0.003869771957397461
LabelSpreading,0.9707317073170731,0.015592098236083984
LabelPropagation,0.9707317073170731,0.006371021270751953
DummyClassifier,0.4682926829268293,0.00010895729064941406
