classifier,score,time
SVC,0.9625,0.3677246570587158
SGDClassifier,0.9155,0.012682914733886719
RidgeClassifierCV,0.887,0.021430015563964844
RidgeClassifier,0.8925,0.011571884155273438
Perceptron,0.811,0.01795506477355957
PassiveAggressiveClassifier,0.746,0.00918722152709961
LogisticRegressionCV,0.8895,0.8943490982055664
LogisticRegression,0.897,0.030382156372070312
LinearSVC,0.879,0.017557144165039062
RandomForestClassifier,0.97,0.4824240207672119
HistGradientBoostingClassifier,0.974,0.7094070911407471
GradientBoostingClassifier,0.966,0.8820936679840088
ExtraTreesClassifier,0.9735,0.28174495697021484
AdaBoostClassifier,0.9605,0.38994884490966797
XGBClassifier,0.972,0.08539605140686035
LGBMClassifier,,
CatBoostClassifier,0.965,0.1731581687927246
RadiusNeighborsClassifier,0.8495,0.0027740001678466797
KNeighborsClassifier,0.902,0.002482891082763672
NearestCentroid,0.8635,0.0011210441589355469
QuadraticDiscriminantAnalysis,0.8285,0.004024028778076172
LinearDiscriminantAnalysis,0.886,0.024618864059448242
GaussianNB,0.8805,0.004042148590087891
BernoulliNB,0.536,0.005800962448120117
MLPClassifier,0.9785,7.0025107860565186
ExtraTreeClassifier,0.906,0.005954742431640625
DecisionTreeClassifier,0.9705,0.012451171875
LabelSpreading,0.919,1.0349690914154053
LabelPropagation,0.9235,0.5818841457366943
DummyClassifier,0.537,0.00044417381286621094
