classifier,score,time
SVC,1.0,0.0020318031311035156
SGDClassifier,1.0,0.002544879913330078
RidgeClassifierCV,1.0,0.5210638046264648
RidgeClassifier,1.0,0.00811910629272461
Perceptron,1.0,0.002641916275024414
PassiveAggressiveClassifier,1.0,0.005861043930053711
LogisticRegressionCV,1.0,0.4490511417388916
LogisticRegression,1.0,0.05303502082824707
LinearSVC,1.0,0.0074291229248046875
RandomForestClassifier,1.0,0.08853888511657715
HistGradientBoostingClassifier,1.0,0.4559800624847412
GradientBoostingClassifier,1.0,0.03800606727600098
ExtraTreesClassifier,1.0,0.03148317337036133
AdaBoostClassifier,1.0,0.003099203109741211
XGBClassifier,1.0,0.10141491889953613
LGBMClassifier,1.0,0.12785100936889648
CatBoostClassifier,1.0,0.29660820960998535
RadiusNeighborsClassifier,,
KNeighborsClassifier,1.0,0.0025107860565185547
NearestCentroid,1.0,0.0019526481628417969
QuadraticDiscriminantAnalysis,,
LinearDiscriminantAnalysis,1.0,0.03796243667602539
GaussianNB,1.0,0.03330683708190918
BernoulliNB,1.0,0.019636154174804688
MLPClassifier,1.0,0.4555928707122803
ExtraTreeClassifier,1.0,0.0015788078308105469
DecisionTreeClassifier,1.0,0.0017018318176269531
LabelSpreading,0.9655172413793104,0.007149219512939453
LabelPropagation,0.9655172413793104,0.0028569698333740234
DummyClassifier,1.0,0.0002422332763671875
