classifier,score,time
SVC,,
SGDClassifier,,
RidgeClassifierCV,1.0,0.11619925498962402
RidgeClassifier,1.0,0.12578678131103516
Perceptron,,
PassiveAggressiveClassifier,,
LogisticRegressionCV,,
LogisticRegression,,
LinearSVC,,
RandomForestClassifier,1.0,0.07295107841491699
HistGradientBoostingClassifier,1.0,0.0561070442199707
GradientBoostingClassifier,,
ExtraTreesClassifier,1.0,0.03291201591491699
AdaBoostClassifier,1.0,0.0016341209411621094
XGBClassifier,1.0,0.050374746322631836
LGBMClassifier,,
CatBoostClassifier,,
RadiusNeighborsClassifier,,
KNeighborsClassifier,1.0,0.0072841644287109375
NearestCentroid,,
QuadraticDiscriminantAnalysis,,
LinearDiscriminantAnalysis,1.0,0.28025197982788086
GaussianNB,1.0,0.00356292724609375
BernoulliNB,1.0,0.024633169174194336
MLPClassifier,1.0,0.3706328868865967
ExtraTreeClassifier,1.0,0.0021398067474365234
DecisionTreeClassifier,1.0,0.0013768672943115234
LabelSpreading,1.0,0.018245935440063477
LabelPropagation,1.0,0.02374887466430664
DummyClassifier,1.0,0.00014901161193847656
