classifier,score,time
SVC,0.8524590163934426,0.0016629695892333984
SGDClassifier,0.7704918032786885,0.0009682178497314453
RidgeClassifierCV,0.8360655737704918,0.0013151168823242188
RidgeClassifier,0.8688524590163934,0.0008389949798583984
Perceptron,0.7377049180327869,0.0006601810455322266
PassiveAggressiveClassifier,0.7377049180327869,0.0006930828094482422
LogisticRegressionCV,0.8360655737704918,0.03120112419128418
LogisticRegression,0.8360655737704918,0.0012841224670410156
LinearSVC,0.8524590163934426,0.0007491111755371094
RandomForestClassifier,0.819672131147541,0.04641890525817871
HistGradientBoostingClassifier,0.819672131147541,0.2144923210144043
GradientBoostingClassifier,0.819672131147541,0.05149126052856445
ExtraTreesClassifier,0.8688524590163934,0.036834001541137695
AdaBoostClassifier,0.8032786885245902,0.055528879165649414
XGBClassifier,0.7868852459016393,0.07012701034545898
LGBMClassifier,0.819672131147541,0.13605308532714844
CatBoostClassifier,0.8688524590163934,0.1561448574066162
RadiusNeighborsClassifier,,
KNeighborsClassifier,0.8360655737704918,0.001497030258178711
NearestCentroid,0.8524590163934426,0.0005199909210205078
QuadraticDiscriminantAnalysis,0.7377049180327869,0.0010368824005126953
LinearDiscriminantAnalysis,0.8524590163934426,0.000982046127319336
GaussianNB,0.7377049180327869,0.0005450248718261719
BernoulliNB,0.8360655737704918,0.0007460117340087891
MLPClassifier,0.8032786885245902,0.8444766998291016
ExtraTreeClassifier,0.8032786885245902,0.0006961822509765625
DecisionTreeClassifier,0.7377049180327869,0.000990152359008789
LabelSpreading,0.8852459016393442,0.005469799041748047
LabelPropagation,0.8852459016393442,0.002752065658569336
DummyClassifier,0.5409836065573771,9.489059448242188e-05
