classifier,score,time
SVC,0.967741935483871,0.0013229846954345703
SGDClassifier,0.9838709677419355,0.0016858577728271484
RidgeClassifierCV,0.9838709677419355,0.0017998218536376953
RidgeClassifier,0.9838709677419355,0.0011081695556640625
Perceptron,0.8548387096774194,0.0007531642913818359
PassiveAggressiveClassifier,0.9838709677419355,0.0011379718780517578
LogisticRegressionCV,0.9838709677419355,0.03027486801147461
LogisticRegression,0.9838709677419355,0.00167083740234375
LinearSVC,0.9838709677419355,0.0014281272888183594
RandomForestClassifier,0.9193548387096774,0.044235944747924805
HistGradientBoostingClassifier,0.967741935483871,0.3006880283355713
GradientBoostingClassifier,0.9838709677419355,0.044901132583618164
ExtraTreesClassifier,0.9193548387096774,0.0347142219543457
AdaBoostClassifier,0.9838709677419355,0.05420279502868652
XGBClassifier,0.967741935483871,0.08647775650024414
LGBMClassifier,0.9516129032258065,0.15926098823547363
CatBoostClassifier,0.967741935483871,0.10226702690124512
RadiusNeighborsClassifier,,
KNeighborsClassifier,0.967741935483871,0.00047898292541503906
NearestCentroid,0.9838709677419355,0.0012030601501464844
QuadraticDiscriminantAnalysis,0.9193548387096774,0.0009260177612304688
LinearDiscriminantAnalysis,0.9838709677419355,0.0009720325469970703
GaussianNB,0.9838709677419355,0.0005559921264648438
BernoulliNB,0.9838709677419355,0.0014629364013671875
MLPClassifier,0.9193548387096774,3.3845858573913574
ExtraTreeClassifier,0.8870967741935484,0.0006229877471923828
DecisionTreeClassifier,0.9032258064516129,0.0007650852203369141
LabelSpreading,0.9193548387096774,0.0012507438659667969
LabelPropagation,0.9193548387096774,0.008381366729736328
DummyClassifier,0.9354838709677419,0.00011706352233886719
