classifier,score,time
SVC,0.9761904761904762,0.0035228729248046875
SGDClassifier,0.9761904761904762,0.0015020370483398438
RidgeClassifierCV,0.9761904761904762,0.21090412139892578
RidgeClassifier,0.9761904761904762,0.06746697425842285
Perceptron,0.9702380952380952,0.0015101432800292969
PassiveAggressiveClassifier,0.9761904761904762,0.0013110637664794922
LogisticRegressionCV,0.9761904761904762,0.07975983619689941
LogisticRegression,0.9761904761904762,0.003344297409057617
LinearSVC,0.9761904761904762,0.0015249252319335938
RandomForestClassifier,0.9642857142857143,0.07487607002258301
HistGradientBoostingClassifier,0.9464285714285714,0.5097191333770752
GradientBoostingClassifier,0.9642857142857143,0.07726788520812988
ExtraTreesClassifier,0.9404761904761905,0.054215192794799805
AdaBoostClassifier,0.9761904761904762,0.07660412788391113
XGBClassifier,0.9523809523809523,0.05013012886047363
LGBMClassifier,0.9523809523809523,0.36693406105041504
CatBoostClassifier,0.9761904761904762,0.19089627265930176
RadiusNeighborsClassifier,,
KNeighborsClassifier,0.9761904761904762,0.0006289482116699219
NearestCentroid,0.7083333333333334,0.0018439292907714844
QuadraticDiscriminantAnalysis,0.9761904761904762,0.19787907600402832
LinearDiscriminantAnalysis,0.9523809523809523,0.26867198944091797
GaussianNB,0.5178571428571429,0.0007491111755371094
BernoulliNB,0.9285714285714286,0.0009551048278808594
MLPClassifier,0.9761904761904762,1.4954211711883545
ExtraTreeClassifier,0.9285714285714286,0.0020008087158203125
DecisionTreeClassifier,0.9404761904761905,0.0025370121002197266
LabelSpreading,0.9523809523809523,0.01961207389831543
LabelPropagation,0.9464285714285714,0.003480195999145508
DummyClassifier,0.9761904761904762,0.00010180473327636719
