classifier,score,time
SVC,0.6666666666666666,0.001605987548828125
SGDClassifier,0.5833333333333334,0.0019388198852539062
RidgeClassifierCV,0.5833333333333334,0.0010900497436523438
RidgeClassifier,0.5833333333333334,0.0007297992706298828
Perceptron,0.6666666666666666,0.0006639957427978516
PassiveAggressiveClassifier,0.6666666666666666,0.00043582916259765625
LogisticRegressionCV,0.6666666666666666,0.057301998138427734
LogisticRegression,0.5833333333333334,0.0009579658508300781
LinearSVC,0.5833333333333334,0.0019788742065429688
RandomForestClassifier,0.5833333333333334,0.06234002113342285
HistGradientBoostingClassifier,0.5833333333333334,0.13006806373596191
GradientBoostingClassifier,0.5833333333333334,0.024389266967773438
ExtraTreesClassifier,0.6666666666666666,0.02835988998413086
AdaBoostClassifier,0.5833333333333334,0.044950008392333984
XGBClassifier,0.5833333333333334,0.06949305534362793
LGBMClassifier,0.5833333333333334,0.03336501121520996
CatBoostClassifier,0.5833333333333334,0.010374307632446289
RadiusNeighborsClassifier,0.5833333333333334,0.0020918846130371094
KNeighborsClassifier,0.5833333333333334,0.0004260540008544922
NearestCentroid,0.5833333333333334,0.0004398822784423828
QuadraticDiscriminantAnalysis,0.5833333333333334,0.0007059574127197266
LinearDiscriminantAnalysis,0.5833333333333334,0.0010292530059814453
GaussianNB,0.5833333333333334,0.0007328987121582031
BernoulliNB,0.5833333333333334,0.0007219314575195312
MLPClassifier,0.5833333333333334,0.04445385932922363
ExtraTreeClassifier,0.6666666666666666,0.0004811286926269531
DecisionTreeClassifier,0.6666666666666666,0.00039315223693847656
LabelSpreading,0.6666666666666666,0.0004942417144775391
LabelPropagation,0.6666666666666666,0.0004181861877441406
DummyClassifier,0.5833333333333334,8.392333984375e-05
