classifier,score,time
SVC,,
SGDClassifier,,
RidgeClassifierCV,1.0,0.24889206886291504
RidgeClassifier,1.0,0.030286073684692383
Perceptron,,
PassiveAggressiveClassifier,,
LogisticRegressionCV,,
LogisticRegression,,
LinearSVC,,
RandomForestClassifier,1.0,0.10921669006347656
HistGradientBoostingClassifier,1.0,0.17354083061218262
GradientBoostingClassifier,,
ExtraTreesClassifier,1.0,0.03643798828125
AdaBoostClassifier,1.0,0.002088785171508789
XGBClassifier,,
LGBMClassifier,1.0,0.014586925506591797
CatBoostClassifier,,
RadiusNeighborsClassifier,,
KNeighborsClassifier,1.0,0.0017001628875732422
NearestCentroid,,
QuadraticDiscriminantAnalysis,,
LinearDiscriminantAnalysis,1.0,0.10162615776062012
GaussianNB,1.0,0.004737138748168945
BernoulliNB,1.0,0.03778409957885742
MLPClassifier,1.0,1.2313897609710693
ExtraTreeClassifier,1.0,0.0016160011291503906
DecisionTreeClassifier,1.0,0.001592874526977539
LabelSpreading,1.0,0.035016775131225586
LabelPropagation,1.0,0.024277687072753906
DummyClassifier,1.0,0.00017905235290527344
