classifier,score,time
SVC,0.9964912280701754,0.008337259292602539
SGDClassifier,0.9929824561403509,0.0014958381652832031
RidgeClassifierCV,0.9754385964912281,0.0014977455139160156
RidgeClassifier,0.9754385964912281,0.0010578632354736328
Perceptron,0.9263157894736842,0.0023131370544433594
PassiveAggressiveClassifier,0.9824561403508771,0.0014219284057617188
LogisticRegressionCV,0.9964912280701754,0.049836158752441406
LogisticRegression,0.9894736842105263,0.002190828323364258
LinearSVC,0.9929824561403509,0.0011818408966064453
RandomForestClassifier,1.0,0.07067704200744629
HistGradientBoostingClassifier,1.0,0.36976003646850586
GradientBoostingClassifier,1.0,0.0929560661315918
ExtraTreesClassifier,1.0,0.07132911682128906
AdaBoostClassifier,1.0,0.11730194091796875
XGBClassifier,1.0,0.061936140060424805
LGBMClassifier,1.0,0.18579506874084473
CatBoostClassifier,1.0,0.05695080757141113
RadiusNeighborsClassifier,0.6421052631578947,0.002298116683959961
KNeighborsClassifier,0.9508771929824561,0.0009539127349853516
NearestCentroid,0.6350877192982456,0.0007550716400146484
QuadraticDiscriminantAnalysis,0.9859649122807017,0.0008518695831298828
LinearDiscriminantAnalysis,0.9754385964912281,0.0016911029815673828
GaussianNB,0.9754385964912281,0.0009882450103759766
BernoulliNB,0.6385964912280702,0.0009448528289794922
MLPClassifier,1.0,10.70264720916748
ExtraTreeClassifier,0.9894736842105263,0.0010828971862792969
DecisionTreeClassifier,1.0,0.004783153533935547
LabelSpreading,0.9789473684210527,0.030280113220214844
LabelPropagation,0.9824561403508771,0.021381139755249023
DummyClassifier,0.5754385964912281,0.0003781318664550781
