classifier,score,time
SVC,0.9714285714285714,0.00489497184753418
SGDClassifier,0.9428571428571428,0.0015301704406738281
RidgeClassifierCV,0.9642857142857143,0.4895329475402832
RidgeClassifier,0.9357142857142857,0.032649993896484375
Perceptron,0.9571428571428572,0.0018222332000732422
PassiveAggressiveClassifier,0.9428571428571428,0.0021049976348876953
LogisticRegressionCV,0.9642857142857143,0.045675039291381836
LogisticRegression,0.9642857142857143,0.004881858825683594
LinearSVC,0.95,0.0030341148376464844
RandomForestClassifier,0.9642857142857143,0.11155200004577637
HistGradientBoostingClassifier,0.9642857142857143,0.4569509029388428
GradientBoostingClassifier,0.9642857142857143,0.08091115951538086
ExtraTreesClassifier,0.9714285714285714,0.042463064193725586
AdaBoostClassifier,0.9642857142857143,0.07194709777832031
XGBClassifier,0.9357142857142857,0.0549161434173584
LGBMClassifier,0.9571428571428572,0.36193418502807617
CatBoostClassifier,0.9571428571428572,0.11707806587219238
RadiusNeighborsClassifier,,
KNeighborsClassifier,0.9428571428571428,0.009399175643920898
NearestCentroid,0.9642857142857143,0.000698089599609375
QuadraticDiscriminantAnalysis,0.95,0.03056025505065918
LinearDiscriminantAnalysis,0.9142857142857143,0.2740969657897949
GaussianNB,0.95,0.0028951168060302734
BernoulliNB,0.9785714285714285,0.003103017807006836
MLPClassifier,0.9642857142857143,0.5027768611907959
ExtraTreeClassifier,0.9071428571428571,0.0008518695831298828
DecisionTreeClassifier,0.95,0.0016591548919677734
LabelSpreading,0.9428571428571428,0.003960847854614258
LabelPropagation,0.9428571428571428,0.002740144729614258
DummyClassifier,0.6357142857142857,0.0001010894775390625
