classifier,score,time
SVC,0.7704918032786885,0.0025200843811035156
SGDClassifier,0.7704918032786885,0.0008590221405029297
RidgeClassifierCV,0.7868852459016393,0.0021119117736816406
RidgeClassifier,0.7868852459016393,0.0010869503021240234
Perceptron,0.8032786885245902,0.007289886474609375
PassiveAggressiveClassifier,0.4918032786885246,0.002079010009765625
LogisticRegressionCV,0.819672131147541,0.06569981575012207
LogisticRegression,0.819672131147541,0.0053861141204833984
LinearSVC,0.819672131147541,0.009144067764282227
RandomForestClassifier,0.8032786885245902,0.08278298377990723
HistGradientBoostingClassifier,0.7868852459016393,0.5186629295349121
GradientBoostingClassifier,0.8032786885245902,0.05422782897949219
ExtraTreesClassifier,0.8032786885245902,0.03744626045227051
AdaBoostClassifier,0.7704918032786885,0.056632041931152344
XGBClassifier,0.8032786885245902,0.07917571067810059
LGBMClassifier,0.7704918032786885,0.18292903900146484
CatBoostClassifier,0.8032786885245902,0.09900999069213867
RadiusNeighborsClassifier,,
KNeighborsClassifier,0.8032786885245902,0.0005719661712646484
NearestCentroid,0.7704918032786885,0.0005109310150146484
QuadraticDiscriminantAnalysis,0.6885245901639344,0.0008990764617919922
LinearDiscriminantAnalysis,0.7868852459016393,0.0009360313415527344
GaussianNB,0.7213114754098361,0.0005519390106201172
BernoulliNB,0.7704918032786885,0.0011258125305175781
MLPClassifier,0.8360655737704918,8.838430881500244
ExtraTreeClassifier,0.7049180327868853,0.0033600330352783203
DecisionTreeClassifier,0.6885245901639344,0.0027878284454345703
LabelSpreading,0.7540983606557377,0.011271953582763672
LabelPropagation,0.7540983606557377,0.0011739730834960938
DummyClassifier,0.5901639344262295,9.799003601074219e-05
