classifier,score,time
SVC,0.9824561403508771,0.009229898452758789
SGDClassifier,0.956140350877193,0.0023131370544433594
RidgeClassifierCV,0.9385964912280702,0.28441882133483887
RidgeClassifier,0.9385964912280702,0.0029120445251464844
Perceptron,0.9736842105263158,0.0009779930114746094
PassiveAggressiveClassifier,0.956140350877193,0.0009162425994873047
LogisticRegressionCV,0.956140350877193,0.48152804374694824
LogisticRegression,0.9298245614035088,0.0013990402221679688
LinearSVC,0.9736842105263158,0.0011017322540283203
RandomForestClassifier,0.9736842105263158,0.14302492141723633
HistGradientBoostingClassifier,0.9824561403508771,0.6705522537231445
GradientBoostingClassifier,0.956140350877193,0.30074501037597656
ExtraTreesClassifier,0.956140350877193,0.03931093215942383
AdaBoostClassifier,0.956140350877193,0.1746070384979248
XGBClassifier,0.9649122807017544,0.07747888565063477
LGBMClassifier,0.9736842105263158,0.29850006103515625
CatBoostClassifier,0.9736842105263158,0.1630232334136963
RadiusNeighborsClassifier,,
KNeighborsClassifier,0.9824561403508771,0.0005309581756591797
NearestCentroid,0.8947368421052632,0.0005230903625488281
QuadraticDiscriminantAnalysis,0.956140350877193,0.015928030014038086
LinearDiscriminantAnalysis,0.9385964912280702,0.2691781520843506
GaussianNB,0.9210526315789473,0.0006310939788818359
BernoulliNB,0.6052631578947368,0.0006814002990722656
MLPClassifier,0.9473684210526315,5.384690046310425
ExtraTreeClassifier,0.9122807017543859,0.0024967193603515625
DecisionTreeClassifier,0.9210526315789473,0.0069239139556884766
LabelSpreading,0.9473684210526315,0.03225970268249512
LabelPropagation,0.9473684210526315,0.009274721145629883
DummyClassifier,0.6140350877192983,0.00011229515075683594
