classifier,score,time
SVC,,
SGDClassifier,,
RidgeClassifierCV,1.0,0.0009891986846923828
RidgeClassifier,1.0,0.0006990432739257812
Perceptron,,
PassiveAggressiveClassifier,,
LogisticRegressionCV,,
LogisticRegression,,
LinearSVC,,
RandomForestClassifier,1.0,0.0375669002532959
HistGradientBoostingClassifier,1.0,0.03209686279296875
GradientBoostingClassifier,,
ExtraTreesClassifier,1.0,0.02691817283630371
AdaBoostClassifier,1.0,0.0011372566223144531
XGBClassifier,1.0,0.024914026260375977
LGBMClassifier,1.0,0.0034818649291992188
CatBoostClassifier,,
RadiusNeighborsClassifier,1.0,0.0006377696990966797
KNeighborsClassifier,1.0,0.0004138946533203125
NearestCentroid,,
QuadraticDiscriminantAnalysis,,
LinearDiscriminantAnalysis,1.0,0.0006761550903320312
GaussianNB,1.0,0.00044989585876464844
BernoulliNB,1.0,0.0005009174346923828
MLPClassifier,1.0,0.06311988830566406
ExtraTreeClassifier,1.0,0.0004570484161376953
DecisionTreeClassifier,1.0,0.00039458274841308594
LabelSpreading,1.0,0.0006301403045654297
LabelPropagation,1.0,0.001766204833984375
DummyClassifier,1.0,0.000270843505859375
