classifier,score,time
SVC,0.935064935064935,0.002004861831665039
SGDClassifier,0.935064935064935,0.0010581016540527344
RidgeClassifierCV,0.935064935064935,0.2859649658203125
RidgeClassifier,0.935064935064935,0.01947808265686035
Perceptron,0.8831168831168831,0.0009899139404296875
PassiveAggressiveClassifier,0.922077922077922,0.0013670921325683594
LogisticRegressionCV,0.935064935064935,0.3629603385925293
LogisticRegression,0.935064935064935,0.03670907020568848
LinearSVC,0.935064935064935,0.0009317398071289062
RandomForestClassifier,0.935064935064935,0.07309412956237793
HistGradientBoostingClassifier,0.922077922077922,0.5183548927307129
GradientBoostingClassifier,0.9090909090909091,0.04962801933288574
ExtraTreesClassifier,0.935064935064935,0.03457999229431152
AdaBoostClassifier,0.9090909090909091,0.05608797073364258
XGBClassifier,0.935064935064935,0.07039380073547363
LGBMClassifier,0.935064935064935,0.22647404670715332
CatBoostClassifier,0.935064935064935,0.10033512115478516
RadiusNeighborsClassifier,,
KNeighborsClassifier,0.922077922077922,0.0005259513854980469
NearestCentroid,0.8441558441558441,0.0005409717559814453
QuadraticDiscriminantAnalysis,0.8441558441558441,0.008102893829345703
LinearDiscriminantAnalysis,0.935064935064935,0.2868180274963379
GaussianNB,0.8831168831168831,0.0006721019744873047
BernoulliNB,0.8441558441558441,0.0007970333099365234
MLPClassifier,0.935064935064935,3.1935737133026123
ExtraTreeClassifier,0.8831168831168831,0.002398967742919922
DecisionTreeClassifier,0.948051948051948,0.0026268959045410156
LabelSpreading,0.922077922077922,0.012588977813720703
LabelPropagation,0.9090909090909091,0.010961055755615234
DummyClassifier,0.7142857142857143,0.0001277923583984375
