classifier,score,time
SVC,0.9317073170731708,0.027106046676635742
SGDClassifier,0.8731707317073171,0.006575107574462891
RidgeClassifierCV,0.8926829268292683,0.3328588008880615
RidgeClassifier,0.8926829268292683,0.014234066009521484
Perceptron,0.8829268292682927,0.001783132553100586
PassiveAggressiveClassifier,0.8731707317073171,0.0027179718017578125
LogisticRegressionCV,0.9073170731707317,0.8616161346435547
LogisticRegression,0.8926829268292683,0.054788827896118164
LinearSVC,0.9024390243902439,0.009124994277954102
RandomForestClassifier,1.0,0.17170000076293945
HistGradientBoostingClassifier,1.0,1.5039939880371094
GradientBoostingClassifier,0.9658536585365853,0.21381306648254395
ExtraTreesClassifier,1.0,0.09662818908691406
AdaBoostClassifier,0.9317073170731708,0.13248896598815918
XGBClassifier,1.0,0.14009976387023926
LGBMClassifier,1.0,0.599517822265625
CatBoostClassifier,1.0,0.15895724296569824
RadiusNeighborsClassifier,,
KNeighborsClassifier,0.9121951219512195,0.0007905960083007812
NearestCentroid,0.8926829268292683,0.001024007797241211
QuadraticDiscriminantAnalysis,0.6829268292682927,0.06342315673828125
LinearDiscriminantAnalysis,0.8975609756097561,0.10937714576721191
GaussianNB,0.8731707317073171,0.00351715087890625
BernoulliNB,0.8731707317073171,0.0014519691467285156
MLPClassifier,1.0,20.010854244232178
ExtraTreeClassifier,1.0,0.001650094985961914
DecisionTreeClassifier,1.0,0.003437042236328125
LabelSpreading,1.0,0.030932903289794922
LabelPropagation,1.0,0.0255129337310791
DummyClassifier,0.5365853658536586,0.0003859996795654297
