classifier,score,time
SVC,1.0,0.016715049743652344
SGDClassifier,1.0,0.005650043487548828
RidgeClassifierCV,1.0,0.39078617095947266
RidgeClassifier,1.0,0.03085184097290039
Perceptron,1.0,0.005468130111694336
PassiveAggressiveClassifier,1.0,0.003025054931640625
LogisticRegressionCV,1.0,0.6512818336486816
LogisticRegression,1.0,0.08134794235229492
LinearSVC,1.0,0.01681804656982422
RandomForestClassifier,1.0,0.10528421401977539
HistGradientBoostingClassifier,1.0,1.152400255203247
GradientBoostingClassifier,1.0,0.14386200904846191
ExtraTreesClassifier,1.0,0.051393985748291016
AdaBoostClassifier,1.0,0.10079598426818848
XGBClassifier,1.0,0.1301729679107666
LGBMClassifier,1.0,0.36107707023620605
CatBoostClassifier,1.0,0.07346463203430176
RadiusNeighborsClassifier,1.0,0.0011191368103027344
KNeighborsClassifier,1.0,0.0010111331939697266
NearestCentroid,0.9576923076923077,0.0017879009246826172
QuadraticDiscriminantAnalysis,1.0,0.18069124221801758
LinearDiscriminantAnalysis,1.0,0.44824695587158203
GaussianNB,1.0,0.004197835922241211
BernoulliNB,1.0,0.18623995780944824
MLPClassifier,1.0,2.635394811630249
ExtraTreeClassifier,1.0,0.0011119842529296875
DecisionTreeClassifier,1.0,0.006207942962646484
LabelSpreading,1.0,0.042613983154296875
LabelPropagation,1.0,0.030410051345825195
DummyClassifier,0.5307692307692308,0.00013589859008789062
