classifier,score,time
SVC,0.6637168141592921,0.0035810470581054688
SGDClassifier,0.336283185840708,0.001772165298461914
RidgeClassifierCV,0.6637168141592921,0.1508629322052002
RidgeClassifier,0.6637168141592921,0.005831003189086914
Perceptron,0.6637168141592921,0.0008051395416259766
PassiveAggressiveClassifier,0.6637168141592921,0.0008640289306640625
LogisticRegressionCV,0.6637168141592921,0.1028280258178711
LogisticRegression,0.6637168141592921,0.012778997421264648
LinearSVC,0.6637168141592921,0.0008521080017089844
RandomForestClassifier,0.6283185840707964,0.09650826454162598
HistGradientBoostingClassifier,0.6548672566371682,0.35922718048095703
GradientBoostingClassifier,0.6637168141592921,0.04970097541809082
ExtraTreesClassifier,0.6017699115044248,0.047022104263305664
AdaBoostClassifier,0.6548672566371682,0.0561830997467041
XGBClassifier,0.584070796460177,0.0709381103515625
LGBMClassifier,,
CatBoostClassifier,0.6637168141592921,0.15241694450378418
RadiusNeighborsClassifier,,
KNeighborsClassifier,0.6106194690265486,0.0014522075653076172
NearestCentroid,0.6106194690265486,0.0005040168762207031
QuadraticDiscriminantAnalysis,0.6637168141592921,0.0009450912475585938
LinearDiscriminantAnalysis,0.6637168141592921,0.0009789466857910156
GaussianNB,0.34513274336283184,0.0005431175231933594
BernoulliNB,0.6637168141592921,0.0007269382476806641
MLPClassifier,0.6548672566371682,0.7736921310424805
ExtraTreeClassifier,0.5309734513274337,0.0019702911376953125
DecisionTreeClassifier,0.5575221238938053,0.002582073211669922
LabelSpreading,0.6460176991150443,0.008224010467529297
LabelPropagation,0.6460176991150443,0.004893064498901367
DummyClassifier,0.6637168141592921,0.00040435791015625
