classifier,score,time
SVC,,
SGDClassifier,,
RidgeClassifierCV,1.0,0.0034720897674560547
RidgeClassifier,1.0,0.000985860824584961
Perceptron,,
PassiveAggressiveClassifier,,
LogisticRegressionCV,,
LogisticRegression,,
LinearSVC,,
RandomForestClassifier,1.0,0.16015005111694336
HistGradientBoostingClassifier,1.0,0.04767179489135742
GradientBoostingClassifier,,
ExtraTreesClassifier,1.0,0.04531979560852051
AdaBoostClassifier,1.0,0.0013768672943115234
XGBClassifier,,
LGBMClassifier,1.0,0.0045528411865234375
CatBoostClassifier,,
RadiusNeighborsClassifier,1.0,0.0016148090362548828
KNeighborsClassifier,1.0,0.0014820098876953125
NearestCentroid,,
QuadraticDiscriminantAnalysis,,
LinearDiscriminantAnalysis,1.0,0.0009467601776123047
GaussianNB,1.0,0.0005257129669189453
BernoulliNB,1.0,0.0006480216979980469
MLPClassifier,1.0,1.019711971282959
ExtraTreeClassifier,1.0,0.0019381046295166016
DecisionTreeClassifier,1.0,0.0005359649658203125
LabelSpreading,1.0,0.9203109741210938
LabelPropagation,1.0,0.511167049407959
DummyClassifier,1.0,0.0002970695495605469
