classifier,score,time
SVC,0.959,0.2162179946899414
SGDClassifier,0.9595,0.006026029586791992
RidgeClassifierCV,0.937,0.2305281162261963
RidgeClassifier,0.937,0.02474188804626465
Perceptron,0.948,0.013478994369506836
PassiveAggressiveClassifier,0.955,0.010322809219360352
LogisticRegressionCV,0.961,0.3578000068664551
LogisticRegression,0.9625,0.03185009956359863
LinearSVC,0.9625,0.005997896194458008
RandomForestClassifier,0.972,0.3944063186645508
HistGradientBoostingClassifier,0.969,0.8345940113067627
GradientBoostingClassifier,0.973,0.49591994285583496
ExtraTreesClassifier,0.966,0.24199414253234863
AdaBoostClassifier,0.973,0.2707948684692383
XGBClassifier,0.966,0.17240214347839355
LGBMClassifier,0.972,0.37027812004089355
CatBoostClassifier,0.973,0.1836867332458496
RadiusNeighborsClassifier,,
KNeighborsClassifier,0.948,0.0010602474212646484
NearestCentroid,0.849,0.0011119842529296875
QuadraticDiscriminantAnalysis,0.0865,0.020958423614501953
LinearDiscriminantAnalysis,0.955,0.0807790756225586
GaussianNB,0.722,0.0031859874725341797
BernoulliNB,0.8875,0.2408592700958252
MLPClassifier,0.968,15.440534830093384
ExtraTreeClassifier,0.94,0.0030128955841064453
DecisionTreeClassifier,0.95,0.020160913467407227
LabelSpreading,0.945,1.002898931503296
LabelPropagation,0.9455,0.5966658592224121
DummyClassifier,0.914,0.00028395652770996094
