classifier,score,time
SVC,0.7777777777777778,0.0020749568939208984
SGDClassifier,0.7222222222222222,0.0012340545654296875
RidgeClassifierCV,0.8333333333333334,0.0024149417877197266
RidgeClassifier,0.8148148148148148,0.0013141632080078125
Perceptron,0.8333333333333334,0.0009827613830566406
PassiveAggressiveClassifier,0.7222222222222222,0.000782012939453125
LogisticRegressionCV,0.8333333333333334,0.037071943283081055
LogisticRegression,0.8148148148148148,0.0018138885498046875
LinearSVC,0.8148148148148148,0.0009572505950927734
RandomForestClassifier,0.8148148148148148,0.05787205696105957
HistGradientBoostingClassifier,0.7592592592592593,0.2618381977081299
GradientBoostingClassifier,0.7777777777777778,0.06838393211364746
ExtraTreesClassifier,0.7592592592592593,0.05452108383178711
AdaBoostClassifier,0.7962962962962963,0.07399678230285645
XGBClassifier,0.8148148148148148,0.06353592872619629
LGBMClassifier,0.7592592592592593,0.17760992050170898
CatBoostClassifier,0.8333333333333334,0.10748124122619629
RadiusNeighborsClassifier,,
KNeighborsClassifier,0.8333333333333334,0.0009510517120361328
NearestCentroid,0.8518518518518519,0.0005397796630859375
QuadraticDiscriminantAnalysis,0.6296296296296297,0.0008840560913085938
LinearDiscriminantAnalysis,0.8148148148148148,0.0015499591827392578
GaussianNB,0.8333333333333334,0.0006861686706542969
BernoulliNB,0.8703703703703703,0.0007979869842529297
MLPClassifier,0.7777777777777778,5.823440074920654
ExtraTreeClassifier,0.7222222222222222,0.0019059181213378906
DecisionTreeClassifier,0.7037037037037037,0.0012989044189453125
LabelSpreading,0.7222222222222222,0.020451068878173828
LabelPropagation,0.7222222222222222,0.005672931671142578
DummyClassifier,0.5,0.00011992454528808594
