classifier,score,time
SVC,0.8524590163934426,0.001657724380493164
SGDClassifier,0.7868852459016393,0.0009109973907470703
RidgeClassifierCV,0.8852459016393442,0.0012929439544677734
RidgeClassifier,0.8852459016393442,0.0008268356323242188
Perceptron,0.8360655737704918,0.00067901611328125
PassiveAggressiveClassifier,0.6065573770491803,0.0006871223449707031
LogisticRegressionCV,0.8688524590163934,0.029143095016479492
LogisticRegression,0.8688524590163934,0.0013849735260009766
LinearSVC,0.8852459016393442,0.0007200241088867188
RandomForestClassifier,0.8360655737704918,0.04759931564331055
HistGradientBoostingClassifier,0.8032786885245902,0.2095942497253418
GradientBoostingClassifier,0.8032786885245902,0.051361799240112305
ExtraTreesClassifier,0.7868852459016393,0.03638315200805664
AdaBoostClassifier,0.8032786885245902,0.05578970909118652
XGBClassifier,0.8032786885245902,0.06880521774291992
LGBMClassifier,0.8032786885245902,0.15296578407287598
CatBoostClassifier,0.8360655737704918,0.150709867477417
RadiusNeighborsClassifier,,
KNeighborsClassifier,0.8360655737704918,0.0015110969543457031
NearestCentroid,0.8524590163934426,0.0005848407745361328
QuadraticDiscriminantAnalysis,0.45901639344262296,0.0065460205078125
LinearDiscriminantAnalysis,0.9016393442622951,0.0010662078857421875
GaussianNB,0.7213114754098361,0.0005590915679931641
BernoulliNB,0.819672131147541,0.0007398128509521484
MLPClassifier,0.7868852459016393,0.9880077838897705
ExtraTreeClassifier,0.7213114754098361,0.0006830692291259766
DecisionTreeClassifier,0.8032786885245902,0.0009360313415527344
LabelSpreading,0.7868852459016393,0.0013852119445800781
LabelPropagation,0.7868852459016393,0.0016260147094726562
DummyClassifier,0.639344262295082,8.392333984375e-05
