classifier,score,time
SVC,0.922077922077922,0.001912832260131836
SGDClassifier,0.9090909090909091,0.001069784164428711
RidgeClassifierCV,0.948051948051948,0.27075910568237305
RidgeClassifier,0.948051948051948,0.0011868476867675781
Perceptron,0.922077922077922,0.0009491443634033203
PassiveAggressiveClassifier,0.9090909090909091,0.0012979507446289062
LogisticRegressionCV,0.922077922077922,0.1691908836364746
LogisticRegression,0.935064935064935,0.004667997360229492
LinearSVC,0.9090909090909091,0.0008509159088134766
RandomForestClassifier,0.935064935064935,0.06813406944274902
HistGradientBoostingClassifier,0.922077922077922,0.3677973747253418
GradientBoostingClassifier,0.9090909090909091,0.04833507537841797
ExtraTreesClassifier,0.935064935064935,0.03485584259033203
AdaBoostClassifier,0.948051948051948,0.05542421340942383
XGBClassifier,0.948051948051948,0.0627598762512207
LGBMClassifier,0.935064935064935,0.23320603370666504
CatBoostClassifier,0.922077922077922,0.15691304206848145
RadiusNeighborsClassifier,,
KNeighborsClassifier,0.8701298701298701,0.019771814346313477
NearestCentroid,0.8181818181818182,0.0005838871002197266
QuadraticDiscriminantAnalysis,0.8831168831168831,0.0024421215057373047
LinearDiscriminantAnalysis,0.948051948051948,0.2689337730407715
GaussianNB,0.922077922077922,0.0006737709045410156
BernoulliNB,0.8311688311688312,0.0008490085601806641
MLPClassifier,0.9090909090909091,0.6004559993743896
ExtraTreeClassifier,0.8571428571428571,0.0006761550903320312
DecisionTreeClassifier,0.8961038961038961,0.0008809566497802734
LabelSpreading,0.8961038961038961,0.0017790794372558594
LabelPropagation,0.8961038961038961,0.003766775131225586
DummyClassifier,0.7532467532467533,0.0002770423889160156
