classifier,score,time
SVC,0.9016393442622951,0.002385854721069336
SGDClassifier,0.7377049180327869,0.001605987548828125
RidgeClassifierCV,0.9016393442622951,0.0024657249450683594
RidgeClassifier,0.8852459016393442,0.0011599063873291016
Perceptron,0.8524590163934426,0.0009837150573730469
PassiveAggressiveClassifier,0.8524590163934426,0.0008509159088134766
LogisticRegressionCV,0.8524590163934426,0.04365897178649902
LogisticRegression,0.9016393442622951,0.002008199691772461
LinearSVC,0.8688524590163934,0.001199960708618164
RandomForestClassifier,0.8688524590163934,0.06444191932678223
HistGradientBoostingClassifier,0.7540983606557377,0.417431116104126
GradientBoostingClassifier,0.819672131147541,0.08995676040649414
ExtraTreesClassifier,0.8360655737704918,0.06357598304748535
AdaBoostClassifier,0.7213114754098361,0.09614229202270508
XGBClassifier,0.7704918032786885,0.13837289810180664
LGBMClassifier,0.7540983606557377,0.21756887435913086
CatBoostClassifier,0.8524590163934426,0.15132689476013184
RadiusNeighborsClassifier,,
KNeighborsClassifier,0.9016393442622951,0.0009050369262695312
NearestCentroid,0.8524590163934426,0.0008251667022705078
QuadraticDiscriminantAnalysis,0.5573770491803278,0.0014548301696777344
LinearDiscriminantAnalysis,0.8688524590163934,0.0015912055969238281
GaussianNB,0.7868852459016393,0.0009562969207763672
BernoulliNB,0.8688524590163934,0.0012269020080566406
MLPClassifier,0.8688524590163934,8.51539421081543
ExtraTreeClassifier,0.8688524590163934,0.0020329952239990234
DecisionTreeClassifier,0.7049180327868853,0.002553224563598633
LabelSpreading,0.8032786885245902,0.005846977233886719
LabelPropagation,0.8032786885245902,0.014484167098999023
DummyClassifier,0.5573770491803278,0.0002090930938720703
