classifier,score,time
SVC,0.819672131147541,0.0016880035400390625
SGDClassifier,0.819672131147541,0.001049041748046875
RidgeClassifierCV,0.8360655737704918,0.0012319087982177734
RidgeClassifier,0.8524590163934426,0.0008282661437988281
Perceptron,0.8688524590163934,0.000720977783203125
PassiveAggressiveClassifier,0.8360655737704918,0.0008230209350585938
LogisticRegressionCV,0.8524590163934426,0.05327892303466797
LogisticRegression,0.8360655737704918,0.0014269351959228516
LinearSVC,0.8688524590163934,0.0007269382476806641
RandomForestClassifier,0.8524590163934426,0.04696798324584961
HistGradientBoostingClassifier,0.8524590163934426,0.3975348472595215
GradientBoostingClassifier,0.8032786885245902,0.052237749099731445
ExtraTreesClassifier,0.8524590163934426,0.036647796630859375
AdaBoostClassifier,0.819672131147541,0.05640912055969238
XGBClassifier,0.8524590163934426,0.11333608627319336
LGBMClassifier,0.819672131147541,0.1947932243347168
CatBoostClassifier,0.8524590163934426,0.09478974342346191
RadiusNeighborsClassifier,,
KNeighborsClassifier,0.8524590163934426,0.0006740093231201172
NearestCentroid,0.819672131147541,0.0005328655242919922
QuadraticDiscriminantAnalysis,0.7704918032786885,0.0008461475372314453
LinearDiscriminantAnalysis,0.8524590163934426,0.0017888545989990234
GaussianNB,0.8032786885245902,0.0010802745819091797
BernoulliNB,0.8360655737704918,0.0007200241088867188
MLPClassifier,0.8524590163934426,7.297522068023682
ExtraTreeClassifier,0.7540983606557377,0.0006463527679443359
DecisionTreeClassifier,0.7868852459016393,0.0010218620300292969
LabelSpreading,0.7377049180327869,0.0013828277587890625
LabelPropagation,0.7377049180327869,0.007831096649169922
DummyClassifier,0.6065573770491803,0.00013113021850585938
