classifier,score,time
SVC,0.9047619047619048,0.0007338523864746094
SGDClassifier,0.9047619047619048,0.0006291866302490234
RidgeClassifierCV,0.9047619047619048,0.0013089179992675781
RidgeClassifier,0.9047619047619048,0.0008461475372314453
Perceptron,0.9047619047619048,0.0006608963012695312
PassiveAggressiveClassifier,0.8095238095238095,0.0006198883056640625
LogisticRegressionCV,0.9047619047619048,0.04111289978027344
LogisticRegression,0.9047619047619048,0.0010807514190673828
LinearSVC,0.9047619047619048,0.0006227493286132812
RandomForestClassifier,0.9047619047619048,0.041224002838134766
HistGradientBoostingClassifier,0.8571428571428571,0.09285712242126465
GradientBoostingClassifier,0.7619047619047619,0.0468599796295166
ExtraTreesClassifier,0.8571428571428571,0.029515981674194336
AdaBoostClassifier,0.9047619047619048,0.052722930908203125
XGBClassifier,0.8095238095238095,0.054635047912597656
LGBMClassifier,,
CatBoostClassifier,0.9047619047619048,0.1590561866760254
RadiusNeighborsClassifier,,
KNeighborsClassifier,0.8095238095238095,0.0005280971527099609
NearestCentroid,0.5714285714285714,0.0005640983581542969
QuadraticDiscriminantAnalysis,0.9047619047619048,0.002167224884033203
LinearDiscriminantAnalysis,0.8571428571428571,0.0009500980377197266
GaussianNB,0.42857142857142855,0.0005478858947753906
BernoulliNB,0.8095238095238095,0.0007071495056152344
MLPClassifier,0.8095238095238095,0.43126988410949707
ExtraTreeClassifier,0.7142857142857143,0.0005781650543212891
DecisionTreeClassifier,0.8571428571428571,0.0007669925689697266
LabelSpreading,0.7619047619047619,0.0006558895111083984
LabelPropagation,0.7619047619047619,0.0005488395690917969
DummyClassifier,0.9047619047619048,8.20159912109375e-05
