classifier,score,time
SVC,0.985,1.7734527587890625
SGDClassifier,0.9975,0.07255101203918457
RidgeClassifierCV,1.0,3.698521852493286
RidgeClassifier,1.0,0.5679101943969727
Perceptron,0.995,0.1142570972442627
PassiveAggressiveClassifier,1.0,0.16819214820861816
LogisticRegressionCV,1.0,4.87125301361084
LogisticRegression,0.99,0.3844289779663086
LinearSVC,1.0,0.057311058044433594
RandomForestClassifier,0.995,0.5655019283294678
HistGradientBoostingClassifier,0.895,8.46794080734253
GradientBoostingClassifier,0.9875,2.042572021484375
ExtraTreesClassifier,1.0,0.5918412208557129
AdaBoostClassifier,1.0,1.3332438468933105
XGBClassifier,,
LGBMClassifier,,
CatBoostClassifier,1.0,0.4106149673461914
RadiusNeighborsClassifier,,
KNeighborsClassifier,0.935,0.014474868774414062
NearestCentroid,0.6725,0.0278012752532959
QuadraticDiscriminantAnalysis,0.6975,19.07063913345337
LinearDiscriminantAnalysis,0.765,13.300504684448242
GaussianNB,0.985,0.10892701148986816
BernoulliNB,0.9975,0.07755112648010254
MLPClassifier,1.0,21.264867067337036
ExtraTreeClassifier,0.97,0.04582715034484863
DecisionTreeClassifier,1.0,0.2325000762939453
LabelSpreading,0.905,0.27390265464782715
LabelPropagation,0.91,0.18572187423706055
DummyClassifier,0.83,0.0009138584136962891
