classifier,score,time
SVC,0.8360655737704918,0.0016703605651855469
SGDClassifier,0.7213114754098361,0.0008070468902587891
RidgeClassifierCV,0.8032786885245902,0.0013828277587890625
RidgeClassifier,0.8032786885245902,0.0008668899536132812
Perceptron,0.819672131147541,0.0008769035339355469
PassiveAggressiveClassifier,0.6229508196721312,0.0006880760192871094
LogisticRegressionCV,0.8032786885245902,0.030988693237304688
LogisticRegression,0.8032786885245902,0.0015218257904052734
LinearSVC,0.7868852459016393,0.0007522106170654297
RandomForestClassifier,0.819672131147541,0.04637408256530762
HistGradientBoostingClassifier,0.819672131147541,0.20226597785949707
GradientBoostingClassifier,0.7704918032786885,0.052231788635253906
ExtraTreesClassifier,0.819672131147541,0.03640913963317871
AdaBoostClassifier,0.7213114754098361,0.054862022399902344
XGBClassifier,0.7540983606557377,0.06647396087646484
LGBMClassifier,0.7540983606557377,0.17536497116088867
CatBoostClassifier,0.819672131147541,0.15256285667419434
RadiusNeighborsClassifier,,
KNeighborsClassifier,0.819672131147541,0.0009500980377197266
NearestCentroid,0.8688524590163934,0.0004930496215820312
QuadraticDiscriminantAnalysis,0.5409836065573771,0.0010898113250732422
LinearDiscriminantAnalysis,0.7868852459016393,0.0009920597076416016
GaussianNB,0.7377049180327869,0.0005428791046142578
BernoulliNB,0.8688524590163934,0.0007300376892089844
MLPClassifier,0.8032786885245902,2.3783068656921387
ExtraTreeClassifier,0.7868852459016393,0.0006771087646484375
DecisionTreeClassifier,0.7868852459016393,0.0009636878967285156
LabelSpreading,0.7868852459016393,0.0020422935485839844
LabelPropagation,0.7868852459016393,0.0009560585021972656
DummyClassifier,0.45901639344262296,8.702278137207031e-05
