classifier,score,time
SVC,0.8333333333333334,0.0007109642028808594
SGDClassifier,0.75,0.0006082057952880859
RidgeClassifierCV,0.8333333333333334,0.0012469291687011719
RidgeClassifier,0.8333333333333334,0.0008618831634521484
Perceptron,0.8333333333333334,0.0006380081176757812
PassiveAggressiveClassifier,0.8333333333333334,0.0005800724029541016
LogisticRegressionCV,0.8333333333333334,0.020895004272460938
LogisticRegression,0.8333333333333334,0.0007481575012207031
LinearSVC,0.8333333333333334,0.0004930496215820312
RandomForestClassifier,0.6666666666666666,0.042849063873291016
HistGradientBoostingClassifier,0.8333333333333334,0.12369608879089355
GradientBoostingClassifier,0.6666666666666666,0.12285804748535156
ExtraTreesClassifier,0.6666666666666666,0.10619115829467773
AdaBoostClassifier,0.6666666666666666,0.060128211975097656
XGBClassifier,0.6666666666666666,0.06543111801147461
LGBMClassifier,0.8333333333333334,0.023994922637939453
CatBoostClassifier,0.8333333333333334,0.06792187690734863
RadiusNeighborsClassifier,0.3333333333333333,0.0007791519165039062
KNeighborsClassifier,0.8333333333333334,0.00045800209045410156
NearestCentroid,0.8333333333333334,0.0004410743713378906
QuadraticDiscriminantAnalysis,0.8333333333333334,0.0017039775848388672
LinearDiscriminantAnalysis,0.8333333333333334,0.0014138221740722656
GaussianNB,0.8333333333333334,0.0034592151641845703
BernoulliNB,0.3333333333333333,0.0016489028930664062
MLPClassifier,0.8333333333333334,0.2301323413848877
ExtraTreeClassifier,0.6666666666666666,0.0005970001220703125
DecisionTreeClassifier,0.6666666666666666,0.0005099773406982422
LabelSpreading,0.8333333333333334,0.0005321502685546875
LabelPropagation,0.8333333333333334,0.0005829334259033203
DummyClassifier,0.3333333333333333,8.702278137207031e-05
