classifier,score,time
SVC,0.85,0.05079293251037598
SGDClassifier,0.855,0.00834202766418457
RidgeClassifierCV,0.855,0.3510310649871826
RidgeClassifier,0.855,0.010018110275268555
Perceptron,0.355,0.0014410018920898438
PassiveAggressiveClassifier,0.8125,0.003632783889770508
LogisticRegressionCV,0.85,4.8616108894348145
LogisticRegression,0.855,0.35660481452941895
LinearSVC,0.855,0.007078886032104492
RandomForestClassifier,0.865,0.23621129989624023
HistGradientBoostingClassifier,0.855,1.0065209865570068
GradientBoostingClassifier,0.85,0.21785712242126465
ExtraTreesClassifier,0.855,0.09809279441833496
AdaBoostClassifier,0.845,0.11864018440246582
XGBClassifier,0.855,0.19591379165649414
LGBMClassifier,0.8475,0.36409902572631836
CatBoostClassifier,0.8575,0.12537384033203125
RadiusNeighborsClassifier,,
KNeighborsClassifier,0.8325,0.0008530616760253906
NearestCentroid,0.655,0.0010018348693847656
QuadraticDiscriminantAnalysis,0.64,0.013341903686523438
LinearDiscriminantAnalysis,0.85,0.09585809707641602
GaussianNB,0.8275,0.0008537769317626953
BernoulliNB,0.825,0.000982046127319336
MLPClassifier,0.8375,69.79852414131165
ExtraTreeClassifier,0.775,0.0047588348388671875
DecisionTreeClassifier,0.755,0.00824594497680664
LabelSpreading,0.84,0.13681411743164062
LabelPropagation,0.835,0.03146696090698242
DummyClassifier,0.85,0.00025391578674316406
