classifier,score,time
SVC,0.8852459016393442,0.0021178722381591797
SGDClassifier,0.8524590163934426,0.002629995346069336
RidgeClassifierCV,0.8852459016393442,0.004734992980957031
RidgeClassifier,0.9016393442622951,0.0009679794311523438
Perceptron,0.9344262295081968,0.0007328987121582031
PassiveAggressiveClassifier,0.8688524590163934,0.00063323974609375
LogisticRegressionCV,0.9016393442622951,0.0486912727355957
LogisticRegression,0.8852459016393442,0.0020411014556884766
LinearSVC,0.9016393442622951,0.0008399486541748047
RandomForestClassifier,0.9180327868852459,0.050209999084472656
HistGradientBoostingClassifier,0.9508196721311475,0.26305723190307617
GradientBoostingClassifier,0.9180327868852459,0.05291295051574707
ExtraTreesClassifier,0.8688524590163934,0.03771519660949707
AdaBoostClassifier,0.8524590163934426,0.05812478065490723
XGBClassifier,0.9180327868852459,0.07810187339782715
LGBMClassifier,0.9508196721311475,0.18706583976745605
CatBoostClassifier,0.9180327868852459,0.10033106803894043
RadiusNeighborsClassifier,,
KNeighborsClassifier,0.8852459016393442,0.0005409717559814453
NearestCentroid,0.8688524590163934,0.0005319118499755859
QuadraticDiscriminantAnalysis,0.7704918032786885,0.0009000301361083984
LinearDiscriminantAnalysis,0.9016393442622951,0.0009648799896240234
GaussianNB,0.9016393442622951,0.0005559921264648438
BernoulliNB,0.8688524590163934,0.0007090568542480469
MLPClassifier,0.8852459016393442,7.083842992782593
ExtraTreeClassifier,0.8032786885245902,0.0006489753723144531
DecisionTreeClassifier,0.7540983606557377,0.0009748935699462891
LabelSpreading,0.8360655737704918,0.008573055267333984
LabelPropagation,0.8360655737704918,0.009511232376098633
DummyClassifier,0.6065573770491803,0.00020194053649902344
