classifier,score,time
SVC,0.6515,1.4124631881713867
SGDClassifier,0.64,0.024689912796020508
RidgeClassifierCV,0.661,0.15189099311828613
RidgeClassifier,0.652,0.07772970199584961
Perceptron,0.541,0.009354352951049805
PassiveAggressiveClassifier,0.638,0.004147052764892578
LogisticRegressionCV,0.7135,0.7574899196624756
LogisticRegression,0.65,0.014711141586303711
LinearSVC,0.653,0.025634050369262695
RandomForestClassifier,0.7265,0.7904729843139648
HistGradientBoostingClassifier,0.737,0.7236802577972412
GradientBoostingClassifier,0.74,1.0204288959503174
ExtraTreesClassifier,0.7225,0.46301913261413574
AdaBoostClassifier,0.74,0.4351677894592285
XGBClassifier,0.7195,0.09134411811828613
LGBMClassifier,0.731,0.41301417350769043
CatBoostClassifier,0.734,0.2912471294403076
RadiusNeighborsClassifier,,
KNeighborsClassifier,0.5915,0.0010309219360351562
NearestCentroid,0.6135,0.0012552738189697266
QuadraticDiscriminantAnalysis,0.624,0.006948709487915039
LinearDiscriminantAnalysis,0.6865,0.056130170822143555
GaussianNB,0.6185,0.004839897155761719
BernoulliNB,0.612,0.24927377700805664
MLPClassifier,0.668,6.350171089172363
ExtraTreeClassifier,0.6265,0.010396957397460938
DecisionTreeClassifier,0.648,0.06608104705810547
LabelSpreading,0.6245,1.0361149311065674
LabelPropagation,0.6245,0.5542590618133545
DummyClassifier,0.516,0.0003008842468261719
