classifier,score,time
SVC,0.987,0.06777596473693848
SGDClassifier,0.982,0.0023627281188964844
RidgeClassifierCV,0.982,0.030305147171020508
RidgeClassifier,0.9815,0.006855010986328125
Perceptron,0.986,0.0052950382232666016
PassiveAggressiveClassifier,0.986,0.0022699832916259766
LogisticRegressionCV,0.9855,0.33829593658447266
LogisticRegression,0.982,0.01312708854675293
LinearSVC,0.984,0.0052449703216552734
RandomForestClassifier,0.9875,0.5036568641662598
HistGradientBoostingClassifier,0.9875,0.7324888706207275
GradientBoostingClassifier,0.988,0.5632688999176025
ExtraTreesClassifier,0.9875,0.15963196754455566
AdaBoostClassifier,0.9865,0.2750818729400635
XGBClassifier,0.989,0.06890201568603516
LGBMClassifier,0.988,0.38384103775024414
CatBoostClassifier,0.985,0.1630997657775879
RadiusNeighborsClassifier,0.9805,0.0025129318237304688
KNeighborsClassifier,0.9835,0.002354860305786133
NearestCentroid,0.6035,0.0011649131774902344
QuadraticDiscriminantAnalysis,0.966,0.0019190311431884766
LinearDiscriminantAnalysis,0.9795,0.024418115615844727
GaussianNB,0.96,0.0010578632354736328
BernoulliNB,0.9805,0.0281679630279541
MLPClassifier,0.9885,3.314429998397827
ExtraTreeClassifier,0.979,0.0017039775848388672
DecisionTreeClassifier,0.984,0.0207059383392334
LabelSpreading,0.9805,1.2153658866882324
LabelPropagation,0.9805,0.5878481864929199
DummyClassifier,0.9805,0.00027489662170410156
