classifier,score,time
SVC,0.8333333333333334,0.0014619827270507812
SGDClassifier,0.8518518518518519,0.0010030269622802734
RidgeClassifierCV,0.8518518518518519,0.0012669563293457031
RidgeClassifier,0.8703703703703703,0.0008246898651123047
Perceptron,0.8148148148148148,0.0007190704345703125
PassiveAggressiveClassifier,0.8703703703703703,0.0005681514739990234
LogisticRegressionCV,0.8518518518518519,0.030436038970947266
LogisticRegression,0.8518518518518519,0.0015673637390136719
LinearSVC,0.8518518518518519,0.0007572174072265625
RandomForestClassifier,0.8333333333333334,0.04585409164428711
HistGradientBoostingClassifier,0.8333333333333334,0.20481586456298828
GradientBoostingClassifier,0.7962962962962963,0.04976320266723633
ExtraTreesClassifier,0.7777777777777778,0.03582906723022461
AdaBoostClassifier,0.8703703703703703,0.05412626266479492
XGBClassifier,0.8703703703703703,0.0725548267364502
LGBMClassifier,0.7962962962962963,0.17396879196166992
CatBoostClassifier,0.8518518518518519,0.15587186813354492
RadiusNeighborsClassifier,,
KNeighborsClassifier,0.8518518518518519,0.001461029052734375
NearestCentroid,0.8333333333333334,0.0005152225494384766
QuadraticDiscriminantAnalysis,0.6851851851851852,0.0009868144989013672
LinearDiscriminantAnalysis,0.8518518518518519,0.0009310245513916016
GaussianNB,0.8888888888888888,0.0005490779876708984
BernoulliNB,0.8333333333333334,0.0007262229919433594
MLPClassifier,0.8148148148148148,0.6239442825317383
ExtraTreeClassifier,0.7407407407407407,0.0006229877471923828
DecisionTreeClassifier,0.7222222222222222,0.0009272098541259766
LabelSpreading,0.7962962962962963,0.0012068748474121094
LabelPropagation,0.7777777777777778,0.0008020401000976562
DummyClassifier,0.6481481481481481,8.511543273925781e-05
