classifier,score,time
SVC,,
SGDClassifier,,
RidgeClassifierCV,1.0,0.2701699733734131
RidgeClassifier,1.0,0.0068738460540771484
Perceptron,,
PassiveAggressiveClassifier,,
LogisticRegressionCV,,
LogisticRegression,,
LinearSVC,,
RandomForestClassifier,1.0,0.055914878845214844
HistGradientBoostingClassifier,1.0,0.054776906967163086
GradientBoostingClassifier,,
ExtraTreesClassifier,1.0,0.027795791625976562
AdaBoostClassifier,1.0,0.0012102127075195312
XGBClassifier,1.0,0.05658316612243652
LGBMClassifier,1.0,0.004421710968017578
CatBoostClassifier,,
RadiusNeighborsClassifier,1.0,0.0006680488586425781
KNeighborsClassifier,1.0,0.0007410049438476562
NearestCentroid,,
QuadraticDiscriminantAnalysis,,
LinearDiscriminantAnalysis,1.0,0.0013477802276611328
GaussianNB,1.0,0.0005629062652587891
BernoulliNB,1.0,0.024404287338256836
MLPClassifier,1.0,0.34391117095947266
ExtraTreeClassifier,1.0,0.0005559921264648438
DecisionTreeClassifier,1.0,0.00046706199645996094
LabelSpreading,1.0,0.0026721954345703125
LabelPropagation,1.0,0.0060880184173583984
DummyClassifier,1.0,0.0002970695495605469
