classifier,score,time
SVC,1.0,0.01627492904663086
SGDClassifier,1.0,0.003520965576171875
RidgeClassifierCV,1.0,0.5252487659454346
RidgeClassifier,1.0,0.12582802772521973
Perceptron,1.0,0.003287076950073242
PassiveAggressiveClassifier,1.0,0.007389068603515625
LogisticRegressionCV,1.0,0.9352750778198242
LogisticRegression,1.0,0.026852130889892578
LinearSVC,1.0,0.005233049392700195
RandomForestClassifier,1.0,0.11559081077575684
HistGradientBoostingClassifier,1.0,0.4520728588104248
GradientBoostingClassifier,1.0,0.1078641414642334
ExtraTreesClassifier,1.0,0.0674130916595459
AdaBoostClassifier,1.0,0.0035889148712158203
XGBClassifier,1.0,0.06615304946899414
LGBMClassifier,1.0,0.13979601860046387
CatBoostClassifier,1.0,0.15062880516052246
RadiusNeighborsClassifier,,
KNeighborsClassifier,0.9975,0.002257108688354492
NearestCentroid,1.0,0.002346038818359375
QuadraticDiscriminantAnalysis,1.0,0.1939699649810791
LinearDiscriminantAnalysis,0.915,0.4639134407043457
GaussianNB,1.0,0.015378952026367188
BernoulliNB,1.0,0.036309003829956055
MLPClassifier,1.0,4.207098007202148
ExtraTreeClassifier,1.0,0.0032019615173339844
DecisionTreeClassifier,1.0,0.0021240711212158203
LabelSpreading,0.9975,0.044393062591552734
LabelPropagation,0.9975,0.04109501838684082
DummyClassifier,0.63,0.00045299530029296875
