classifier,score,time
SVC,0.8575,0.1043999195098877
SGDClassifier,0.855,0.013556957244873047
RidgeClassifierCV,0.855,0.24765324592590332
RidgeClassifier,0.855,0.03492879867553711
Perceptron,0.7625,0.004119873046875
PassiveAggressiveClassifier,0.8425,0.0027878284454345703
LogisticRegressionCV,0.865,1.1371681690216064
LogisticRegression,0.865,0.06103396415710449
LinearSVC,0.8575,0.006550788879394531
RandomForestClassifier,0.8625,0.28738880157470703
HistGradientBoostingClassifier,0.835,1.461676836013794
GradientBoostingClassifier,0.8475,0.3354661464691162
ExtraTreesClassifier,0.83,0.12467408180236816
AdaBoostClassifier,0.835,0.13778090476989746
XGBClassifier,0.8175,0.12031698226928711
LGBMClassifier,0.8325,0.5639867782592773
CatBoostClassifier,0.86,0.16106820106506348
RadiusNeighborsClassifier,,
KNeighborsClassifier,0.82,0.0009181499481201172
NearestCentroid,0.6475,0.0019290447235107422
QuadraticDiscriminantAnalysis,0.7125,0.006111860275268555
LinearDiscriminantAnalysis,0.86,0.01763606071472168
GaussianNB,0.84,0.004355192184448242
BernoulliNB,0.83,0.004086017608642578
MLPClassifier,0.855,29.932657957077026
ExtraTreeClassifier,0.7875,0.0034036636352539062
DecisionTreeClassifier,0.785,0.013809919357299805
LabelSpreading,0.8425,0.06845712661743164
LabelPropagation,0.84,0.052950143814086914
DummyClassifier,0.8575,0.0004191398620605469
