classifier,score,time
SVC,0.8852459016393442,0.0016851425170898438
SGDClassifier,0.7868852459016393,0.0007491111755371094
RidgeClassifierCV,0.8524590163934426,0.0013058185577392578
RidgeClassifier,0.8688524590163934,0.0008420944213867188
Perceptron,0.7704918032786885,0.0007092952728271484
PassiveAggressiveClassifier,0.7868852459016393,0.0006437301635742188
LogisticRegressionCV,0.819672131147541,0.03322887420654297
LogisticRegression,0.8524590163934426,0.0013852119445800781
LinearSVC,0.8688524590163934,0.0007758140563964844
RandomForestClassifier,0.8032786885245902,0.04790186882019043
HistGradientBoostingClassifier,0.8032786885245902,0.34473395347595215
GradientBoostingClassifier,0.8524590163934426,0.05666995048522949
ExtraTreesClassifier,0.819672131147541,0.040387630462646484
AdaBoostClassifier,0.7540983606557377,0.05948925018310547
XGBClassifier,0.7540983606557377,0.07279205322265625
LGBMClassifier,0.819672131147541,0.17998099327087402
CatBoostClassifier,0.7868852459016393,0.15751194953918457
RadiusNeighborsClassifier,,
KNeighborsClassifier,0.8688524590163934,0.0022029876708984375
NearestCentroid,0.8032786885245902,0.00048470497131347656
QuadraticDiscriminantAnalysis,0.5901639344262295,0.0010607242584228516
LinearDiscriminantAnalysis,0.8688524590163934,0.0009889602661132812
GaussianNB,0.6229508196721312,0.0005412101745605469
BernoulliNB,0.819672131147541,0.0007569789886474609
MLPClassifier,0.7377049180327869,1.2816569805145264
ExtraTreeClassifier,0.6065573770491803,0.0007150173187255859
DecisionTreeClassifier,0.7213114754098361,0.0009610652923583984
LabelSpreading,0.7049180327868853,0.003415822982788086
LabelPropagation,0.7049180327868853,0.002293825149536133
DummyClassifier,0.5737704918032787,0.00011205673217773438
